env,id,block,position,row,col,resp,cov1,cov2
WA_2018_1,123,1,1,1,4,19,24,23
WA_2018_1,29,1,2,1,3,21,24,23
WA_2018_1,162,1,3,1,2,21,24,23
WA_2018_1,201,1,4,1,1,24,24,23
WA_2018_1,126,1,5,2,4,20,24,23
WA_2018_1,191,1,6,2,3,23,24,23
WA_2018_1,159,1,7,2,2,24,24,23
WA_2018_1,139,1,8,2,1,23,24,23
WA_2018_1,77,1,9,3,4,20,24,23
WA_2018_1,69,1,10,3,3,29,24,23
WA_2018_1,121,1,11,3,2,24,24,23
WA_2018_1,84,1,12,3,1,23,24,23
WA_2018_1,133,1,13,4,4,24,24,23
WA_2018_1,125,1,14,4,3,20,24,23
WA_2018_1,202,1,15,4,2,23,24,23
WA_2018_1,32,1,16,4,1,23,24,23
WA_2018_1,37,1,17,5,4,22,24,23
WA_2018_1,13,1,18,5,3,23,24,23
WA_2018_1,116,1,19,5,2,23,24,23
WA_2018_1,164,1,20,5,1,24,24,23
WA_2018_1,35,2,1,6,4,21,24,25
WA_2018_1,146,2,2,6,3,26,24,25
WA_2018_1,43,2,3,6,2,23,24,25
WA_2018_1,24,2,4,6,1,23,24,25
WA_2018_1,202,2,5,7,4,25,24,25
WA_2018_1,104,2,6,7,3,24,24,25
WA_2018_1,76,2,7,7,2,24,24,25
WA_2018_1,107,2,8,7,1,25,24,25
WA_2018_1,158,2,9,8,4,21,24,25
WA_2018_1,195,2,10,8,3,24,24,25
WA_2018_1,78,2,11,8,2,23,24,25
WA_2018_1,3,2,12,8,1,30,24,25
WA_2018_1,82,2,13,9,4,25,24,25
WA_2018_1,201,2,14,9,3,24,24,25
WA_2018_1,34,2,15,9,2,23,24,25
WA_2018_1,156,2,16,9,1,27,24,25
WA_2018_1,6,2,17,10,4,29,24,25
WA_2018_1,52,2,18,10,3,19,24,25
WA_2018_1,90,2,19,10,2,20,24,25
WA_2018_1,140,2,20,10,1,21,24,25
WA_2018_1,91,3,1,11,4,23,22,23
WA_2018_1,201,3,2,11,3,22,22,23
WA_2018_1,40,3,3,11,2,23,22,23
WA_2018_1,177,3,4,11,1,21,22,23
WA_2018_1,119,3,5,12,4,20,22,23
WA_2018_1,189,3,6,12,3,24,22,23
WA_2018_1,145,3,7,12,2,23,22,23
WA_2018_1,186,3,8,12,1,26,22,23
WA_2018_1,114,3,9,13,4,22,22,23
WA_2018_1,50,3,10,13,3,22,22,23
WA_2018_1,111,3,11,13,2,23,22,23
WA_2018_1,202,3,12,13,1,23,22,23
WA_2018_1,66,3,13,14,4,21,22,23
WA_2018_1,12,3,14,14,3,19,22,23
WA_2018_1,197,3,15,14,2,25,22,23
WA_2018_1,185,3,16,14,1,25,22,23
WA_2018_1,26,3,17,15,4,24,22,23
WA_2018_1,182,3,18,15,3,24,22,23
WA_2018_1,33,3,19,15,2,20,22,23
WA_2018_1,36,3,20,15,1,23,22,23
WA_2018_1,149,4,1,16,4,25,25,23
WA_2018_1,115,4,2,16,3,24,25,23
WA_2018_1,136,4,3,16,2,23,25,23
WA_2018_1,22,4,4,16,1,23,25,23
WA_2018_1,53,4,5,17,4,23,25,23
WA_2018_1,165,4,6,17,3,23,25,23
WA_2018_1,202,4,7,17,2,23,25,23
WA_2018_1,56,4,8,17,1,NA,25,23
WA_2018_1,73,4,9,18,4,25,25,23
WA_2018_1,131,4,10,18,3,27,25,23
WA_2018_1,89,4,11,18,2,26,25,23
WA_2018_1,94,4,12,18,1,24,25,23
WA_2018_1,201,4,13,19,4,25,25,23
WA_2018_1,190,4,14,19,3,25,25,23
WA_2018_1,68,4,15,19,2,25,25,23
WA_2018_1,196,4,16,19,1,27,25,23
WA_2018_1,100,4,17,20,4,21,25,23
WA_2018_1,120,4,18,20,3,23,25,23
WA_2018_1,61,4,19,20,2,28,25,23
WA_2018_1,179,4,20,20,1,26,25,23
WA_2018_1,124,5,1,21,4,22,25,21
WA_2018_1,174,5,2,21,3,26,25,21
WA_2018_1,128,5,3,21,2,23,25,21
WA_2018_1,103,5,4,21,1,27,25,21
WA_2018_1,181,5,5,22,4,26,25,21
WA_2018_1,108,5,6,22,3,24,25,21
WA_2018_1,14,5,7,22,2,23,25,21
WA_2018_1,201,5,8,22,1,25,25,21
WA_2018_1,127,5,9,23,4,18,25,21
WA_2018_1,17,5,10,23,3,18,25,21
WA_2018_1,172,5,11,23,2,28,25,21
WA_2018_1,23,5,12,23,1,25,25,21
WA_2018_1,99,5,13,24,4,17,25,21
WA_2018_1,202,5,14,24,3,21,25,21
WA_2018_1,67,5,15,24,2,24,25,21
WA_2018_1,138,5,16,24,1,23,25,21
WA_2018_1,130,5,17,25,4,22,25,21
WA_2018_1,87,5,18,25,3,23,25,21
WA_2018_1,161,5,19,25,2,24,25,21
WA_2018_1,106,5,20,25,1,27,25,21
WA_2018_1,188,6,1,26,4,23,23,26
WA_2018_1,151,6,2,26,3,23,23,26
WA_2018_1,19,6,3,26,2,21,23,26
WA_2018_1,202,6,4,26,1,26,23,26
WA_2018_1,154,6,5,27,4,25,23,26
WA_2018_1,5,6,6,27,3,32,23,26
WA_2018_1,80,6,7,27,2,24,23,26
WA_2018_1,176,6,8,27,1,24,23,26
WA_2018_1,183,6,9,28,4,23,23,26
WA_2018_1,117,6,10,28,3,24,23,26
WA_2018_1,118,6,11,28,2,22,23,26
WA_2018_1,79,6,12,28,1,21,23,26
WA_2018_1,201,6,13,29,4,23,23,26
WA_2018_1,46,6,14,29,3,21,23,26
WA_2018_1,113,6,15,29,2,23,23,26
WA_2018_1,25,6,16,29,1,NA,23,26
WA_2018_1,71,6,17,30,4,22,23,26
WA_2018_1,41,6,18,30,3,23,23,26
WA_2018_1,95,6,19,30,2,24,23,26
WA_2018_1,171,6,20,30,1,NA,23,26
WA_2018_1,38,7,1,31,4,17,23,24
WA_2018_1,202,7,2,31,3,24,23,24
WA_2018_1,150,7,3,31,2,24,23,24
WA_2018_1,143,7,4,31,1,NA,23,24
WA_2018_1,72,7,5,32,4,18,23,24
WA_2018_1,11,7,6,32,3,21,23,24
WA_2018_1,135,7,7,32,2,24,23,24
WA_2018_1,54,7,8,32,1,25,23,24
WA_2018_1,27,7,9,33,4,21,23,24
WA_2018_1,45,7,10,33,3,22,23,24
WA_2018_1,64,7,11,33,2,23,23,24
WA_2018_1,163,7,12,33,1,25,23,24
WA_2018_1,8,7,13,34,4,18,23,24
WA_2018_1,51,7,14,34,3,20,23,24
WA_2018_1,201,7,15,34,2,23,23,24
WA_2018_1,192,7,16,34,1,25,23,24
WA_2018_1,18,7,17,35,4,19,23,24
WA_2018_1,129,7,18,35,3,21,23,24
WA_2018_1,74,7,19,35,2,22,23,24
WA_2018_1,70,7,20,35,1,NA,23,24
WA_2018_1,170,8,1,36,4,22,24,21
WA_2018_1,112,8,2,36,3,19,24,21
WA_2018_1,93,8,3,36,2,21,24,21
WA_2018_1,98,8,4,36,1,25,24,21
WA_2018_1,44,8,5,37,4,21,24,21
WA_2018_1,180,8,6,37,3,19,24,21
WA_2018_1,137,8,7,37,2,22,24,21
WA_2018_1,193,8,8,37,1,27,24,21
WA_2018_1,10,8,9,38,4,22,24,21
WA_2018_1,169,8,10,38,3,21,24,21
WA_2018_1,141,8,11,38,2,28,24,21
WA_2018_1,58,8,12,38,1,18,24,21
WA_2018_1,75,8,13,39,4,20,24,21
WA_2018_1,28,8,14,39,3,18,24,21
WA_2018_1,47,8,15,39,2,21,24,21
WA_2018_1,201,8,16,39,1,24,24,21
WA_2018_1,202,8,17,40,4,21,24,21
WA_2018_1,48,8,18,40,3,21,24,21
WA_2018_1,42,8,19,40,2,17,24,21
WA_2018_1,194,8,20,40,1,24,24,21
WA_2018_1,97,9,1,41,4,18,22,24
WA_2018_1,31,9,2,41,3,21,22,24
WA_2018_1,63,9,3,41,2,20,22,24
WA_2018_1,110,9,4,41,1,23,22,24
WA_2018_1,184,9,5,42,4,22,22,24
WA_2018_1,16,9,6,42,3,22,22,24
WA_2018_1,201,9,7,42,2,22,22,24
WA_2018_1,55,9,8,42,1,25,22,24
WA_2018_1,4,9,9,43,4,21,22,24
WA_2018_1,202,9,10,43,3,24,22,24
WA_2018_1,102,9,11,43,2,26,22,24
WA_2018_1,7,9,12,43,1,26,22,24
WA_2018_1,132,9,13,44,4,25,22,24
WA_2018_1,122,9,14,44,3,23,22,24
WA_2018_1,173,9,15,44,2,26,22,24
WA_2018_1,155,9,16,44,1,26,22,24
WA_2018_1,86,9,17,45,4,23,22,24
WA_2018_1,20,9,18,45,3,21,22,24
WA_2018_1,175,9,19,45,2,25,22,24
WA_2018_1,187,9,20,45,1,25,22,24
WA_2018_1,49,10,1,46,4,24,NA,27
WA_2018_1,92,10,2,46,3,26,NA,27
WA_2018_1,198,10,3,46,2,23,NA,27
WA_2018_1,96,10,4,46,1,25,NA,27
WA_2018_1,57,10,5,47,4,21,NA,27
WA_2018_1,1,10,6,47,3,26,NA,27
WA_2018_1,166,10,7,47,2,23,NA,27
WA_2018_1,101,10,8,47,1,24,NA,27
WA_2018_1,178,10,9,48,4,23,NA,27
WA_2018_1,21,10,10,48,3,22,NA,27
WA_2018_1,88,10,11,48,2,21,NA,27
WA_2018_1,142,10,12,48,1,19,NA,27
WA_2018_1,85,10,13,49,4,23,NA,27
WA_2018_1,15,10,14,49,3,24,NA,27
WA_2018_1,148,10,15,49,2,22,NA,27
WA_2018_1,202,10,16,49,1,27,NA,27
WA_2018_1,59,10,17,50,4,22,NA,27
WA_2018_1,105,10,18,50,3,24,NA,27
WA_2018_1,201,10,19,50,2,NA,NA,27
WA_2018_1,153,10,20,50,1,24,NA,27
WA_2018_1,167,11,1,51,4,NA,NA,20
WA_2018_1,202,11,2,51,3,20,NA,20
WA_2018_1,134,11,3,51,2,NA,NA,20
WA_2018_1,152,11,4,51,1,22,NA,20
WA_2018_1,2,11,5,52,4,NA,NA,20
WA_2018_1,109,11,6,52,3,20,NA,20
WA_2018_1,83,11,7,52,2,18,NA,20
WA_2018_1,39,11,8,52,1,21,NA,20
WA_2018_1,9,11,9,53,4,24,NA,20
WA_2018_1,147,11,10,53,3,23,NA,20
WA_2018_1,168,11,11,53,2,NA,NA,20
WA_2018_1,160,11,12,53,1,25,NA,20
WA_2018_1,60,11,13,54,4,NA,NA,20
WA_2018_1,157,11,14,54,3,24,NA,20
WA_2018_1,62,11,15,54,2,20,NA,20
WA_2018_1,81,11,16,54,1,20,NA,20
WA_2018_1,201,11,17,55,4,NA,NA,20
WA_2018_1,65,11,18,55,3,20,NA,20
WA_2018_1,30,11,19,55,2,NA,NA,20
WA_2018_1,144,11,20,55,1,21,NA,20
WA_2018_3,123,1,1,1,4,23,22,19
WA_2018_3,29,1,2,1,3,16,22,19
WA_2018_3,162,1,3,1,2,24,22,19
WA_2018_3,201,1,4,1,1,22,22,19
WA_2018_3,126,1,5,2,4,18,22,19
WA_2018_3,191,1,6,2,3,22,22,19
WA_2018_3,159,1,7,2,2,25,22,19
WA_2018_3,139,1,8,2,1,22,22,19
WA_2018_3,77,1,9,3,4,22,22,19
WA_2018_3,69,1,10,3,3,22,22,19
WA_2018_3,121,1,11,3,2,30,22,19
WA_2018_3,84,1,12,3,1,18,22,19
WA_2018_3,133,1,13,4,4,15,22,19
WA_2018_3,125,1,14,4,3,19,22,19
WA_2018_3,202,1,15,4,2,19,22,19
WA_2018_3,32,1,16,4,1,23,22,19
WA_2018_3,37,1,17,5,4,21,22,19
WA_2018_3,13,1,18,5,3,22,22,19
WA_2018_3,116,1,19,5,2,22,22,19
WA_2018_3,164,1,20,5,1,20,22,19
WA_2018_3,35,2,1,6,4,20,22,22.5
WA_2018_3,146,2,2,6,3,21,22,22.5
WA_2018_3,43,2,3,6,2,24,22,22.5
WA_2018_3,24,2,4,6,1,22,22,22.5
WA_2018_3,202,2,5,7,4,22.5,22,22.5
WA_2018_3,104,2,6,7,3,28,22,22.5
WA_2018_3,76,2,7,7,2,24,22,22.5
WA_2018_3,107,2,8,7,1,27,22,22.5
WA_2018_3,158,2,9,8,4,17,22,22.5
WA_2018_3,195,2,10,8,3,22,22,22.5
WA_2018_3,78,2,11,8,2,22,22,22.5
WA_2018_3,3,2,12,8,1,28,22,22.5
WA_2018_3,82,2,13,9,4,17,22,22.5
WA_2018_3,201,2,14,9,3,22,22,22.5
WA_2018_3,34,2,15,9,2,23,22,22.5
WA_2018_3,156,2,16,9,1,25,22,22.5
WA_2018_3,6,2,17,10,4,21,22,22.5
WA_2018_3,52,2,18,10,3,13,22,22.5
WA_2018_3,90,2,19,10,2,15,22,22.5
WA_2018_3,140,2,20,10,1,23,22,22.5
WA_2018_3,91,3,1,11,4,23,24,21
WA_2018_3,201,3,2,11,3,24,24,21
WA_2018_3,40,3,3,11,2,19,24,21
WA_2018_3,177,3,4,11,1,26,24,21
WA_2018_3,119,3,5,12,4,19,24,21
WA_2018_3,189,3,6,12,3,22,24,21
WA_2018_3,145,3,7,12,2,18,24,21
WA_2018_3,186,3,8,12,1,23,24,21
WA_2018_3,114,3,9,13,4,19,24,21
WA_2018_3,50,3,10,13,3,19,24,21
WA_2018_3,111,3,11,13,2,21,24,21
WA_2018_3,202,3,12,13,1,21,24,21
WA_2018_3,66,3,13,14,4,24,24,21
WA_2018_3,12,3,14,14,3,9,24,21
WA_2018_3,197,3,15,14,2,25,24,21
WA_2018_3,185,3,16,14,1,20,24,21
WA_2018_3,26,3,17,15,4,16,24,21
WA_2018_3,182,3,18,15,3,21,24,21
WA_2018_3,33,3,19,15,2,17,24,21
WA_2018_3,36,3,20,15,1,16,24,21
WA_2018_3,149,4,1,16,4,12,13,12.5
WA_2018_3,115,4,2,16,3,20,13,12.5
WA_2018_3,136,4,3,16,2,14,13,12.5
WA_2018_3,22,4,4,16,1,19,13,12.5
WA_2018_3,53,4,5,17,4,21.5,13,12.5
WA_2018_3,165,4,6,17,3,23,13,12.5
WA_2018_3,202,4,7,17,2,12.5,13,12.5
WA_2018_3,56,4,8,17,1,23,13,12.5
WA_2018_3,73,4,9,18,4,21,13,12.5
WA_2018_3,131,4,10,18,3,25,13,12.5
WA_2018_3,89,4,11,18,2,19,13,12.5
WA_2018_3,94,4,12,18,1,22,13,12.5
WA_2018_3,201,4,13,19,4,13,13,12.5
WA_2018_3,190,4,14,19,3,24,13,12.5
WA_2018_3,68,4,15,19,2,17,13,12.5
WA_2018_3,196,4,16,19,1,24,13,12.5
WA_2018_3,100,4,17,20,4,15,13,12.5
WA_2018_3,120,4,18,20,3,20,13,12.5
WA_2018_3,61,4,19,20,2,27,13,12.5
WA_2018_3,179,4,20,20,1,22,13,12.5
WA_2018_3,124,5,1,21,4,14,24,17.5
WA_2018_3,174,5,2,21,3,20,24,17.5
WA_2018_3,128,5,3,21,2,14,24,17.5
WA_2018_3,103,5,4,21,1,24,24,17.5
WA_2018_3,181,5,5,22,4,25,24,17.5
WA_2018_3,108,5,6,22,3,20,24,17.5
WA_2018_3,14,5,7,22,2,18,24,17.5
WA_2018_3,201,5,8,22,1,24,24,17.5
WA_2018_3,127,5,9,23,4,15,24,17.5
WA_2018_3,17,5,10,23,3,13,24,17.5
WA_2018_3,172,5,11,23,2,21,24,17.5
WA_2018_3,23,5,12,23,1,23,24,17.5
WA_2018_3,99,5,13,24,4,14,24,17.5
WA_2018_3,202,5,14,24,3,17.5,24,17.5
WA_2018_3,67,5,15,24,2,17,24,17.5
WA_2018_3,138,5,16,24,1,19,24,17.5
WA_2018_3,130,5,17,25,4,16,24,17.5
WA_2018_3,87,5,18,25,3,20,24,17.5
WA_2018_3,161,5,19,25,2,16,24,17.5
WA_2018_3,106,5,20,25,1,17,24,17.5
WA_2018_3,188,6,1,26,4,21,22,17
WA_2018_3,151,6,2,26,3,16,22,17
WA_2018_3,19,6,3,26,2,12,22,17
WA_2018_3,202,6,4,26,1,17,22,17
WA_2018_3,154,6,5,27,4,19,22,17
WA_2018_3,5,6,6,27,3,18,22,17
WA_2018_3,80,6,7,27,2,18,22,17
WA_2018_3,176,6,8,27,1,17,22,17
WA_2018_3,183,6,9,28,4,20,22,17
WA_2018_3,117,6,10,28,3,16,22,17
WA_2018_3,118,6,11,28,2,16,22,17
WA_2018_3,79,6,12,28,1,11,22,17
WA_2018_3,201,6,13,29,4,22,22,17
WA_2018_3,46,6,14,29,3,18.5,22,17
WA_2018_3,113,6,15,29,2,17,22,17
WA_2018_3,25,6,16,29,1,27,22,17
WA_2018_3,71,6,17,30,4,27,22,17
WA_2018_3,41,6,18,30,3,12,22,17
WA_2018_3,95,6,19,30,2,13,22,17
WA_2018_3,171,6,20,30,1,20,22,17
WA_2018_3,38,7,1,31,4,13,19,16
WA_2018_3,202,7,2,31,3,16,19,16
WA_2018_3,150,7,3,31,2,18,19,16
WA_2018_3,143,7,4,31,1,16,19,16
WA_2018_3,72,7,5,32,4,18,19,16
WA_2018_3,11,7,6,32,3,14,19,16
WA_2018_3,135,7,7,32,2,16,19,16
WA_2018_3,54,7,8,32,1,24,19,16
WA_2018_3,27,7,9,33,4,16,19,16
WA_2018_3,45,7,10,33,3,14,19,16
WA_2018_3,64,7,11,33,2,17,19,16
WA_2018_3,163,7,12,33,1,19,19,16
WA_2018_3,8,7,13,34,4,13,19,16
WA_2018_3,51,7,14,34,3,13,19,16
WA_2018_3,201,7,15,34,2,19,19,16
WA_2018_3,192,7,16,34,1,23.5,19,16
WA_2018_3,18,7,17,35,4,14,19,16
WA_2018_3,129,7,18,35,3,16,19,16
WA_2018_3,74,7,19,35,2,10,19,16
WA_2018_3,70,7,20,35,1,28,19,16
WA_2018_3,170,8,1,36,4,23,19,19.5
WA_2018_3,112,8,2,36,3,12,19,19.5
WA_2018_3,93,8,3,36,2,13,19,19.5
WA_2018_3,98,8,4,36,1,19,19,19.5
WA_2018_3,44,8,5,37,4,16,19,19.5
WA_2018_3,180,8,6,37,3,17,19,19.5
WA_2018_3,137,8,7,37,2,14,19,19.5
WA_2018_3,193,8,8,37,1,21,19,19.5
WA_2018_3,10,8,9,38,4,21,19,19.5
WA_2018_3,169,8,10,38,3,15,19,19.5
WA_2018_3,141,8,11,38,2,23,19,19.5
WA_2018_3,58,8,12,38,1,16,19,19.5
WA_2018_3,75,8,13,39,4,13,19,19.5
WA_2018_3,28,8,14,39,3,10,19,19.5
WA_2018_3,47,8,15,39,2,15,19,19.5
WA_2018_3,201,8,16,39,1,19,19,19.5
WA_2018_3,202,8,17,40,4,19.5,19,19.5
WA_2018_3,48,8,18,40,3,12,19,19.5
WA_2018_3,42,8,19,40,2,13,19,19.5
WA_2018_3,194,8,20,40,1,21,19,19.5
WA_2018_3,97,9,1,41,4,17,12,18
WA_2018_3,31,9,2,41,3,13,12,18
WA_2018_3,63,9,3,41,2,13,12,18
WA_2018_3,110,9,4,41,1,25,12,18
WA_2018_3,184,9,5,42,4,18,12,18
WA_2018_3,16,9,6,42,3,12,12,18
WA_2018_3,201,9,7,42,2,12,12,18
WA_2018_3,55,9,8,42,1,18,12,18
WA_2018_3,4,9,9,43,4,17,12,18
WA_2018_3,202,9,10,43,3,18,12,18
WA_2018_3,102,9,11,43,2,21,12,18
WA_2018_3,7,9,12,43,1,18,12,18
WA_2018_3,132,9,13,44,4,13,12,18
WA_2018_3,122,9,14,44,3,19,12,18
WA_2018_3,173,9,15,44,2,21,12,18
WA_2018_3,155,9,16,44,1,18,12,18
WA_2018_3,86,9,17,45,4,15,12,18
WA_2018_3,20,9,18,45,3,18,12,18
WA_2018_3,175,9,19,45,2,18,12,18
WA_2018_3,187,9,20,45,1,21,12,18
WA_2018_3,49,10,1,46,4,12,12,17
WA_2018_3,92,10,2,46,3,13,12,17
WA_2018_3,198,10,3,46,2,14,12,17
WA_2018_3,96,10,4,46,1,16,12,17
WA_2018_3,57,10,5,47,4,13,12,17
WA_2018_3,1,10,6,47,3,22,12,17
WA_2018_3,166,10,7,47,2,18,12,17
WA_2018_3,101,10,8,47,1,16,12,17
WA_2018_3,178,10,9,48,4,10,12,17
WA_2018_3,21,10,10,48,3,20,12,17
WA_2018_3,88,10,11,48,2,22,12,17
WA_2018_3,142,10,12,48,1,NA,12,17
WA_2018_3,85,10,13,49,4,17,12,17
WA_2018_3,15,10,14,49,3,13,12,17
WA_2018_3,148,10,15,49,2,15,12,17
WA_2018_3,202,10,16,49,1,17,12,17
WA_2018_3,59,10,17,50,4,17,12,17
WA_2018_3,105,10,18,50,3,17,12,17
WA_2018_3,201,10,19,50,2,12,12,17
WA_2018_3,153,10,20,50,1,14,12,17
WA_2018_3,167,11,1,51,4,24,19,21
WA_2018_3,202,11,2,51,3,21,19,21
WA_2018_3,134,11,3,51,2,16,19,21
WA_2018_3,152,11,4,51,1,14,19,21
WA_2018_3,2,11,5,52,4,23,19,21
WA_2018_3,109,11,6,52,3,12,19,21
WA_2018_3,83,11,7,52,2,12,19,21
WA_2018_3,39,11,8,52,1,15,19,21
WA_2018_3,9,11,9,53,4,19,19,21
WA_2018_3,147,11,10,53,3,19,19,21
WA_2018_3,168,11,11,53,2,19,19,21
WA_2018_3,160,11,12,53,1,13,19,21
WA_2018_3,60,11,13,54,4,22,19,21
WA_2018_3,157,11,14,54,3,19,19,21
WA_2018_3,62,11,15,54,2,19,19,21
WA_2018_3,81,11,16,54,1,14,19,21
WA_2018_3,201,11,17,55,4,19,19,21
WA_2018_3,65,11,18,55,3,24,19,21
WA_2018_3,30,11,19,55,2,16,19,21
WA_2018_3,144,11,20,55,1,22,19,21
WA_2019_1,123,1,1,1,4,31,24.5,26
WA_2019_1,29,1,2,1,3,22.5,24.5,26
WA_2019_1,162,1,3,1,2,29.5,24.5,26
WA_2019_1,201,1,4,1,1,24.5,24.5,26
WA_2019_1,126,1,5,2,4,25.5,24.5,26
WA_2019_1,191,1,6,2,3,24.5,24.5,26
WA_2019_1,159,1,7,2,2,28,24.5,26
WA_2019_1,139,1,8,2,1,24,24.5,26
WA_2019_1,77,1,9,3,4,28,24.5,26
WA_2019_1,69,1,10,3,3,27.5,24.5,26
WA_2019_1,121,1,11,3,2,27.5,24.5,26
WA_2019_1,84,1,12,3,1,30,24.5,26
WA_2019_1,133,1,13,4,4,23.5,24.5,26
WA_2019_1,125,1,14,4,3,21.5,24.5,26
WA_2019_1,202,1,15,4,2,26,24.5,26
WA_2019_1,32,1,16,4,1,25,24.5,26
WA_2019_1,37,1,17,5,4,26.5,24.5,26
WA_2019_1,13,1,18,5,3,24.5,24.5,26
WA_2019_1,116,1,19,5,2,29.5,24.5,26
WA_2019_1,164,1,20,5,1,25,24.5,26
WA_2019_1,35,2,1,6,4,28,26.5,29
WA_2019_1,146,2,2,6,3,27,26.5,29
WA_2019_1,43,2,3,6,2,22,26.5,29
WA_2019_1,24,2,4,6,1,28.5,26.5,29
WA_2019_1,202,2,5,7,4,29,26.5,29
WA_2019_1,104,2,6,7,3,31,26.5,29
WA_2019_1,76,2,7,7,2,25.5,26.5,29
WA_2019_1,107,2,8,7,1,28,26.5,29
WA_2019_1,158,2,9,8,4,27.5,26.5,29
WA_2019_1,195,2,10,8,3,28.5,26.5,29
WA_2019_1,78,2,11,8,2,24.5,26.5,29
WA_2019_1,3,2,12,8,1,25.5,26.5,29
WA_2019_1,82,2,13,9,4,NA,26.5,29
WA_2019_1,201,2,14,9,3,26.5,26.5,29
WA_2019_1,34,2,15,9,2,30.5,26.5,29
WA_2019_1,156,2,16,9,1,29,26.5,29
WA_2019_1,6,2,17,10,4,31.6,26.5,29
WA_2019_1,52,2,18,10,3,26,26.5,29
WA_2019_1,90,2,19,10,2,23,26.5,29
WA_2019_1,140,2,20,10,1,30,26.5,29
WA_2019_1,91,3,1,11,4,28,29,28
WA_2019_1,201,3,2,11,3,29,29,28
WA_2019_1,40,3,3,11,2,23.5,29,28
WA_2019_1,177,3,4,11,1,27.5,29,28
WA_2019_1,119,3,5,12,4,26.5,29,28
WA_2019_1,189,3,6,12,3,29,29,28
WA_2019_1,145,3,7,12,2,29,29,28
WA_2019_1,186,3,8,12,1,30.5,29,28
WA_2019_1,114,3,9,13,4,30,29,28
WA_2019_1,50,3,10,13,3,24,29,28
WA_2019_1,111,3,11,13,2,27.5,29,28
WA_2019_1,202,3,12,13,1,28,29,28
WA_2019_1,66,3,13,14,4,25.5,29,28
WA_2019_1,12,3,14,14,3,21.5,29,28
WA_2019_1,197,3,15,14,2,27.5,29,28
WA_2019_1,185,3,16,14,1,30,29,28
WA_2019_1,26,3,17,15,4,23.5,29,28
WA_2019_1,182,3,18,15,3,27,29,28
WA_2019_1,33,3,19,15,2,25.5,29,28
WA_2019_1,36,3,20,15,1,31,29,28
WA_2019_1,149,4,1,16,4,23,21,30.5
WA_2019_1,115,4,2,16,3,27.5,21,30.5
WA_2019_1,136,4,3,16,2,24,21,30.5
WA_2019_1,22,4,4,16,1,27,21,30.5
WA_2019_1,53,4,5,17,4,21.5,21,30.5
WA_2019_1,165,4,6,17,3,27,21,30.5
WA_2019_1,202,4,7,17,2,30.5,21,30.5
WA_2019_1,56,4,8,17,1,34,21,30.5
WA_2019_1,73,4,9,18,4,27,21,30.5
WA_2019_1,131,4,10,18,3,28,21,30.5
WA_2019_1,89,4,11,18,2,28.5,21,30.5
WA_2019_1,94,4,12,18,1,27.5,21,30.5
WA_2019_1,201,4,13,19,4,21,21,30.5
WA_2019_1,190,4,14,19,3,29,21,30.5
WA_2019_1,68,4,15,19,2,29,21,30.5
WA_2019_1,196,4,16,19,1,28,21,30.5
WA_2019_1,100,4,17,20,4,19,21,30.5
WA_2019_1,120,4,18,20,3,22,21,30.5
WA_2019_1,61,4,19,20,2,27,21,30.5
WA_2019_1,179,4,20,20,1,26,21,30.5
WA_2019_1,124,5,1,21,4,23,26.5,31.5
WA_2019_1,174,5,2,21,3,26.5,26.5,31.5
WA_2019_1,128,5,3,21,2,27,26.5,31.5
WA_2019_1,103,5,4,21,1,30.5,26.5,31.5
WA_2019_1,181,5,5,22,4,33,26.5,31.5
WA_2019_1,108,5,6,22,3,26,26.5,31.5
WA_2019_1,14,5,7,22,2,28,26.5,31.5
WA_2019_1,201,5,8,22,1,26.5,26.5,31.5
WA_2019_1,127,5,9,23,4,24.5,26.5,31.5
WA_2019_1,17,5,10,23,3,22,26.5,31.5
WA_2019_1,172,5,11,23,2,30,26.5,31.5
WA_2019_1,23,5,12,23,1,26,26.5,31.5
WA_2019_1,99,5,13,24,4,26,26.5,31.5
WA_2019_1,202,5,14,24,3,31.5,26.5,31.5
WA_2019_1,67,5,15,24,2,28,26.5,31.5
WA_2019_1,138,5,16,24,1,27.5,26.5,31.5
WA_2019_1,130,5,17,25,4,24.5,26.5,31.5
WA_2019_1,87,5,18,25,3,27.5,26.5,31.5
WA_2019_1,161,5,19,25,2,26,26.5,31.5
WA_2019_1,106,5,20,25,1,32,26.5,31.5
WA_2019_1,188,6,1,26,4,28,29,32
WA_2019_1,151,6,2,26,3,28,29,32
WA_2019_1,19,6,3,26,2,30,29,32
WA_2019_1,202,6,4,26,1,32,29,32
WA_2019_1,154,6,5,27,4,30,29,32
WA_2019_1,5,6,6,27,3,29,29,32
WA_2019_1,80,6,7,27,2,28.5,29,32
WA_2019_1,176,6,8,27,1,28.5,29,32
WA_2019_1,183,6,9,28,4,32,29,32
WA_2019_1,117,6,10,28,3,26,29,32
WA_2019_1,118,6,11,28,2,25.5,29,32
WA_2019_1,79,6,12,28,1,21.5,29,32
WA_2019_1,201,6,13,29,4,29,29,32
WA_2019_1,46,6,14,29,3,23.5,29,32
WA_2019_1,113,6,15,29,2,26,29,32
WA_2019_1,25,6,16,29,1,26.5,29,32
WA_2019_1,71,6,17,30,4,26,29,32
WA_2019_1,41,6,18,30,3,27.5,29,32
WA_2019_1,95,6,19,30,2,30,29,32
WA_2019_1,171,6,20,30,1,28,29,32
WA_2019_1,38,7,1,31,4,26,29.5,28.5
WA_2019_1,202,7,2,31,3,28.5,29.5,28.5
WA_2019_1,150,7,3,31,2,29,29.5,28.5
WA_2019_1,143,7,4,31,1,27,29.5,28.5
WA_2019_1,72,7,5,32,4,22.5,29.5,28.5
WA_2019_1,11,7,6,32,3,25,29.5,28.5
WA_2019_1,135,7,7,32,2,25.5,29.5,28.5
WA_2019_1,54,7,8,32,1,28,29.5,28.5
WA_2019_1,27,7,9,33,4,24,29.5,28.5
WA_2019_1,45,7,10,33,3,23.5,29.5,28.5
WA_2019_1,64,7,11,33,2,29,29.5,28.5
WA_2019_1,163,7,12,33,1,30,29.5,28.5
WA_2019_1,8,7,13,34,4,20,29.5,28.5
WA_2019_1,51,7,14,34,3,27.5,29.5,28.5
WA_2019_1,201,7,15,34,2,29.5,29.5,28.5
WA_2019_1,192,7,16,34,1,31,29.5,28.5
WA_2019_1,18,7,17,35,4,22,29.5,28.5
WA_2019_1,129,7,18,35,3,23.5,29.5,28.5
WA_2019_1,74,7,19,35,2,27.5,29.5,28.5
WA_2019_1,70,7,20,35,1,32,29.5,28.5
WA_2019_1,170,8,1,36,4,26,26,30
WA_2019_1,112,8,2,36,3,24.5,26,30
WA_2019_1,93,8,3,36,2,25,26,30
WA_2019_1,98,8,4,36,1,30.5,26,30
WA_2019_1,44,8,5,37,4,25,26,30
WA_2019_1,180,8,6,37,3,26.5,26,30
WA_2019_1,137,8,7,37,2,27.5,26,30
WA_2019_1,193,8,8,37,1,30,26,30
WA_2019_1,10,8,9,38,4,27,26,30
WA_2019_1,169,8,10,38,3,23.5,26,30
WA_2019_1,141,8,11,38,2,29,26,30
WA_2019_1,58,8,12,38,1,26,26,30
WA_2019_1,75,8,13,39,4,20,26,30
WA_2019_1,28,8,14,39,3,16,26,30
WA_2019_1,47,8,15,39,2,30,26,30
WA_2019_1,201,8,16,39,1,26,26,30
WA_2019_1,202,8,17,40,4,30,26,30
WA_2019_1,48,8,18,40,3,22.5,26,30
WA_2019_1,42,8,19,40,2,25,26,30
WA_2019_1,194,8,20,40,1,30,26,30
WA_2019_1,97,9,1,41,4,25,29,26.5
WA_2019_1,31,9,2,41,3,22.5,29,26.5
WA_2019_1,63,9,3,41,2,25,29,26.5
WA_2019_1,110,9,4,41,1,35.5,29,26.5
WA_2019_1,184,9,5,42,4,28,29,26.5
WA_2019_1,16,9,6,42,3,23.5,29,26.5
WA_2019_1,201,9,7,42,2,29,29,26.5
WA_2019_1,55,9,8,42,1,31,29,26.5
WA_2019_1,4,9,9,43,4,31,29,26.5
WA_2019_1,202,9,10,43,3,26.5,29,26.5
WA_2019_1,102,9,11,43,2,29.5,29,26.5
WA_2019_1,7,9,12,43,1,26,29,26.5
WA_2019_1,132,9,13,44,4,24.5,29,26.5
WA_2019_1,122,9,14,44,3,26.5,29,26.5
WA_2019_1,173,9,15,44,2,25,29,26.5
WA_2019_1,155,9,16,44,1,32.5,29,26.5
WA_2019_1,86,9,17,45,4,23.5,29,26.5
WA_2019_1,20,9,18,45,3,28.5,29,26.5
WA_2019_1,175,9,19,45,2,29,29,26.5
WA_2019_1,187,9,20,45,1,30,29,26.5
WA_2019_1,49,10,1,46,4,25.5,32,29
WA_2019_1,92,10,2,46,3,27,32,29
WA_2019_1,198,10,3,46,2,27,32,29
WA_2019_1,96,10,4,46,1,28,32,29
WA_2019_1,57,10,5,47,4,23,32,29
WA_2019_1,1,10,6,47,3,29.5,32,29
WA_2019_1,166,10,7,47,2,30,32,29
WA_2019_1,101,10,8,47,1,28,32,29
WA_2019_1,178,10,9,48,4,27,32,29
WA_2019_1,21,10,10,48,3,25.5,32,29
WA_2019_1,88,10,11,48,2,24.5,32,29
WA_2019_1,142,10,12,48,1,18,32,29
WA_2019_1,85,10,13,49,4,31,32,29
WA_2019_1,15,10,14,49,3,25.5,32,29
WA_2019_1,148,10,15,49,2,28.5,32,29
WA_2019_1,202,10,16,49,1,29,32,29
WA_2019_1,59,10,17,50,4,24.5,32,29
WA_2019_1,105,10,18,50,3,24.5,32,29
WA_2019_1,201,10,19,50,2,32,32,29
WA_2019_1,153,10,20,50,1,30,32,29
WA_2019_1,167,11,1,51,4,29,24,29.5
WA_2019_1,202,11,2,51,3,29.5,24,29.5
WA_2019_1,134,11,3,51,2,28,24,29.5
WA_2019_1,152,11,4,51,1,30.5,24,29.5
WA_2019_1,2,11,5,52,4,30.5,24,29.5
WA_2019_1,109,11,6,52,3,27.5,24,29.5
WA_2019_1,83,11,7,52,2,26,24,29.5
WA_2019_1,39,11,8,52,1,23,24,29.5
WA_2019_1,9,11,9,53,4,25,24,29.5
WA_2019_1,147,11,10,53,3,31.5,24,29.5
WA_2019_1,168,11,11,53,2,25,24,29.5
WA_2019_1,160,11,12,53,1,29.5,24,29.5
WA_2019_1,60,11,13,54,4,29,24,29.5
WA_2019_1,157,11,14,54,3,30,24,29.5
WA_2019_1,62,11,15,54,2,24.5,24,29.5
WA_2019_1,81,11,16,54,1,27.5,24,29.5
WA_2019_1,201,11,17,55,4,24,24,29.5
WA_2019_1,65,11,18,55,3,24.5,24,29.5
WA_2019_1,30,11,19,55,2,29,24,29.5
WA_2019_1,144,11,20,55,1,28.5,24,29.5
WA_2019_2,123,1,1,1,4,15.7,15.3,14
WA_2019_2,29,1,2,1,3,8.9,15.3,14
WA_2019_2,162,1,3,1,2,15.8,15.3,14
WA_2019_2,201,1,4,1,1,15.3,15.3,14
WA_2019_2,126,1,5,2,4,9.7,15.3,14
WA_2019_2,191,1,6,2,3,14.3,15.3,14
WA_2019_2,159,1,7,2,2,16.3,15.3,14
WA_2019_2,139,1,8,2,1,14.4,15.3,14
WA_2019_2,77,1,9,3,4,14.2,15.3,14
WA_2019_2,69,1,10,3,3,20.3,15.3,14
WA_2019_2,121,1,11,3,2,16.2,15.3,14
WA_2019_2,84,1,12,3,1,18,15.3,14
WA_2019_2,133,1,13,4,4,14.5,15.3,14
WA_2019_2,125,1,14,4,3,10.7,15.3,14
WA_2019_2,202,1,15,4,2,14,15.3,14
WA_2019_2,32,1,16,4,1,17.8,15.3,14
WA_2019_2,37,1,17,5,4,10.3,15.3,14
WA_2019_2,13,1,18,5,3,12,15.3,14
WA_2019_2,116,1,19,5,2,14.7,15.3,14
WA_2019_2,164,1,20,5,1,14.8,15.3,14
WA_2019_2,35,2,1,6,4,16.7,13,15.5
WA_2019_2,146,2,2,6,3,19.5,13,15.5
WA_2019_2,43,2,3,6,2,11.3,13,15.5
WA_2019_2,24,2,4,6,1,12.8,13,15.5
WA_2019_2,202,2,5,7,4,15.5,13,15.5
WA_2019_2,104,2,6,7,3,16.2,13,15.5
WA_2019_2,76,2,7,7,2,14.3,13,15.5
WA_2019_2,107,2,8,7,1,20.3,13,15.5
WA_2019_2,158,2,9,8,4,18.5,13,15.5
WA_2019_2,195,2,10,8,3,15.5,13,15.5
WA_2019_2,78,2,11,8,2,13.2,13,15.5
WA_2019_2,3,2,12,8,1,21.8,13,15.5
WA_2019_2,82,2,13,9,4,15.7,13,15.5
WA_2019_2,201,2,14,9,3,13,13,15.5
WA_2019_2,34,2,15,9,2,19.5,13,15.5
WA_2019_2,156,2,16,9,1,19.5,13,15.5
WA_2019_2,6,2,17,10,4,20.8,13,15.5
WA_2019_2,52,2,18,10,3,9,13,15.5
WA_2019_2,90,2,19,10,2,9.8,13,15.5
WA_2019_2,140,2,20,10,1,14.5,13,15.5
WA_2019_2,91,3,1,11,4,18,16.2,14.5
WA_2019_2,201,3,2,11,3,16.2,16.2,14.5
WA_2019_2,40,3,3,11,2,12.7,16.2,14.5
WA_2019_2,177,3,4,11,1,16.7,16.2,14.5
WA_2019_2,119,3,5,12,4,15.3,16.2,14.5
WA_2019_2,189,3,6,12,3,19,16.2,14.5
WA_2019_2,145,3,7,12,2,15,16.2,14.5
WA_2019_2,186,3,8,12,1,16.5,16.2,14.5
WA_2019_2,114,3,9,13,4,15.7,16.2,14.5
WA_2019_2,50,3,10,13,3,14.5,16.2,14.5
WA_2019_2,111,3,11,13,2,15,16.2,14.5
WA_2019_2,202,3,12,13,1,14.5,16.2,14.5
WA_2019_2,66,3,13,14,4,19.5,16.2,14.5
WA_2019_2,12,3,14,14,3,9.5,16.2,14.5
WA_2019_2,197,3,15,14,2,20.3,16.2,14.5
WA_2019_2,185,3,16,14,1,17.7,16.2,14.5
WA_2019_2,26,3,17,15,4,14.7,16.2,14.5
WA_2019_2,182,3,18,15,3,17,16.2,14.5
WA_2019_2,33,3,19,15,2,12.7,16.2,14.5
WA_2019_2,36,3,20,15,1,13.7,16.2,14.5
WA_2019_2,149,4,1,16,4,14.7,15.7,16.8
WA_2019_2,115,4,2,16,3,16.7,15.7,16.8
WA_2019_2,136,4,3,16,2,10.3,15.7,16.8
WA_2019_2,22,4,4,16,1,16,15.7,16.8
WA_2019_2,53,4,5,17,4,16.2,15.7,16.8
WA_2019_2,165,4,6,17,3,18.6,15.7,16.8
WA_2019_2,202,4,7,17,2,16.8,15.7,16.8
WA_2019_2,56,4,8,17,1,20.2,15.7,16.8
WA_2019_2,73,4,9,18,4,19.5,15.7,16.8
WA_2019_2,131,4,10,18,3,21.8,15.7,16.8
WA_2019_2,89,4,11,18,2,18.7,15.7,16.8
WA_2019_2,94,4,12,18,1,20.8,15.7,16.8
WA_2019_2,201,4,13,19,4,15.7,15.7,16.8
WA_2019_2,190,4,14,19,3,13.8,15.7,16.8
WA_2019_2,68,4,15,19,2,15.8,15.7,16.8
WA_2019_2,196,4,16,19,1,19.2,15.7,16.8
WA_2019_2,100,4,17,20,4,10.3,15.7,16.8
WA_2019_2,120,4,18,20,3,13.8,15.7,16.8
WA_2019_2,61,4,19,20,2,18.3,15.7,16.8
WA_2019_2,179,4,20,20,1,16.8,15.7,16.8
WA_2019_2,124,5,1,21,4,15.2,16.7,16.3
WA_2019_2,174,5,2,21,3,15.9,16.7,16.3
WA_2019_2,128,5,3,21,2,14.3,16.7,16.3
WA_2019_2,103,5,4,21,1,17.2,16.7,16.3
WA_2019_2,181,5,5,22,4,20.5,16.7,16.3
WA_2019_2,108,5,6,22,3,16.3,16.7,16.3
WA_2019_2,14,5,7,22,2,17.5,16.7,16.3
WA_2019_2,201,5,8,22,1,16.7,16.7,16.3
WA_2019_2,127,5,9,23,4,13.7,16.7,16.3
WA_2019_2,17,5,10,23,3,15.5,16.7,16.3
WA_2019_2,172,5,11,23,2,16.4,16.7,16.3
WA_2019_2,23,5,12,23,1,17.7,16.7,16.3
WA_2019_2,99,5,13,24,4,16,16.7,16.3
WA_2019_2,202,5,14,24,3,16.3,16.7,16.3
WA_2019_2,67,5,15,24,2,16.4,16.7,16.3
WA_2019_2,138,5,16,24,1,14.7,16.7,16.3
WA_2019_2,130,5,17,25,4,15.3,16.7,16.3
WA_2019_2,87,5,18,25,3,16.7,16.7,16.3
WA_2019_2,161,5,19,25,2,14.3,16.7,16.3
WA_2019_2,106,5,20,25,1,16.1,16.7,16.3
WA_2019_2,188,6,1,26,4,18.7,14.3,16.7
WA_2019_2,151,6,2,26,3,16.8,14.3,16.7
WA_2019_2,19,6,3,26,2,16.7,14.3,16.7
WA_2019_2,202,6,4,26,1,16.7,14.3,16.7
WA_2019_2,154,6,5,27,4,16.8,14.3,16.7
WA_2019_2,5,6,6,27,3,20.8,14.3,16.7
WA_2019_2,80,6,7,27,2,19.5,14.3,16.7
WA_2019_2,176,6,8,27,1,16.5,14.3,16.7
WA_2019_2,183,6,9,28,4,17.7,14.3,16.7
WA_2019_2,117,6,10,28,3,16.3,14.3,16.7
WA_2019_2,118,6,11,28,2,13.8,14.3,16.7
WA_2019_2,79,6,12,28,1,12.7,14.3,16.7
WA_2019_2,201,6,13,29,4,14.3,14.3,16.7
WA_2019_2,46,6,14,29,3,8.2,14.3,16.7
WA_2019_2,113,6,15,29,2,15.2,14.3,16.7
WA_2019_2,25,6,16,29,1,20.3,14.3,16.7
WA_2019_2,71,6,17,30,4,13.8,14.3,16.7
WA_2019_2,41,6,18,30,3,16,14.3,16.7
WA_2019_2,95,6,19,30,2,15.2,14.3,16.7
WA_2019_2,171,6,20,30,1,16.3,14.3,16.7
WA_2019_2,38,7,1,31,4,12.3,15.3,16.5
WA_2019_2,202,7,2,31,3,16.5,15.3,16.5
WA_2019_2,150,7,3,31,2,17.2,15.3,16.5
WA_2019_2,143,7,4,31,1,16.3,15.3,16.5
WA_2019_2,72,7,5,32,4,14,15.3,16.5
WA_2019_2,11,7,6,32,3,14.3,15.3,16.5
WA_2019_2,135,7,7,32,2,13.8,15.3,16.5
WA_2019_2,54,7,8,32,1,22.8,15.3,16.5
WA_2019_2,27,7,9,33,4,12.8,15.3,16.5
WA_2019_2,45,7,10,33,3,14,15.3,16.5
WA_2019_2,64,7,11,33,2,16.8,15.3,16.5
WA_2019_2,163,7,12,33,1,14.7,15.3,16.5
WA_2019_2,8,7,13,34,4,8.7,15.3,16.5
WA_2019_2,51,7,14,34,3,13.7,15.3,16.5
WA_2019_2,201,7,15,34,2,15.3,15.3,16.5
WA_2019_2,192,7,16,34,1,18.5,15.3,16.5
WA_2019_2,18,7,17,35,4,14.3,15.3,16.5
WA_2019_2,129,7,18,35,3,15.5,15.3,16.5
WA_2019_2,74,7,19,35,2,11,15.3,16.5
WA_2019_2,70,7,20,35,1,23.2,15.3,16.5
WA_2019_2,170,8,1,36,4,16.7,14.7,17
WA_2019_2,112,8,2,36,3,12.5,14.7,17
WA_2019_2,93,8,3,36,2,15,14.7,17
WA_2019_2,98,8,4,36,1,17.8,14.7,17
WA_2019_2,44,8,5,37,4,13.8,14.7,17
WA_2019_2,180,8,6,37,3,16.8,14.7,17
WA_2019_2,137,8,7,37,2,13,14.7,17
WA_2019_2,193,8,8,37,1,18.7,14.7,17
WA_2019_2,10,8,9,38,4,13.8,14.7,17
WA_2019_2,169,8,10,38,3,14.2,14.7,17
WA_2019_2,141,8,11,38,2,22.3,14.7,17
WA_2019_2,58,8,12,38,1,13.8,14.7,17
WA_2019_2,75,8,13,39,4,7.5,14.7,17
WA_2019_2,28,8,14,39,3,8.3,14.7,17
WA_2019_2,47,8,15,39,2,17.3,14.7,17
WA_2019_2,201,8,16,39,1,14.7,14.7,17
WA_2019_2,202,8,17,40,4,17,14.7,17
WA_2019_2,48,8,18,40,3,15,14.7,17
WA_2019_2,42,8,19,40,2,9.4,14.7,17
WA_2019_2,194,8,20,40,1,16.7,14.7,17
WA_2019_2,97,9,1,41,4,12,13.8,18.8
WA_2019_2,31,9,2,41,3,16.8,13.8,18.8
WA_2019_2,63,9,3,41,2,11.3,13.8,18.8
WA_2019_2,110,9,4,41,1,20.3,13.8,18.8
WA_2019_2,184,9,5,42,4,18.7,13.8,18.8
WA_2019_2,16,9,6,42,3,12.2,13.8,18.8
WA_2019_2,201,9,7,42,2,13.8,13.8,18.8
WA_2019_2,55,9,8,42,1,20.9,13.8,18.8
WA_2019_2,4,9,9,43,4,12.2,13.8,18.8
WA_2019_2,202,9,10,43,3,18.8,13.8,18.8
WA_2019_2,102,9,11,43,2,18.5,13.8,18.8
WA_2019_2,7,9,12,43,1,15.8,13.8,18.8
WA_2019_2,132,9,13,44,4,9.5,13.8,18.8
WA_2019_2,122,9,14,44,3,14.8,13.8,18.8
WA_2019_2,173,9,15,44,2,16.3,13.8,18.8
WA_2019_2,155,9,16,44,1,18,13.8,18.8
WA_2019_2,86,9,17,45,4,13.5,13.8,18.8
WA_2019_2,20,9,18,45,3,12,13.8,18.8
WA_2019_2,175,9,19,45,2,17,13.8,18.8
WA_2019_2,187,9,20,45,1,17,13.8,18.8
WA_2019_2,49,10,1,46,4,18.7,15.3,14.8
WA_2019_2,92,10,2,46,3,15.5,15.3,14.8
WA_2019_2,198,10,3,46,2,16.5,15.3,14.8
WA_2019_2,96,10,4,46,1,14.8,15.3,14.8
WA_2019_2,57,10,5,47,4,21.3,15.3,14.8
WA_2019_2,1,10,6,47,3,13.6,15.3,14.8
WA_2019_2,166,10,7,47,2,16.3,15.3,14.8
WA_2019_2,101,10,8,47,1,12,15.3,14.8
WA_2019_2,178,10,9,48,4,10.8,15.3,14.8
WA_2019_2,21,10,10,48,3,16.3,15.3,14.8
WA_2019_2,88,10,11,48,2,21.3,15.3,14.8
WA_2019_2,142,10,12,48,1,21.5,15.3,14.8
WA_2019_2,85,10,13,49,4,19.9,15.3,14.8
WA_2019_2,15,10,14,49,3,18,15.3,14.8
WA_2019_2,148,10,15,49,2,19,15.3,14.8
WA_2019_2,202,10,16,49,1,14.8,15.3,14.8
WA_2019_2,59,10,17,50,4,15.3,15.3,14.8
WA_2019_2,105,10,18,50,3,19.7,15.3,14.8
WA_2019_2,201,10,19,50,2,15.3,15.3,14.8
WA_2019_2,153,10,20,50,1,15.7,15.3,14.8
WA_2019_2,167,11,1,51,4,17,15.4,15.5
WA_2019_2,202,11,2,51,3,15.5,15.4,15.5
WA_2019_2,134,11,3,51,2,17,15.4,15.5
WA_2019_2,152,11,4,51,1,14.3,15.4,15.5
WA_2019_2,2,11,5,52,4,22.2,15.4,15.5
WA_2019_2,109,11,6,52,3,14,15.4,15.5
WA_2019_2,83,11,7,52,2,16.8,15.4,15.5
WA_2019_2,39,11,8,52,1,10.8,15.4,15.5
WA_2019_2,9,11,9,53,4,10,15.4,15.5
WA_2019_2,147,11,10,53,3,16.9,15.4,15.5
WA_2019_2,168,11,11,53,2,20.5,15.4,15.5
WA_2019_2,160,11,12,53,1,21,15.4,15.5
WA_2019_2,60,11,13,54,4,19.7,15.4,15.5
WA_2019_2,157,11,14,54,3,17,15.4,15.5
WA_2019_2,62,11,15,54,2,17.2,15.4,15.5
WA_2019_2,81,11,16,54,1,14.3,15.4,15.5
WA_2019_2,201,11,17,55,4,15.4,15.4,15.5
WA_2019_2,65,11,18,55,3,19.2,15.4,15.5
WA_2019_2,30,11,19,55,2,15.7,15.4,15.5
WA_2019_2,144,11,20,55,1,15.3,15.4,15.5
WA_2019_3,123,1,1,1,4,19.8,18,16.3
WA_2019_3,29,1,2,1,3,13.4,18,16.3
WA_2019_3,162,1,3,1,2,18.5,18,16.3
WA_2019_3,201,1,4,1,1,18,18,16.3
WA_2019_3,126,1,5,2,4,14.6,18,16.3
WA_2019_3,191,1,6,2,3,17.3,18,16.3
WA_2019_3,159,1,7,2,2,21,18,16.3
WA_2019_3,139,1,8,2,1,18,18,16.3
WA_2019_3,77,1,9,3,4,16.9,18,16.3
WA_2019_3,69,1,10,3,3,22.9,18,16.3
WA_2019_3,121,1,11,3,2,20.6,18,16.3
WA_2019_3,84,1,12,3,1,19.8,18,16.3
WA_2019_3,133,1,13,4,4,14.8,18,16.3
WA_2019_3,125,1,14,4,3,13.6,18,16.3
WA_2019_3,202,1,15,4,2,16.3,18,16.3
WA_2019_3,32,1,16,4,1,19.6,18,16.3
WA_2019_3,37,1,17,5,4,14.3,18,16.3
WA_2019_3,13,1,18,5,3,14.4,18,16.3
WA_2019_3,116,1,19,5,2,15,18,16.3
WA_2019_3,164,1,20,5,1,17.3,18,16.3
WA_2019_3,35,2,1,6,4,19.3,14.5,15.1
WA_2019_3,146,2,2,6,3,20.8,14.5,15.1
WA_2019_3,43,2,3,6,2,14.6,14.5,15.1
WA_2019_3,24,2,4,6,1,16.8,14.5,15.1
WA_2019_3,202,2,5,7,4,15.1,14.5,15.1
WA_2019_3,104,2,6,7,3,18.6,14.5,15.1
WA_2019_3,76,2,7,7,2,15.6,14.5,15.1
WA_2019_3,107,2,8,7,1,22.5,14.5,15.1
WA_2019_3,158,2,9,8,4,20.1,14.5,15.1
WA_2019_3,195,2,10,8,3,17.6,14.5,15.1
WA_2019_3,78,2,11,8,2,14.1,14.5,15.1
WA_2019_3,3,2,12,8,1,21,14.5,15.1
WA_2019_3,82,2,13,9,4,15.4,14.5,15.1
WA_2019_3,201,2,14,9,3,14.5,14.5,15.1
WA_2019_3,34,2,15,9,2,17.6,14.5,15.1
WA_2019_3,156,2,16,9,1,20.4,14.5,15.1
WA_2019_3,6,2,17,10,4,19.4,14.5,15.1
WA_2019_3,52,2,18,10,3,13,14.5,15.1
WA_2019_3,90,2,19,10,2,10.4,14.5,15.1
WA_2019_3,140,2,20,10,1,15.4,14.5,15.1
WA_2019_3,91,3,1,11,4,19.5,17.4,18.1
WA_2019_3,201,3,2,11,3,17.4,17.4,18.1
WA_2019_3,40,3,3,11,2,14.8,17.4,18.1
WA_2019_3,177,3,4,11,1,18.9,17.4,18.1
WA_2019_3,119,3,5,12,4,16.8,17.4,18.1
WA_2019_3,189,3,6,12,3,22.3,17.4,18.1
WA_2019_3,145,3,7,12,2,17.3,17.4,18.1
WA_2019_3,186,3,8,12,1,17.6,17.4,18.1
WA_2019_3,114,3,9,13,4,16.1,17.4,18.1
WA_2019_3,50,3,10,13,3,18.1,17.4,18.1
WA_2019_3,111,3,11,13,2,16.1,17.4,18.1
WA_2019_3,202,3,12,13,1,18.1,17.4,18.1
WA_2019_3,66,3,13,14,4,17.1,17.4,18.1
WA_2019_3,12,3,14,14,3,13.4,17.4,18.1
WA_2019_3,197,3,15,14,2,18.8,17.4,18.1
WA_2019_3,185,3,16,14,1,19.8,17.4,18.1
WA_2019_3,26,3,17,15,4,15,17.4,18.1
WA_2019_3,182,3,18,15,3,19.9,17.4,18.1
WA_2019_3,33,3,19,15,2,17.6,17.4,18.1
WA_2019_3,36,3,20,15,1,17,17.4,18.1
WA_2019_3,149,4,1,16,4,15,14.1,18.9
WA_2019_3,115,4,2,16,3,16.6,14.1,18.9
WA_2019_3,136,4,3,16,2,13.1,14.1,18.9
WA_2019_3,22,4,4,16,1,16,14.1,18.9
WA_2019_3,53,4,5,17,4,14.4,14.1,18.9
WA_2019_3,165,4,6,17,3,18.1,14.1,18.9
WA_2019_3,202,4,7,17,2,18.9,14.1,18.9
WA_2019_3,56,4,8,17,1,17.5,14.1,18.9
WA_2019_3,73,4,9,18,4,17.9,14.1,18.9
WA_2019_3,131,4,10,18,3,20.3,14.1,18.9
WA_2019_3,89,4,11,18,2,17.4,14.1,18.9
WA_2019_3,94,4,12,18,1,20.1,14.1,18.9
WA_2019_3,201,4,13,19,4,14.1,14.1,18.9
WA_2019_3,190,4,14,19,3,18.4,14.1,18.9
WA_2019_3,68,4,15,19,2,15,14.1,18.9
WA_2019_3,196,4,16,19,1,19.4,14.1,18.9
WA_2019_3,100,4,17,20,4,18.1,14.1,18.9
WA_2019_3,120,4,18,20,3,17.5,14.1,18.9
WA_2019_3,61,4,19,20,2,13.9,14.1,18.9
WA_2019_3,179,4,20,20,1,11.6,14.1,18.9
WA_2019_3,124,5,1,21,4,14.4,17,19.9
WA_2019_3,174,5,2,21,3,16.5,17,19.9
WA_2019_3,128,5,3,21,2,15.6,17,19.9
WA_2019_3,103,5,4,21,1,17.9,17,19.9
WA_2019_3,181,5,5,22,4,20.1,17,19.9
WA_2019_3,108,5,6,22,3,17,17,19.9
WA_2019_3,14,5,7,22,2,15,17,19.9
WA_2019_3,201,5,8,22,1,17,17,19.9
WA_2019_3,127,5,9,23,4,14.6,17,19.9
WA_2019_3,17,5,10,23,3,14.3,17,19.9
WA_2019_3,172,5,11,23,2,16.4,17,19.9
WA_2019_3,23,5,12,23,1,19.5,17,19.9
WA_2019_3,99,5,13,24,4,15.9,17,19.9
WA_2019_3,202,5,14,24,3,19.9,17,19.9
WA_2019_3,67,5,15,24,2,17.4,17,19.9
WA_2019_3,138,5,16,24,1,19.3,17,19.9
WA_2019_3,130,5,17,25,4,15,17,19.9
WA_2019_3,87,5,18,25,3,16.4,17,19.9
WA_2019_3,161,5,19,25,2,16.6,17,19.9
WA_2019_3,106,5,20,25,1,18.1,17,19.9
WA_2019_3,188,6,1,26,4,19.5,15,18.5
WA_2019_3,151,6,2,26,3,16.5,15,18.5
WA_2019_3,19,6,3,26,2,15.5,15,18.5
WA_2019_3,202,6,4,26,1,18.5,15,18.5
WA_2019_3,154,6,5,27,4,17.3,15,18.5
WA_2019_3,5,6,6,27,3,18.3,15,18.5
WA_2019_3,80,6,7,27,2,19,15,18.5
WA_2019_3,176,6,8,27,1,16.8,15,18.5
WA_2019_3,183,6,9,28,4,19,15,18.5
WA_2019_3,117,6,10,28,3,16.8,15,18.5
WA_2019_3,118,6,11,28,2,16,15,18.5
WA_2019_3,79,6,12,28,1,13.3,15,18.5
WA_2019_3,201,6,13,29,4,15,15,18.5
WA_2019_3,46,6,14,29,3,9.8,15,18.5
WA_2019_3,113,6,15,29,2,15.3,15,18.5
WA_2019_3,25,6,16,29,1,21.8,15,18.5
WA_2019_3,71,6,17,30,4,14.8,15,18.5
WA_2019_3,41,6,18,30,3,15.3,15,18.5
WA_2019_3,95,6,19,30,2,15.8,15,18.5
WA_2019_3,171,6,20,30,1,17.8,15,18.5
WA_2019_3,38,7,1,31,4,13.3,14.8,20.8
WA_2019_3,202,7,2,31,3,20.8,14.8,20.8
WA_2019_3,150,7,3,31,2,18.5,14.8,20.8
WA_2019_3,143,7,4,31,1,16.5,14.8,20.8
WA_2019_3,72,7,5,32,4,10.5,14.8,20.8
WA_2019_3,11,7,6,32,3,13.8,14.8,20.8
WA_2019_3,135,7,7,32,2,13.3,14.8,20.8
WA_2019_3,54,7,8,32,1,23.8,14.8,20.8
WA_2019_3,27,7,9,33,4,13.5,14.8,20.8
WA_2019_3,45,7,10,33,3,15.3,14.8,20.8
WA_2019_3,64,7,11,33,2,16.8,14.8,20.8
WA_2019_3,163,7,12,33,1,16.3,14.8,20.8
WA_2019_3,8,7,13,34,4,9.8,14.8,20.8
WA_2019_3,51,7,14,34,3,13,14.8,20.8
WA_2019_3,201,7,15,34,2,14.8,14.8,20.8
WA_2019_3,192,7,16,34,1,22.3,14.8,20.8
WA_2019_3,18,7,17,35,4,14.3,14.8,20.8
WA_2019_3,129,7,18,35,3,15.5,14.8,20.8
WA_2019_3,74,7,19,35,2,10.3,14.8,20.8
WA_2019_3,70,7,20,35,1,24.3,14.8,20.8
WA_2019_3,170,8,1,36,4,17.8,16.5,18
WA_2019_3,112,8,2,36,3,12.3,16.5,18
WA_2019_3,93,8,3,36,2,18.3,16.5,18
WA_2019_3,98,8,4,36,1,18.8,16.5,18
WA_2019_3,44,8,5,37,4,18.5,16.5,18
WA_2019_3,180,8,6,37,3,18,16.5,18
WA_2019_3,137,8,7,37,2,14.3,16.5,18
WA_2019_3,193,8,8,37,1,23.9,16.5,18
WA_2019_3,10,8,9,38,4,15.5,16.5,18
WA_2019_3,169,8,10,38,3,14.5,16.5,18
WA_2019_3,141,8,11,38,2,20.5,16.5,18
WA_2019_3,58,8,12,38,1,13.5,16.5,18
WA_2019_3,75,8,13,39,4,11.8,16.5,18
WA_2019_3,28,8,14,39,3,7,16.5,18
WA_2019_3,47,8,15,39,2,16.3,16.5,18
WA_2019_3,201,8,16,39,1,16.5,16.5,18
WA_2019_3,202,8,17,40,4,18,16.5,18
WA_2019_3,48,8,18,40,3,12.9,16.5,18
WA_2019_3,42,8,19,40,2,9.3,16.5,18
WA_2019_3,194,8,20,40,1,18,16.5,18
WA_2019_3,97,9,1,41,4,13.5,14.5,19
WA_2019_3,31,9,2,41,3,14,14.5,19
WA_2019_3,63,9,3,41,2,10.8,14.5,19
WA_2019_3,110,9,4,41,1,22,14.5,19
WA_2019_3,184,9,5,42,4,19.5,14.5,19
WA_2019_3,16,9,6,42,3,11,14.5,19
WA_2019_3,201,9,7,42,2,14.5,14.5,19
WA_2019_3,55,9,8,42,1,22.8,14.5,19
WA_2019_3,4,9,9,43,4,13.8,14.5,19
WA_2019_3,202,9,10,43,3,19,14.5,19
WA_2019_3,102,9,11,43,2,18,14.5,19
WA_2019_3,7,9,12,43,1,16.5,14.5,19
WA_2019_3,132,9,13,44,4,12.8,14.5,19
WA_2019_3,122,9,14,44,3,15.9,14.5,19
WA_2019_3,173,9,15,44,2,19.8,14.5,19
WA_2019_3,155,9,16,44,1,20.5,14.5,19
WA_2019_3,86,9,17,45,4,12.8,14.5,19
WA_2019_3,20,9,18,45,3,15.8,14.5,19
WA_2019_3,175,9,19,45,2,16.5,14.5,19
WA_2019_3,187,9,20,45,1,19.8,14.5,19
WA_2019_3,49,10,1,46,4,14.8,13.3,15.6
WA_2019_3,92,10,2,46,3,22.5,13.3,15.6
WA_2019_3,198,10,3,46,2,18.5,13.3,15.6
WA_2019_3,96,10,4,46,1,15.3,13.3,15.6
WA_2019_3,57,10,5,47,4,13,13.3,15.6
WA_2019_3,1,10,6,47,3,20.5,13.3,15.6
WA_2019_3,166,10,7,47,2,20.3,13.3,15.6
WA_2019_3,101,10,8,47,1,16,13.3,15.6
WA_2019_3,178,10,9,48,4,20,13.3,15.6
WA_2019_3,21,10,10,48,3,11.8,13.3,15.6
WA_2019_3,88,10,11,48,2,14.3,13.3,15.6
WA_2019_3,142,10,12,48,1,5.3,13.3,15.6
WA_2019_3,85,10,13,49,4,14.3,13.3,15.6
WA_2019_3,15,10,14,49,3,13,13.3,15.6
WA_2019_3,148,10,15,49,2,15.3,13.3,15.6
WA_2019_3,202,10,16,49,1,15.6,13.3,15.6
WA_2019_3,59,10,17,50,4,15.8,13.3,15.6
WA_2019_3,105,10,18,50,3,14.8,13.3,15.6
WA_2019_3,201,10,19,50,2,13.3,13.3,15.6
WA_2019_3,153,10,20,50,1,16.5,13.3,15.6
WA_2019_3,167,11,1,51,4,20.8,14.8,14.8
WA_2019_3,202,11,2,51,3,14.8,14.8,14.8
WA_2019_3,134,11,3,51,2,16.8,14.8,14.8
WA_2019_3,152,11,4,51,1,12.5,14.8,14.8
WA_2019_3,2,11,5,52,4,21.8,14.8,14.8
WA_2019_3,109,11,6,52,3,11.3,14.8,14.8
WA_2019_3,83,11,7,52,2,15,14.8,14.8
WA_2019_3,39,11,8,52,1,10,14.8,14.8
WA_2019_3,9,11,9,53,4,9.5,14.8,14.8
WA_2019_3,147,11,10,53,3,17,14.8,14.8
WA_2019_3,168,11,11,53,2,21.3,14.8,14.8
WA_2019_3,160,11,12,53,1,22,14.8,14.8
WA_2019_3,60,11,13,54,4,21.3,14.8,14.8
WA_2019_3,157,11,14,54,3,18.3,14.8,14.8
WA_2019_3,62,11,15,54,2,20.6,14.8,14.8
WA_2019_3,81,11,16,54,1,14.8,14.8,14.8
WA_2019_3,201,11,17,55,4,14.8,14.8,14.8
WA_2019_3,65,11,18,55,3,19.3,14.8,14.8
WA_2019_3,30,11,19,55,2,16.3,14.8,14.8
WA_2019_3,144,11,20,55,1,16.5,14.8,14.8
WA_2019_4,123,1,1,1,4,19.5,17.6,15.8
WA_2019_4,29,1,2,1,3,9.3,17.6,15.8
WA_2019_4,162,1,3,1,2,19.1,17.6,15.8
WA_2019_4,201,1,4,1,1,17.6,17.6,15.8
WA_2019_4,126,1,5,2,4,14.8,17.6,15.8
WA_2019_4,191,1,6,2,3,17,17.6,15.8
WA_2019_4,159,1,7,2,2,20.3,17.6,15.8
WA_2019_4,139,1,8,2,1,17.8,17.6,15.8
WA_2019_4,77,1,9,3,4,15,17.6,15.8
WA_2019_4,69,1,10,3,3,20.6,17.6,15.8
WA_2019_4,121,1,11,3,2,17,17.6,15.8
WA_2019_4,84,1,12,3,1,18.5,17.6,15.8
WA_2019_4,133,1,13,4,4,13.3,17.6,15.8
WA_2019_4,125,1,14,4,3,10.8,17.6,15.8
WA_2019_4,202,1,15,4,2,15.8,17.6,15.8
WA_2019_4,32,1,16,4,1,18.3,17.6,15.8
WA_2019_4,37,1,17,5,4,9,17.6,15.8
WA_2019_4,13,1,18,5,3,13.3,17.6,15.8
WA_2019_4,116,1,19,5,2,15.3,17.6,15.8
WA_2019_4,164,1,20,5,1,17.1,17.6,15.8
WA_2019_4,35,2,1,6,4,14.3,16,16.5
WA_2019_4,146,2,2,6,3,19.8,16,16.5
WA_2019_4,43,2,3,6,2,13,16,16.5
WA_2019_4,24,2,4,6,1,15.3,16,16.5
WA_2019_4,202,2,5,7,4,16.5,16,16.5
WA_2019_4,104,2,6,7,3,19,16,16.5
WA_2019_4,76,2,7,7,2,15.3,16,16.5
WA_2019_4,107,2,8,7,1,23.5,16,16.5
WA_2019_4,158,2,9,8,4,17.5,16,16.5
WA_2019_4,195,2,10,8,3,18,16,16.5
WA_2019_4,78,2,11,8,2,14,16,16.5
WA_2019_4,3,2,12,8,1,20.3,16,16.5
WA_2019_4,82,2,13,9,4,16,16,16.5
WA_2019_4,201,2,14,9,3,16,16,16.5
WA_2019_4,34,2,15,9,2,20.5,16,16.5
WA_2019_4,156,2,16,9,1,20.9,16,16.5
WA_2019_4,6,2,17,10,4,19.4,16,16.5
WA_2019_4,52,2,18,10,3,12.8,16,16.5
WA_2019_4,90,2,19,10,2,9.8,16,16.5
WA_2019_4,140,2,20,10,1,16,16,16.5
WA_2019_4,91,3,1,11,4,18,15.3,15.8
WA_2019_4,201,3,2,11,3,15.3,15.3,15.8
WA_2019_4,40,3,3,11,2,13.8,15.3,15.8
WA_2019_4,177,3,4,11,1,18.6,15.3,15.8
WA_2019_4,119,3,5,12,4,15.5,15.3,15.8
WA_2019_4,189,3,6,12,3,21,15.3,15.8
WA_2019_4,145,3,7,12,2,16.8,15.3,15.8
WA_2019_4,186,3,8,12,1,17.5,15.3,15.8
WA_2019_4,114,3,9,13,4,16,15.3,15.8
WA_2019_4,50,3,10,13,3,16,15.3,15.8
WA_2019_4,111,3,11,13,2,17.3,15.3,15.8
WA_2019_4,202,3,12,13,1,15.8,15.3,15.8
WA_2019_4,66,3,13,14,4,17.5,15.3,15.8
WA_2019_4,12,3,14,14,3,9,15.3,15.8
WA_2019_4,197,3,15,14,2,20.5,15.3,15.8
WA_2019_4,185,3,16,14,1,20,15.3,15.8
WA_2019_4,26,3,17,15,4,17.3,15.3,15.8
WA_2019_4,182,3,18,15,3,17.3,15.3,15.8
WA_2019_4,33,3,19,15,2,12.8,15.3,15.8
WA_2019_4,36,3,20,15,1,15.5,15.3,15.8
WA_2019_4,149,4,1,16,4,16.5,14.8,19.5
WA_2019_4,115,4,2,16,3,15.3,14.8,19.5
WA_2019_4,136,4,3,16,2,11.8,14.8,19.5
WA_2019_4,22,4,4,16,1,16.3,14.8,19.5
WA_2019_4,53,4,5,17,4,16.3,14.8,19.5
WA_2019_4,165,4,6,17,3,18.8,14.8,19.5
WA_2019_4,202,4,7,17,2,19.5,14.8,19.5
WA_2019_4,56,4,8,17,1,17.8,14.8,19.5
WA_2019_4,73,4,9,18,4,18.5,14.8,19.5
WA_2019_4,131,4,10,18,3,18,14.8,19.5
WA_2019_4,89,4,11,18,2,16.8,14.8,19.5
WA_2019_4,94,4,12,18,1,20.8,14.8,19.5
WA_2019_4,201,4,13,19,4,14.8,14.8,19.5
WA_2019_4,190,4,14,19,3,18.5,14.8,19.5
WA_2019_4,68,4,15,19,2,16.5,14.8,19.5
WA_2019_4,196,4,16,19,1,20.3,14.8,19.5
WA_2019_4,100,4,17,20,4,8.5,14.8,19.5
WA_2019_4,120,4,18,20,3,14.8,14.8,19.5
WA_2019_4,61,4,19,20,2,18,14.8,19.5
WA_2019_4,179,4,20,20,1,17.5,14.8,19.5
WA_2019_4,124,5,1,21,4,12.8,17.8,16.3
WA_2019_4,174,5,2,21,3,15.5,17.8,16.3
WA_2019_4,128,5,3,21,2,14,17.8,16.3
WA_2019_4,103,5,4,21,1,18,17.8,16.3
WA_2019_4,181,5,5,22,4,19.8,17.8,16.3
WA_2019_4,108,5,6,22,3,16.3,17.8,16.3
WA_2019_4,14,5,7,22,2,17,17.8,16.3
WA_2019_4,201,5,8,22,1,17.8,17.8,16.3
WA_2019_4,127,5,9,23,4,15.8,17.8,16.3
WA_2019_4,17,5,10,23,3,13.8,17.8,16.3
WA_2019_4,172,5,11,23,2,16.8,17.8,16.3
WA_2019_4,23,5,12,23,1,17.8,17.8,16.3
WA_2019_4,99,5,13,24,4,16.8,17.8,16.3
WA_2019_4,202,5,14,24,3,16.3,17.8,16.3
WA_2019_4,67,5,15,24,2,16,17.8,16.3
WA_2019_4,138,5,16,24,1,15.8,17.8,16.3
WA_2019_4,130,5,17,25,4,13.5,17.8,16.3
WA_2019_4,87,5,18,25,3,16.8,17.8,16.3
WA_2019_4,161,5,19,25,2,16.5,17.8,16.3
WA_2019_4,106,5,20,25,1,17,17.8,16.3
WA_2019_4,188,6,1,26,4,17.3,14.3,18.8
WA_2019_4,151,6,2,26,3,17,14.3,18.8
WA_2019_4,19,6,3,26,2,15.8,14.3,18.8
WA_2019_4,202,6,4,26,1,18.8,14.3,18.8
WA_2019_4,154,6,5,27,4,16.3,14.3,18.8
WA_2019_4,5,6,6,27,3,16.5,14.3,18.8
WA_2019_4,80,6,7,27,2,20,14.3,18.8
WA_2019_4,176,6,8,27,1,17.5,14.3,18.8
WA_2019_4,183,6,9,28,4,16.3,14.3,18.8
WA_2019_4,117,6,10,28,3,15.3,14.3,18.8
WA_2019_4,118,6,11,28,2,15.5,14.3,18.8
WA_2019_4,79,6,12,28,1,13.8,14.3,18.8
WA_2019_4,201,6,13,29,4,14.3,14.3,18.8
WA_2019_4,46,6,14,29,3,6.5,14.3,18.8
WA_2019_4,113,6,15,29,2,13.8,14.3,18.8
WA_2019_4,25,6,16,29,1,20.8,14.3,18.8
WA_2019_4,71,6,17,30,4,13.3,14.3,18.8
WA_2019_4,41,6,18,30,3,13.8,14.3,18.8
WA_2019_4,95,6,19,30,2,15.3,14.3,18.8
WA_2019_4,171,6,20,30,1,15.8,14.3,18.8
WA_2019_4,38,7,1,31,4,13,15.5,16.5
WA_2019_4,202,7,2,31,3,16.5,15.5,16.5
WA_2019_4,150,7,3,31,2,16.8,15.5,16.5
WA_2019_4,143,7,4,31,1,16.8,15.5,16.5
WA_2019_4,72,7,5,32,4,15,15.5,16.5
WA_2019_4,11,7,6,32,3,13.5,15.5,16.5
WA_2019_4,135,7,7,32,2,11.3,15.5,16.5
WA_2019_4,54,7,8,32,1,21.8,15.5,16.5
WA_2019_4,27,7,9,33,4,12.8,15.5,16.5
WA_2019_4,45,7,10,33,3,14,15.5,16.5
WA_2019_4,64,7,11,33,2,13,15.5,16.5
WA_2019_4,163,7,12,33,1,17.8,15.5,16.5
WA_2019_4,8,7,13,34,4,9,15.5,16.5
WA_2019_4,51,7,14,34,3,12.8,15.5,16.5
WA_2019_4,201,7,15,34,2,15.5,15.5,16.5
WA_2019_4,192,7,16,34,1,21,15.5,16.5
WA_2019_4,18,7,17,35,4,13.8,15.5,16.5
WA_2019_4,129,7,18,35,3,13.8,15.5,16.5
WA_2019_4,74,7,19,35,2,9,15.5,16.5
WA_2019_4,70,7,20,35,1,22.8,15.5,16.5
WA_2019_4,170,8,1,36,4,20.8,18,16
WA_2019_4,112,8,2,36,3,6.8,18,16
WA_2019_4,93,8,3,36,2,15,18,16
WA_2019_4,98,8,4,36,1,19.8,18,16
WA_2019_4,44,8,5,37,4,16.3,18,16
WA_2019_4,180,8,6,37,3,15.3,18,16
WA_2019_4,137,8,7,37,2,11,18,16
WA_2019_4,193,8,8,37,1,22.3,18,16
WA_2019_4,10,8,9,38,4,17.3,18,16
WA_2019_4,169,8,10,38,3,14,18,16
WA_2019_4,141,8,11,38,2,17.8,18,16
WA_2019_4,58,8,12,38,1,15.3,18,16
WA_2019_4,75,8,13,39,4,8.3,18,16
WA_2019_4,28,8,14,39,3,4.3,18,16
WA_2019_4,47,8,15,39,2,13.3,18,16
WA_2019_4,201,8,16,39,1,18,18,16
WA_2019_4,202,8,17,40,4,16,18,16
WA_2019_4,48,8,18,40,3,11.5,18,16
WA_2019_4,42,8,19,40,2,6.5,18,16
WA_2019_4,194,8,20,40,1,17,18,16
WA_2019_4,97,9,1,41,4,12.8,12.3,14.8
WA_2019_4,31,9,2,41,3,10.3,12.3,14.8
WA_2019_4,63,9,3,41,2,9,12.3,14.8
WA_2019_4,110,9,4,41,1,22.8,12.3,14.8
WA_2019_4,184,9,5,42,4,19.8,12.3,14.8
WA_2019_4,16,9,6,42,3,8.8,12.3,14.8
WA_2019_4,201,9,7,42,2,12.3,12.3,14.8
WA_2019_4,55,9,8,42,1,20.5,12.3,14.8
WA_2019_4,4,9,9,43,4,11.8,12.3,14.8
WA_2019_4,202,9,10,43,3,14.8,12.3,14.8
WA_2019_4,102,9,11,43,2,15.8,12.3,14.8
WA_2019_4,7,9,12,43,1,14.8,12.3,14.8
WA_2019_4,132,9,13,44,4,10,12.3,14.8
WA_2019_4,122,9,14,44,3,13,12.3,14.8
WA_2019_4,173,9,15,44,2,16.5,12.3,14.8
WA_2019_4,155,9,16,44,1,19.5,12.3,14.8
WA_2019_4,86,9,17,45,4,9,12.3,14.8
WA_2019_4,20,9,18,45,3,11.8,12.3,14.8
WA_2019_4,175,9,19,45,2,14,12.3,14.8
WA_2019_4,187,9,20,45,1,20,12.3,14.8
WA_2019_4,49,10,1,46,4,10.5,13.3,16.5
WA_2019_4,92,10,2,46,3,16.5,13.3,16.5
WA_2019_4,198,10,3,46,2,16.8,13.3,16.5
WA_2019_4,96,10,4,46,1,15.5,13.3,16.5
WA_2019_4,57,10,5,47,4,11,13.3,16.5
WA_2019_4,1,10,6,47,3,14.3,13.3,16.5
WA_2019_4,166,10,7,47,2,19,13.3,16.5
WA_2019_4,101,10,8,47,1,15.8,13.3,16.5
WA_2019_4,178,10,9,48,4,16,13.3,16.5
WA_2019_4,21,10,10,48,3,11.3,13.3,16.5
WA_2019_4,88,10,11,48,2,9.5,13.3,16.5
WA_2019_4,142,10,12,48,1,6,13.3,16.5
WA_2019_4,85,10,13,49,4,10.5,13.3,16.5
WA_2019_4,15,10,14,49,3,9,13.3,16.5
WA_2019_4,148,10,15,49,2,15,13.3,16.5
WA_2019_4,202,10,16,49,1,16.5,13.3,16.5
WA_2019_4,59,10,17,50,4,15.3,13.3,16.5
WA_2019_4,105,10,18,50,3,12.3,13.3,16.5
WA_2019_4,201,10,19,50,2,13.3,13.3,16.5
WA_2019_4,153,10,20,50,1,15,13.3,16.5
WA_2019_4,167,11,1,51,4,17.5,14,15.3
WA_2019_4,202,11,2,51,3,15.3,14,15.3
WA_2019_4,134,11,3,51,2,14.5,14,15.3
WA_2019_4,152,11,4,51,1,9.8,14,15.3
WA_2019_4,2,11,5,52,4,20.8,14,15.3
WA_2019_4,109,11,6,52,3,10.8,14,15.3
WA_2019_4,83,11,7,52,2,13.5,14,15.3
WA_2019_4,39,11,8,52,1,9.5,14,15.3
WA_2019_4,9,11,9,53,4,10.5,14,15.3
WA_2019_4,147,11,10,53,3,16,14,15.3
WA_2019_4,168,11,11,53,2,20.3,14,15.3
WA_2019_4,160,11,12,53,1,20.3,14,15.3
WA_2019_4,60,11,13,54,4,16.8,14,15.3
WA_2019_4,157,11,14,54,3,15.5,14,15.3
WA_2019_4,62,11,15,54,2,17.5,14,15.3
WA_2019_4,81,11,16,54,1,14.8,14,15.3
WA_2019_4,201,11,17,55,4,14,14,15.3
WA_2019_4,65,11,18,55,3,17.3,14,15.3
WA_2019_4,30,11,19,55,2,15.8,14,15.3
WA_2019_4,144,11,20,55,1,14.8,14,15.3
WA_2019_5,123,1,1,1,4,21.1,18,16.9
WA_2019_5,29,1,2,1,3,11.3,18,16.9
WA_2019_5,162,1,3,1,2,20.8,18,16.9
WA_2019_5,201,1,4,1,1,18,18,16.9
WA_2019_5,126,1,5,2,4,13.9,18,16.9
WA_2019_5,191,1,6,2,3,17.4,18,16.9
WA_2019_5,159,1,7,2,2,18.6,18,16.9
WA_2019_5,139,1,8,2,1,17.3,18,16.9
WA_2019_5,77,1,9,3,4,16.8,18,16.9
WA_2019_5,69,1,10,3,3,22.6,18,16.9
WA_2019_5,121,1,11,3,2,19.8,18,16.9
WA_2019_5,84,1,12,3,1,18.5,18,16.9
WA_2019_5,133,1,13,4,4,16.9,18,16.9
WA_2019_5,125,1,14,4,3,13.1,18,16.9
WA_2019_5,202,1,15,4,2,16.9,18,16.9
WA_2019_5,32,1,16,4,1,20.5,18,16.9
WA_2019_5,37,1,17,5,4,14.4,18,16.9
WA_2019_5,13,1,18,5,3,17.4,18,16.9
WA_2019_5,116,1,19,5,2,15.1,18,16.9
WA_2019_5,164,1,20,5,1,17.6,18,16.9
WA_2019_5,35,2,1,6,4,17.1,16.5,17
WA_2019_5,146,2,2,6,3,21.1,16.5,17
WA_2019_5,43,2,3,6,2,15.5,16.5,17
WA_2019_5,24,2,4,6,1,15.3,16.5,17
WA_2019_5,202,2,5,7,4,17,16.5,17
WA_2019_5,104,2,6,7,3,17.8,16.5,17
WA_2019_5,76,2,7,7,2,15.9,16.5,17
WA_2019_5,107,2,8,7,1,21.3,16.5,17
WA_2019_5,158,2,9,8,4,20.4,16.5,17
WA_2019_5,195,2,10,8,3,19.4,16.5,17
WA_2019_5,78,2,11,8,2,15.5,16.5,17
WA_2019_5,3,2,12,8,1,21,16.5,17
WA_2019_5,82,2,13,9,4,18.5,16.5,17
WA_2019_5,201,2,14,9,3,16.5,16.5,17
WA_2019_5,34,2,15,9,2,19.9,16.5,17
WA_2019_5,156,2,16,9,1,22.4,16.5,17
WA_2019_5,6,2,17,10,4,21,16.5,17
WA_2019_5,52,2,18,10,3,13.5,16.5,17
WA_2019_5,90,2,19,10,2,15,16.5,17
WA_2019_5,140,2,20,10,1,15,16.5,17
WA_2019_5,91,3,1,11,4,18.5,18,17.5
WA_2019_5,201,3,2,11,3,18,18,17.5
WA_2019_5,40,3,3,11,2,13.3,18,17.5
WA_2019_5,177,3,4,11,1,18.9,18,17.5
WA_2019_5,119,3,5,12,4,16.3,18,17.5
WA_2019_5,189,3,6,12,3,20.3,18,17.5
WA_2019_5,145,3,7,12,2,17.3,18,17.5
WA_2019_5,186,3,8,12,1,21.8,18,17.5
WA_2019_5,114,3,9,13,4,18,18,17.5
WA_2019_5,50,3,10,13,3,17.5,18,17.5
WA_2019_5,111,3,11,13,2,17.8,18,17.5
WA_2019_5,202,3,12,13,1,17.5,18,17.5
WA_2019_5,66,3,13,14,4,22.5,18,17.5
WA_2019_5,12,3,14,14,3,9.8,18,17.5
WA_2019_5,197,3,15,14,2,20.5,18,17.5
WA_2019_5,185,3,16,14,1,22,18,17.5
WA_2019_5,26,3,17,15,4,18.3,18,17.5
WA_2019_5,182,3,18,15,3,19.3,18,17.5
WA_2019_5,33,3,19,15,2,16,18,17.5
WA_2019_5,36,3,20,15,1,16.3,18,17.5
WA_2019_5,149,4,1,16,4,19,12.5,19
WA_2019_5,115,4,2,16,3,17.3,12.5,19
WA_2019_5,136,4,3,16,2,13,12.5,19
WA_2019_5,22,4,4,16,1,18,12.5,19
WA_2019_5,53,4,5,17,4,17,12.5,19
WA_2019_5,165,4,6,17,3,19.8,12.5,19
WA_2019_5,202,4,7,17,2,19,12.5,19
WA_2019_5,56,4,8,17,1,21.5,12.5,19
WA_2019_5,73,4,9,18,4,21.3,12.5,19
WA_2019_5,131,4,10,18,3,20.5,12.5,19
WA_2019_5,89,4,11,18,2,19.9,12.5,19
WA_2019_5,94,4,12,18,1,24.3,12.5,19
WA_2019_5,201,4,13,19,4,12.5,12.5,19
WA_2019_5,190,4,14,19,3,21.3,12.5,19
WA_2019_5,68,4,15,19,2,15.8,12.5,19
WA_2019_5,196,4,16,19,1,23.3,12.5,19
WA_2019_5,100,4,17,20,4,11.9,12.5,19
WA_2019_5,120,4,18,20,3,17.8,12.5,19
WA_2019_5,61,4,19,20,2,19.8,12.5,19
WA_2019_5,179,4,20,20,1,19.5,12.5,19
WA_2019_5,124,5,1,21,4,13.8,18.8,16.5
WA_2019_5,174,5,2,21,3,16.3,18.8,16.5
WA_2019_5,128,5,3,21,2,15.9,18.8,16.5
WA_2019_5,103,5,4,21,1,20,18.8,16.5
WA_2019_5,181,5,5,22,4,17.3,18.8,16.5
WA_2019_5,108,5,6,22,3,15.4,18.8,16.5
WA_2019_5,14,5,7,22,2,17.3,18.8,16.5
WA_2019_5,201,5,8,22,1,18.8,18.8,16.5
WA_2019_5,127,5,9,23,4,16,18.8,16.5
WA_2019_5,17,5,10,23,3,14.5,18.8,16.5
WA_2019_5,172,5,11,23,2,20.6,18.8,16.5
WA_2019_5,23,5,12,23,1,18,18.8,16.5
WA_2019_5,99,5,13,24,4,16.8,18.8,16.5
WA_2019_5,202,5,14,24,3,16.5,18.8,16.5
WA_2019_5,67,5,15,24,2,18.6,18.8,16.5
WA_2019_5,138,5,16,24,1,19,18.8,16.5
WA_2019_5,130,5,17,25,4,16.3,18.8,16.5
WA_2019_5,87,5,18,25,3,19.3,18.8,16.5
WA_2019_5,161,5,19,25,2,17.1,18.8,16.5
WA_2019_5,106,5,20,25,1,17.6,18.8,16.5
WA_2019_5,188,6,1,26,4,20.8,17.4,18.4
WA_2019_5,151,6,2,26,3,17.3,17.4,18.4
WA_2019_5,19,6,3,26,2,15.4,17.4,18.4
WA_2019_5,202,6,4,26,1,18.4,17.4,18.4
WA_2019_5,154,6,5,27,4,18.6,17.4,18.4
WA_2019_5,5,6,6,27,3,18.9,17.4,18.4
WA_2019_5,80,6,7,27,2,19.8,17.4,18.4
WA_2019_5,176,6,8,27,1,19.3,17.4,18.4
WA_2019_5,183,6,9,28,4,17.9,17.4,18.4
WA_2019_5,117,6,10,28,3,16.4,17.4,18.4
WA_2019_5,118,6,11,28,2,14.5,17.4,18.4
WA_2019_5,79,6,12,28,1,14.4,17.4,18.4
WA_2019_5,201,6,13,29,4,17.4,17.4,18.4
WA_2019_5,46,6,14,29,3,13.5,17.4,18.4
WA_2019_5,113,6,15,29,2,18.4,17.4,18.4
WA_2019_5,25,6,16,29,1,23.9,17.4,18.4
WA_2019_5,71,6,17,30,4,16.8,17.4,18.4
WA_2019_5,41,6,18,30,3,13.5,17.4,18.4
WA_2019_5,95,6,19,30,2,16.3,17.4,18.4
WA_2019_5,171,6,20,30,1,20.4,17.4,18.4
WA_2019_5,38,7,1,31,4,12.9,12.4,18.4
WA_2019_5,202,7,2,31,3,18.4,12.4,18.4
WA_2019_5,150,7,3,31,2,19.4,12.4,18.4
WA_2019_5,143,7,4,31,1,19.8,12.4,18.4
WA_2019_5,72,7,5,32,4,16.5,12.4,18.4
WA_2019_5,11,7,6,32,3,19.6,12.4,18.4
WA_2019_5,135,7,7,32,2,17.9,12.4,18.4
WA_2019_5,54,7,8,32,1,12,12.4,18.4
WA_2019_5,27,7,9,33,4,13,12.4,18.4
WA_2019_5,45,7,10,33,3,12.5,12.4,18.4
WA_2019_5,64,7,11,33,2,14.1,12.4,18.4
WA_2019_5,163,7,12,33,1,19.5,12.4,18.4
WA_2019_5,8,7,13,34,4,11.9,12.4,18.4
WA_2019_5,51,7,14,34,3,13.1,12.4,18.4
WA_2019_5,201,7,15,34,2,12.4,12.4,18.4
WA_2019_5,192,7,16,34,1,20,12.4,18.4
WA_2019_5,18,7,17,35,4,18,12.4,18.4
WA_2019_5,129,7,18,35,3,14.6,12.4,18.4
WA_2019_5,74,7,19,35,2,12.4,12.4,18.4
WA_2019_5,70,7,20,35,1,23.8,12.4,18.4
WA_2019_5,170,8,1,36,4,20.3,19.5,17.5
WA_2019_5,112,8,2,36,3,10.5,19.5,17.5
WA_2019_5,93,8,3,36,2,16,19.5,17.5
WA_2019_5,98,8,4,36,1,20.8,19.5,17.5
WA_2019_5,44,8,5,37,4,17.5,19.5,17.5
WA_2019_5,180,8,6,37,3,16.5,19.5,17.5
WA_2019_5,137,8,7,37,2,12.8,19.5,17.5
WA_2019_5,193,8,8,37,1,22.9,19.5,17.5
WA_2019_5,10,8,9,38,4,16.8,19.5,17.5
WA_2019_5,169,8,10,38,3,13.8,19.5,17.5
WA_2019_5,141,8,11,38,2,19,19.5,17.5
WA_2019_5,58,8,12,38,1,14.5,19.5,17.5
WA_2019_5,75,8,13,39,4,11.3,19.5,17.5
WA_2019_5,28,8,14,39,3,5.9,19.5,17.5
WA_2019_5,47,8,15,39,2,15.5,19.5,17.5
WA_2019_5,201,8,16,39,1,19.5,19.5,17.5
WA_2019_5,202,8,17,40,4,17.5,19.5,17.5
WA_2019_5,48,8,18,40,3,14.3,19.5,17.5
WA_2019_5,42,8,19,40,2,10.8,19.5,17.5
WA_2019_5,194,8,20,40,1,21.3,19.5,17.5
WA_2019_5,97,9,1,41,4,11.3,13.3,16
WA_2019_5,31,9,2,41,3,13.8,13.3,16
WA_2019_5,63,9,3,41,2,11,13.3,16
WA_2019_5,110,9,4,41,1,24.5,13.3,16
WA_2019_5,184,9,5,42,4,18.5,13.3,16
WA_2019_5,16,9,6,42,3,14.3,13.3,16
WA_2019_5,201,9,7,42,2,13.3,13.3,16
WA_2019_5,55,9,8,42,1,19,13.3,16
WA_2019_5,4,9,9,43,4,13.5,13.3,16
WA_2019_5,202,9,10,43,3,16,13.3,16
WA_2019_5,102,9,11,43,2,18.3,13.3,16
WA_2019_5,7,9,12,43,1,18.5,13.3,16
WA_2019_5,132,9,13,44,4,13.3,13.3,16
WA_2019_5,122,9,14,44,3,13.5,13.3,16
WA_2019_5,173,9,15,44,2,16,13.3,16
WA_2019_5,155,9,16,44,1,18.8,13.3,16
WA_2019_5,86,9,17,45,4,11.5,13.3,16
WA_2019_5,20,9,18,45,3,12.8,13.3,16
WA_2019_5,175,9,19,45,2,16.5,13.3,16
WA_2019_5,187,9,20,45,1,19.8,13.3,16
WA_2019_5,49,10,1,46,4,15.8,13,17.3
WA_2019_5,92,10,2,46,3,16.5,13,17.3
WA_2019_5,198,10,3,46,2,16.8,13,17.3
WA_2019_5,96,10,4,46,1,15.8,13,17.3
WA_2019_5,57,10,5,47,4,13.8,13,17.3
WA_2019_5,1,10,6,47,3,15,13,17.3
WA_2019_5,166,10,7,47,2,19.8,13,17.3
WA_2019_5,101,10,8,47,1,17.5,13,17.3
WA_2019_5,178,10,9,48,4,17.3,13,17.3
WA_2019_5,21,10,10,48,3,10.5,13,17.3
WA_2019_5,88,10,11,48,2,9,13,17.3
WA_2019_5,142,10,12,48,1,7.8,13,17.3
WA_2019_5,85,10,13,49,4,11.3,13,17.3
WA_2019_5,15,10,14,49,3,11.5,13,17.3
WA_2019_5,148,10,15,49,2,17,13,17.3
WA_2019_5,202,10,16,49,1,17.3,13,17.3
WA_2019_5,59,10,17,50,4,14.3,13,17.3
WA_2019_5,105,10,18,50,3,18.3,13,17.3
WA_2019_5,201,10,19,50,2,13,13,17.3
WA_2019_5,153,10,20,50,1,16.5,13,17.3
WA_2019_5,167,11,1,51,4,18,17,13.5
WA_2019_5,202,11,2,51,3,13.5,17,13.5
WA_2019_5,134,11,3,51,2,15.3,17,13.5
WA_2019_5,152,11,4,51,1,12.5,17,13.5
WA_2019_5,2,11,5,52,4,21.3,17,13.5
WA_2019_5,109,11,6,52,3,18,17,13.5
WA_2019_5,83,11,7,52,2,15,17,13.5
WA_2019_5,39,11,8,52,1,9.5,17,13.5
WA_2019_5,9,11,9,53,4,9.8,17,13.5
WA_2019_5,147,11,10,53,3,14,17,13.5
WA_2019_5,168,11,11,53,2,20.3,17,13.5
WA_2019_5,160,11,12,53,1,18.8,17,13.5
WA_2019_5,60,11,13,54,4,17,17,13.5
WA_2019_5,157,11,14,54,3,18,17,13.5
WA_2019_5,62,11,15,54,2,18,17,13.5
WA_2019_5,81,11,16,54,1,15.3,17,13.5
WA_2019_5,201,11,17,55,4,17,17,13.5
WA_2019_5,65,11,18,55,3,12.8,17,13.5
WA_2019_5,30,11,19,55,2,15,17,13.5
WA_2019_5,144,11,20,55,1,13.5,17,13.5
WA_2020_1,123,1,1,1,4,25.5,23.8,26.2
WA_2020_1,29,1,2,1,3,20.4,23.8,26.2
WA_2020_1,162,1,3,1,2,26.9,23.8,26.2
WA_2020_1,201,1,4,1,1,23.8,23.8,26.2
WA_2020_1,126,1,5,2,4,21.2,23.8,26.2
WA_2020_1,191,1,6,2,3,22.7,23.8,26.2
WA_2020_1,159,1,7,2,2,27.6,23.8,26.2
WA_2020_1,139,1,8,2,1,22.3,23.8,26.2
WA_2020_1,77,1,9,3,4,19.3,23.8,26.2
WA_2020_1,69,1,10,3,3,23.7,23.8,26.2
WA_2020_1,121,1,11,3,2,22.9,23.8,26.2
WA_2020_1,84,1,12,3,1,27,23.8,26.2
WA_2020_1,133,1,13,4,4,19.3,23.8,26.2
WA_2020_1,125,1,14,4,3,19.2,23.8,26.2
WA_2020_1,202,1,15,4,2,26.2,23.8,26.2
WA_2020_1,32,1,16,4,1,26.7,23.8,26.2
WA_2020_1,37,1,17,5,4,21.3,23.8,26.2
WA_2020_1,13,1,18,5,3,21.6,23.8,26.2
WA_2020_1,116,1,19,5,2,25.3,23.8,26.2
WA_2020_1,164,1,20,5,1,24.1,23.8,26.2
WA_2020_1,35,2,1,6,4,25.8,26.3,26.4
WA_2020_1,146,2,2,6,3,25.9,26.3,26.4
WA_2020_1,43,2,3,6,2,24.6,26.3,26.4
WA_2020_1,24,2,4,6,1,25.8,26.3,26.4
WA_2020_1,202,2,5,7,4,26.4,26.3,26.4
WA_2020_1,104,2,6,7,3,25.2,26.3,26.4
WA_2020_1,76,2,7,7,2,22.3,26.3,26.4
WA_2020_1,107,2,8,7,1,27.7,26.3,26.4
WA_2020_1,158,2,9,8,4,28.8,26.3,26.4
WA_2020_1,195,2,10,8,3,26.9,26.3,26.4
WA_2020_1,78,2,11,8,2,23,26.3,26.4
WA_2020_1,3,2,12,8,1,27.7,26.3,26.4
WA_2020_1,82,2,13,9,4,28.2,26.3,26.4
WA_2020_1,201,2,14,9,3,26.3,26.3,26.4
WA_2020_1,34,2,15,9,2,26.8,26.3,26.4
WA_2020_1,156,2,16,9,1,27.4,26.3,26.4
WA_2020_1,6,2,17,10,4,25.9,26.3,26.4
WA_2020_1,52,2,18,10,3,22.7,26.3,26.4
WA_2020_1,90,2,19,10,2,21.7,26.3,26.4
WA_2020_1,140,2,20,10,1,26.6,26.3,26.4
WA_2020_1,91,3,1,11,4,27.2,27.6,26.1
WA_2020_1,201,3,2,11,3,27.6,27.6,26.1
WA_2020_1,40,3,3,11,2,25.4,27.6,26.1
WA_2020_1,177,3,4,11,1,25.2,27.6,26.1
WA_2020_1,119,3,5,12,4,23.7,27.6,26.1
WA_2020_1,189,3,6,12,3,28.3,27.6,26.1
WA_2020_1,145,3,7,12,2,27.8,27.6,26.1
WA_2020_1,186,3,8,12,1,26.4,27.6,26.1
WA_2020_1,114,3,9,13,4,27,27.6,26.1
WA_2020_1,50,3,10,13,3,20.6,27.6,26.1
WA_2020_1,111,3,11,13,2,26.6,27.6,26.1
WA_2020_1,202,3,12,13,1,26.1,27.6,26.1
WA_2020_1,66,3,13,14,4,22.6,27.6,26.1
WA_2020_1,12,3,14,14,3,20.4,27.6,26.1
WA_2020_1,197,3,15,14,2,28.2,27.6,26.1
WA_2020_1,185,3,16,14,1,25.3,27.6,26.1
WA_2020_1,26,3,17,15,4,26.8,27.6,26.1
WA_2020_1,182,3,18,15,3,28.1,27.6,26.1
WA_2020_1,33,3,19,15,2,24,27.6,26.1
WA_2020_1,36,3,20,15,1,25.3,27.6,26.1
WA_2020_1,149,4,1,16,4,26.6,27.7,26.8
WA_2020_1,115,4,2,16,3,21.9,27.7,26.8
WA_2020_1,136,4,3,16,2,22.7,27.7,26.8
WA_2020_1,22,4,4,16,1,22.6,27.7,26.8
WA_2020_1,53,4,5,17,4,24.5,27.7,26.8
WA_2020_1,165,4,6,17,3,26.3,27.7,26.8
WA_2020_1,202,4,7,17,2,26.8,27.7,26.8
WA_2020_1,56,4,8,17,1,23.8,27.7,26.8
WA_2020_1,73,4,9,18,4,26.6,27.7,26.8
WA_2020_1,131,4,10,18,3,27.8,27.7,26.8
WA_2020_1,89,4,11,18,2,27.6,27.7,26.8
WA_2020_1,94,4,12,18,1,28.1,27.7,26.8
WA_2020_1,201,4,13,19,4,27.7,27.7,26.8
WA_2020_1,190,4,14,19,3,28.4,27.7,26.8
WA_2020_1,68,4,15,19,2,24.6,27.7,26.8
WA_2020_1,196,4,16,19,1,28.6,27.7,26.8
WA_2020_1,100,4,17,20,4,22.9,27.7,26.8
WA_2020_1,120,4,18,20,3,23.8,27.7,26.8
WA_2020_1,61,4,19,20,2,26.7,27.7,26.8
WA_2020_1,179,4,20,20,1,26.1,27.7,26.8
WA_2020_1,124,5,1,21,4,19.2,27.4,24.9
WA_2020_1,174,5,2,21,3,28.2,27.4,24.9
WA_2020_1,128,5,3,21,2,25.7,27.4,24.9
WA_2020_1,103,5,4,21,1,28.2,27.4,24.9
WA_2020_1,181,5,5,22,4,26,27.4,24.9
WA_2020_1,108,5,6,22,3,26,27.4,24.9
WA_2020_1,14,5,7,22,2,24.1,27.4,24.9
WA_2020_1,201,5,8,22,1,27.4,27.4,24.9
WA_2020_1,127,5,9,23,4,26.1,27.4,24.9
WA_2020_1,17,5,10,23,3,21.7,27.4,24.9
WA_2020_1,172,5,11,23,2,27.9,27.4,24.9
WA_2020_1,23,5,12,23,1,26.3,27.4,24.9
WA_2020_1,99,5,13,24,4,26.1,27.4,24.9
WA_2020_1,202,5,14,24,3,24.9,27.4,24.9
WA_2020_1,67,5,15,24,2,23.6,27.4,24.9
WA_2020_1,138,5,16,24,1,24.8,27.4,24.9
WA_2020_1,130,5,17,25,4,21.5,27.4,24.9
WA_2020_1,87,5,18,25,3,23.1,27.4,24.9
WA_2020_1,161,5,19,25,2,24.6,27.4,24.9
WA_2020_1,106,5,20,25,1,27.1,27.4,24.9
WA_2020_1,188,6,1,26,4,27.2,27.2,27.5
WA_2020_1,151,6,2,26,3,25.9,27.2,27.5
WA_2020_1,19,6,3,26,2,25.9,27.2,27.5
WA_2020_1,202,6,4,26,1,27.5,27.2,27.5
WA_2020_1,154,6,5,27,4,27.8,27.2,27.5
WA_2020_1,5,6,6,27,3,28.8,27.2,27.5
WA_2020_1,80,6,7,27,2,25.9,27.2,27.5
WA_2020_1,176,6,8,27,1,24.3,27.2,27.5
WA_2020_1,183,6,9,28,4,26.1,27.2,27.5
WA_2020_1,117,6,10,28,3,23.1,27.2,27.5
WA_2020_1,118,6,11,28,2,25.4,27.2,27.5
WA_2020_1,79,6,12,28,1,27.1,27.2,27.5
WA_2020_1,201,6,13,29,4,27.2,27.2,27.5
WA_2020_1,46,6,14,29,3,23.8,27.2,27.5
WA_2020_1,113,6,15,29,2,24.7,27.2,27.5
WA_2020_1,25,6,16,29,1,20.5,27.2,27.5
WA_2020_1,71,6,17,30,4,24.6,27.2,27.5
WA_2020_1,41,6,18,30,3,21.4,27.2,27.5
WA_2020_1,95,6,19,30,2,25.1,27.2,27.5
WA_2020_1,171,6,20,30,1,26.2,27.2,27.5
WA_2020_1,38,7,1,31,4,23.5,27.2,25.3
WA_2020_1,202,7,2,31,3,25.3,27.2,25.3
WA_2020_1,150,7,3,31,2,26,27.2,25.3
WA_2020_1,143,7,4,31,1,24,27.2,25.3
WA_2020_1,72,7,5,32,4,24.4,27.2,25.3
WA_2020_1,11,7,6,32,3,23.4,27.2,25.3
WA_2020_1,135,7,7,32,2,21.3,27.2,25.3
WA_2020_1,54,7,8,32,1,29.6,27.2,25.3
WA_2020_1,27,7,9,33,4,22.4,27.2,25.3
WA_2020_1,45,7,10,33,3,21.2,27.2,25.3
WA_2020_1,64,7,11,33,2,22.4,27.2,25.3
WA_2020_1,163,7,12,33,1,29.8,27.2,25.3
WA_2020_1,8,7,13,34,4,19.7,27.2,25.3
WA_2020_1,51,7,14,34,3,24,27.2,25.3
WA_2020_1,201,7,15,34,2,27.2,27.2,25.3
WA_2020_1,192,7,16,34,1,31.4,27.2,25.3
WA_2020_1,18,7,17,35,4,21.1,27.2,25.3
WA_2020_1,129,7,18,35,3,18.8,27.2,25.3
WA_2020_1,74,7,19,35,2,22.4,27.2,25.3
WA_2020_1,70,7,20,35,1,27.1,27.2,25.3
WA_2020_1,170,8,1,36,4,26.4,14.9,25.5
WA_2020_1,112,8,2,36,3,21.9,14.9,25.5
WA_2020_1,93,8,3,36,2,30,14.9,25.5
WA_2020_1,98,8,4,36,1,25,14.9,25.5
WA_2020_1,44,8,5,37,4,20.7,14.9,25.5
WA_2020_1,180,8,6,37,3,24.4,14.9,25.5
WA_2020_1,137,8,7,37,2,23.9,14.9,25.5
WA_2020_1,193,8,8,37,1,30.5,14.9,25.5
WA_2020_1,10,8,9,38,4,22.9,14.9,25.5
WA_2020_1,169,8,10,38,3,23.9,14.9,25.5
WA_2020_1,141,8,11,38,2,27.4,14.9,25.5
WA_2020_1,58,8,12,38,1,24.2,14.9,25.5
WA_2020_1,75,8,13,39,4,26.4,14.9,25.5
WA_2020_1,28,8,14,39,3,21.1,14.9,25.5
WA_2020_1,47,8,15,39,2,24.8,14.9,25.5
WA_2020_1,201,8,16,39,1,14.9,14.9,25.5
WA_2020_1,202,8,17,40,4,25.5,14.9,25.5
WA_2020_1,48,8,18,40,3,19.4,14.9,25.5
WA_2020_1,42,8,19,40,2,24.9,14.9,25.5
WA_2020_1,194,8,20,40,1,30.2,14.9,25.5
WA_2020_1,97,9,1,41,4,21.9,24.7,26.2
WA_2020_1,31,9,2,41,3,19.8,24.7,26.2
WA_2020_1,63,9,3,41,2,22.3,24.7,26.2
WA_2020_1,110,9,4,41,1,25.9,24.7,26.2
WA_2020_1,184,9,5,42,4,25.9,24.7,26.2
WA_2020_1,16,9,6,42,3,21.3,24.7,26.2
WA_2020_1,201,9,7,42,2,24.7,24.7,26.2
WA_2020_1,55,9,8,42,1,27.4,24.7,26.2
WA_2020_1,4,9,9,43,4,22.3,24.7,26.2
WA_2020_1,202,9,10,43,3,26.2,24.7,26.2
WA_2020_1,102,9,11,43,2,27.1,24.7,26.2
WA_2020_1,7,9,12,43,1,26.5,24.7,26.2
WA_2020_1,132,9,13,44,4,21.8,24.7,26.2
WA_2020_1,122,9,14,44,3,23.9,24.7,26.2
WA_2020_1,173,9,15,44,2,25.4,24.7,26.2
WA_2020_1,155,9,16,44,1,29.5,24.7,26.2
WA_2020_1,86,9,17,45,4,20.8,24.7,26.2
WA_2020_1,20,9,18,45,3,22.8,24.7,26.2
WA_2020_1,175,9,19,45,2,25.5,24.7,26.2
WA_2020_1,187,9,20,45,1,28.9,24.7,26.2
WA_2020_1,49,10,1,46,4,24.2,25.4,27.9
WA_2020_1,92,10,2,46,3,29,25.4,27.9
WA_2020_1,198,10,3,46,2,25.3,25.4,27.9
WA_2020_1,96,10,4,46,1,27.4,25.4,27.9
WA_2020_1,57,10,5,47,4,22.5,25.4,27.9
WA_2020_1,1,10,6,47,3,22.9,25.4,27.9
WA_2020_1,166,10,7,47,2,25,25.4,27.9
WA_2020_1,101,10,8,47,1,24.8,25.4,27.9
WA_2020_1,178,10,9,48,4,29,25.4,27.9
WA_2020_1,21,10,10,48,3,19,25.4,27.9
WA_2020_1,88,10,11,48,2,19.4,25.4,27.9
WA_2020_1,142,10,12,48,1,19.4,25.4,27.9
WA_2020_1,85,10,13,49,4,26.1,25.4,27.9
WA_2020_1,15,10,14,49,3,21.8,25.4,27.9
WA_2020_1,148,10,15,49,2,25.2,25.4,27.9
WA_2020_1,202,10,16,49,1,27.9,25.4,27.9
WA_2020_1,59,10,17,50,4,19.2,25.4,27.9
WA_2020_1,105,10,18,50,3,23.4,25.4,27.9
WA_2020_1,201,10,19,50,2,25.4,25.4,27.9
WA_2020_1,153,10,20,50,1,24.9,25.4,27.9
WA_2020_1,167,11,1,51,4,28.2,26.7,25.5
WA_2020_1,202,11,2,51,3,25.5,26.7,25.5
WA_2020_1,134,11,3,51,2,25.5,26.7,25.5
WA_2020_1,152,11,4,51,1,19.6,26.7,25.5
WA_2020_1,2,11,5,52,4,25.9,26.7,25.5
WA_2020_1,109,11,6,52,3,23.4,26.7,25.5
WA_2020_1,83,11,7,52,2,21.7,26.7,25.5
WA_2020_1,39,11,8,52,1,21.5,26.7,25.5
WA_2020_1,9,11,9,53,4,24.6,26.7,25.5
WA_2020_1,147,11,10,53,3,25.8,26.7,25.5
WA_2020_1,168,11,11,53,2,25.1,26.7,25.5
WA_2020_1,160,11,12,53,1,29.6,26.7,25.5
WA_2020_1,60,11,13,54,4,27.6,26.7,25.5
WA_2020_1,157,11,14,54,3,29.3,26.7,25.5
WA_2020_1,62,11,15,54,2,25.5,26.7,25.5
WA_2020_1,81,11,16,54,1,22.3,26.7,25.5
WA_2020_1,201,11,17,55,4,26.7,26.7,25.5
WA_2020_1,65,11,18,55,3,24.9,26.7,25.5
WA_2020_1,30,11,19,55,2,24,26.7,25.5
WA_2020_1,144,11,20,55,1,22.9,26.7,25.5
WA_2020_2,123,1,1,1,4,15.7,17.8,14.7
WA_2020_2,29,1,2,1,3,13.6,17.8,14.7
WA_2020_2,162,1,3,1,2,21.1,17.8,14.7
WA_2020_2,201,1,4,1,1,17.8,17.8,14.7
WA_2020_2,126,1,5,2,4,13.8,17.8,14.7
WA_2020_2,191,1,6,2,3,21.8,17.8,14.7
WA_2020_2,159,1,7,2,2,22.8,17.8,14.7
WA_2020_2,139,1,8,2,1,14.3,17.8,14.7
WA_2020_2,77,1,9,3,4,13.8,17.8,14.7
WA_2020_2,69,1,10,3,3,22.5,17.8,14.7
WA_2020_2,121,1,11,3,2,21.5,17.8,14.7
WA_2020_2,84,1,12,3,1,17.2,17.8,14.7
WA_2020_2,133,1,13,4,4,13.7,17.8,14.7
WA_2020_2,125,1,14,4,3,15.2,17.8,14.7
WA_2020_2,202,1,15,4,2,14.7,17.8,14.7
WA_2020_2,32,1,16,4,1,18.2,17.8,14.7
WA_2020_2,37,1,17,5,4,15,17.8,14.7
WA_2020_2,13,1,18,5,3,15.5,17.8,14.7
WA_2020_2,116,1,19,5,2,14.5,17.8,14.7
WA_2020_2,164,1,20,5,1,17.6,17.8,14.7
WA_2020_2,35,2,1,6,4,22.2,18,19.4
WA_2020_2,146,2,2,6,3,23.3,18,19.4
WA_2020_2,43,2,3,6,2,14.7,18,19.4
WA_2020_2,24,2,4,6,1,14.3,18,19.4
WA_2020_2,202,2,5,7,4,19.4,18,19.4
WA_2020_2,104,2,6,7,3,17.2,18,19.4
WA_2020_2,76,2,7,7,2,14.2,18,19.4
WA_2020_2,107,2,8,7,1,20.9,18,19.4
WA_2020_2,158,2,9,8,4,20.7,18,19.4
WA_2020_2,195,2,10,8,3,20.3,18,19.4
WA_2020_2,78,2,11,8,2,19.7,18,19.4
WA_2020_2,3,2,12,8,1,22.1,18,19.4
WA_2020_2,82,2,13,9,4,19.6,18,19.4
WA_2020_2,201,2,14,9,3,18,18,19.4
WA_2020_2,34,2,15,9,2,22.3,18,19.4
WA_2020_2,156,2,16,9,1,23.6,18,19.4
WA_2020_2,6,2,17,10,4,20.9,18,19.4
WA_2020_2,52,2,18,10,3,12.6,18,19.4
WA_2020_2,90,2,19,10,2,13.1,18,19.4
WA_2020_2,140,2,20,10,1,17.3,18,19.4
WA_2020_2,91,3,1,11,4,21.2,19,17.5
WA_2020_2,201,3,2,11,3,19,19,17.5
WA_2020_2,40,3,3,11,2,14.7,19,17.5
WA_2020_2,177,3,4,11,1,18.7,19,17.5
WA_2020_2,119,3,5,12,4,15.3,19,17.5
WA_2020_2,189,3,6,12,3,21.2,19,17.5
WA_2020_2,145,3,7,12,2,18.5,19,17.5
WA_2020_2,186,3,8,12,1,18.5,19,17.5
WA_2020_2,114,3,9,13,4,16.4,19,17.5
WA_2020_2,50,3,10,13,3,16.7,19,17.5
WA_2020_2,111,3,11,13,2,19.4,19,17.5
WA_2020_2,202,3,12,13,1,17.5,19,17.5
WA_2020_2,66,3,13,14,4,20,19,17.5
WA_2020_2,12,3,14,14,3,11.2,19,17.5
WA_2020_2,197,3,15,14,2,21.7,19,17.5
WA_2020_2,185,3,16,14,1,21.7,19,17.5
WA_2020_2,26,3,17,15,4,17.8,19,17.5
WA_2020_2,182,3,18,15,3,18.4,19,17.5
WA_2020_2,33,3,19,15,2,16.8,19,17.5
WA_2020_2,36,3,20,15,1,18.2,19,17.5
WA_2020_2,149,4,1,16,4,18.4,14.9,19.9
WA_2020_2,115,4,2,16,3,13.4,14.9,19.9
WA_2020_2,136,4,3,16,2,12.8,14.9,19.9
WA_2020_2,22,4,4,16,1,14.8,14.9,19.9
WA_2020_2,53,4,5,17,4,18.8,14.9,19.9
WA_2020_2,165,4,6,17,3,19.8,14.9,19.9
WA_2020_2,202,4,7,17,2,19.9,14.9,19.9
WA_2020_2,56,4,8,17,1,22.6,14.9,19.9
WA_2020_2,73,4,9,18,4,20.1,14.9,19.9
WA_2020_2,131,4,10,18,3,21.6,14.9,19.9
WA_2020_2,89,4,11,18,2,22.1,14.9,19.9
WA_2020_2,94,4,12,18,1,23,14.9,19.9
WA_2020_2,201,4,13,19,4,14.9,14.9,19.9
WA_2020_2,190,4,14,19,3,19.8,14.9,19.9
WA_2020_2,68,4,15,19,2,14.5,14.9,19.9
WA_2020_2,196,4,16,19,1,23.6,14.9,19.9
WA_2020_2,100,4,17,20,4,13.1,14.9,19.9
WA_2020_2,120,4,18,20,3,17.3,14.9,19.9
WA_2020_2,61,4,19,20,2,19.2,14.9,19.9
WA_2020_2,179,4,20,20,1,21.9,14.9,19.9
WA_2020_2,124,5,1,21,4,15.6,20,19.1
WA_2020_2,174,5,2,21,3,17.7,20,19.1
WA_2020_2,128,5,3,21,2,18.5,20,19.1
WA_2020_2,103,5,4,21,1,22.8,20,19.1
WA_2020_2,181,5,5,22,4,22.8,20,19.1
WA_2020_2,108,5,6,22,3,17.5,20,19.1
WA_2020_2,14,5,7,22,2,16.6,20,19.1
WA_2020_2,201,5,8,22,1,20,20,19.1
WA_2020_2,127,5,9,23,4,16.6,20,19.1
WA_2020_2,17,5,10,23,3,13.7,20,19.1
WA_2020_2,172,5,11,23,2,19.7,20,19.1
WA_2020_2,23,5,12,23,1,20.3,20,19.1
WA_2020_2,99,5,13,24,4,18.8,20,19.1
WA_2020_2,202,5,14,24,3,19.1,20,19.1
WA_2020_2,67,5,15,24,2,20.1,20,19.1
WA_2020_2,138,5,16,24,1,14.4,20,19.1
WA_2020_2,130,5,17,25,4,16.1,20,19.1
WA_2020_2,87,5,18,25,3,18.8,20,19.1
WA_2020_2,161,5,19,25,2,19.3,20,19.1
WA_2020_2,106,5,20,25,1,18.9,20,19.1
WA_2020_2,188,6,1,26,4,22.3,16.3,21.6
WA_2020_2,151,6,2,26,3,19,16.3,21.6
WA_2020_2,19,6,3,26,2,19.4,16.3,21.6
WA_2020_2,202,6,4,26,1,21.6,16.3,21.6
WA_2020_2,154,6,5,27,4,16.9,16.3,21.6
WA_2020_2,5,6,6,27,3,22.4,16.3,21.6
WA_2020_2,80,6,7,27,2,21.3,16.3,21.6
WA_2020_2,176,6,8,27,1,22.5,16.3,21.6
WA_2020_2,183,6,9,28,4,20.7,16.3,21.6
WA_2020_2,117,6,10,28,3,15.1,16.3,21.6
WA_2020_2,118,6,11,28,2,17.5,16.3,21.6
WA_2020_2,79,6,12,28,1,15.3,16.3,21.6
WA_2020_2,201,6,13,29,4,16.3,16.3,21.6
WA_2020_2,46,6,14,29,3,13.6,16.3,21.6
WA_2020_2,113,6,15,29,2,15,16.3,21.6
WA_2020_2,25,6,16,29,1,19.7,16.3,21.6
WA_2020_2,71,6,17,30,4,13.3,16.3,21.6
WA_2020_2,41,6,18,30,3,16.9,16.3,21.6
WA_2020_2,95,6,19,30,2,19.9,16.3,21.6
WA_2020_2,171,6,20,30,1,21.3,16.3,21.6
WA_2020_2,38,7,1,31,4,13.9,15.5,17.9
WA_2020_2,202,7,2,31,3,17.9,15.5,17.9
WA_2020_2,150,7,3,31,2,17.9,15.5,17.9
WA_2020_2,143,7,4,31,1,18.3,15.5,17.9
WA_2020_2,72,7,5,32,4,13.9,15.5,17.9
WA_2020_2,11,7,6,32,3,13.4,15.5,17.9
WA_2020_2,135,7,7,32,2,14.3,15.5,17.9
WA_2020_2,54,7,8,32,1,20.6,15.5,17.9
WA_2020_2,27,7,9,33,4,12.5,15.5,17.9
WA_2020_2,45,7,10,33,3,14.7,15.5,17.9
WA_2020_2,64,7,11,33,2,15.7,15.5,17.9
WA_2020_2,163,7,12,33,1,17,15.5,17.9
WA_2020_2,8,7,13,34,4,8.4,15.5,17.9
WA_2020_2,51,7,14,34,3,13.9,15.5,17.9
WA_2020_2,201,7,15,34,2,15.5,15.5,17.9
WA_2020_2,192,7,16,34,1,19.3,15.5,17.9
WA_2020_2,18,7,17,35,4,14.1,15.5,17.9
WA_2020_2,129,7,18,35,3,14.7,15.5,17.9
WA_2020_2,74,7,19,35,2,12,15.5,17.9
WA_2020_2,70,7,20,35,1,19.6,15.5,17.9
WA_2020_2,170,8,1,36,4,17.9,15.5,15.8
WA_2020_2,112,8,2,36,3,14.4,15.5,15.8
WA_2020_2,93,8,3,36,2,15.9,15.5,15.8
WA_2020_2,98,8,4,36,1,18.1,15.5,15.8
WA_2020_2,44,8,5,37,4,14.7,15.5,15.8
WA_2020_2,180,8,6,37,3,16.7,15.5,15.8
WA_2020_2,137,8,7,37,2,15.1,15.5,15.8
WA_2020_2,193,8,8,37,1,21.4,15.5,15.8
WA_2020_2,10,8,9,38,4,15.1,15.5,15.8
WA_2020_2,169,8,10,38,3,17.8,15.5,15.8
WA_2020_2,141,8,11,38,2,19.4,15.5,15.8
WA_2020_2,58,8,12,38,1,14.3,15.5,15.8
WA_2020_2,75,8,13,39,4,8.7,15.5,15.8
WA_2020_2,28,8,14,39,3,13.1,15.5,15.8
WA_2020_2,47,8,15,39,2,15.2,15.5,15.8
WA_2020_2,201,8,16,39,1,15.5,15.5,15.8
WA_2020_2,202,8,17,40,4,15.8,15.5,15.8
WA_2020_2,48,8,18,40,3,13,15.5,15.8
WA_2020_2,42,8,19,40,2,12.8,15.5,15.8
WA_2020_2,194,8,20,40,1,17.5,15.5,15.8
WA_2020_2,97,9,1,41,4,15,14.7,17
WA_2020_2,31,9,2,41,3,15.2,14.7,17
WA_2020_2,63,9,3,41,2,12.6,14.7,17
WA_2020_2,110,9,4,41,1,19.1,14.7,17
WA_2020_2,184,9,5,42,4,17.7,14.7,17
WA_2020_2,16,9,6,42,3,13.4,14.7,17
WA_2020_2,201,9,7,42,2,14.7,14.7,17
WA_2020_2,55,9,8,42,1,20.6,14.7,17
WA_2020_2,4,9,9,43,4,12.7,14.7,17
WA_2020_2,202,9,10,43,3,17,14.7,17
WA_2020_2,102,9,11,43,2,16.3,14.7,17
WA_2020_2,7,9,12,43,1,18.4,14.7,17
WA_2020_2,132,9,13,44,4,13.2,14.7,17
WA_2020_2,122,9,14,44,3,15.6,14.7,17
WA_2020_2,173,9,15,44,2,16.9,14.7,17
WA_2020_2,155,9,16,44,1,19.7,14.7,17
WA_2020_2,86,9,17,45,4,14.9,14.7,17
WA_2020_2,20,9,18,45,3,14.4,14.7,17
WA_2020_2,175,9,19,45,2,16,14.7,17
WA_2020_2,187,9,20,45,1,18.3,14.7,17
WA_2020_2,49,10,1,46,4,15.7,15.8,18.4
WA_2020_2,92,10,2,46,3,20.9,15.8,18.4
WA_2020_2,198,10,3,46,2,18.8,15.8,18.4
WA_2020_2,96,10,4,46,1,16,15.8,18.4
WA_2020_2,57,10,5,47,4,15.7,15.8,18.4
WA_2020_2,1,10,6,47,3,19.6,15.8,18.4
WA_2020_2,166,10,7,47,2,17.4,15.8,18.4
WA_2020_2,101,10,8,47,1,18.8,15.8,18.4
WA_2020_2,178,10,9,48,4,19.2,15.8,18.4
WA_2020_2,21,10,10,48,3,14.9,15.8,18.4
WA_2020_2,88,10,11,48,2,15.5,15.8,18.4
WA_2020_2,142,10,12,48,1,8.1,15.8,18.4
WA_2020_2,85,10,13,49,4,16.5,15.8,18.4
WA_2020_2,15,10,14,49,3,16.5,15.8,18.4
WA_2020_2,148,10,15,49,2,15.3,15.8,18.4
WA_2020_2,202,10,16,49,1,18.4,15.8,18.4
WA_2020_2,59,10,17,50,4,14.8,15.8,18.4
WA_2020_2,105,10,18,50,3,16.2,15.8,18.4
WA_2020_2,201,10,19,50,2,15.8,15.8,18.4
WA_2020_2,153,10,20,50,1,17.9,15.8,18.4
WA_2020_2,167,11,1,51,4,18.4,15.7,17.6
WA_2020_2,202,11,2,51,3,17.6,15.7,17.6
WA_2020_2,134,11,3,51,2,17.3,15.7,17.6
WA_2020_2,152,11,4,51,1,15.1,15.7,17.6
WA_2020_2,2,11,5,52,4,20.5,15.7,17.6
WA_2020_2,109,11,6,52,3,14.1,15.7,17.6
WA_2020_2,83,11,7,52,2,16.8,15.7,17.6
WA_2020_2,39,11,8,52,1,13.9,15.7,17.6
WA_2020_2,9,11,9,53,4,14.1,15.7,17.6
WA_2020_2,147,11,10,53,3,15.9,15.7,17.6
WA_2020_2,168,11,11,53,2,18.3,15.7,17.6
WA_2020_2,160,11,12,53,1,20.1,15.7,17.6
WA_2020_2,60,11,13,54,4,18.5,15.7,17.6
WA_2020_2,157,11,14,54,3,17.4,15.7,17.6
WA_2020_2,62,11,15,54,2,17.7,15.7,17.6
WA_2020_2,81,11,16,54,1,16.3,15.7,17.6
WA_2020_2,201,11,17,55,4,15.7,15.7,17.6
WA_2020_2,65,11,18,55,3,18.5,15.7,17.6
WA_2020_2,30,11,19,55,2,17.3,15.7,17.6
WA_2020_2,144,11,20,55,1,16.6,15.7,17.6
WA_2020_3,123,1,1,1,4,18.5,18.7,16.9
WA_2020_3,29,1,2,1,3,14,18.7,16.9
WA_2020_3,162,1,3,1,2,20.3,18.7,16.9
WA_2020_3,201,1,4,1,1,18.7,18.7,16.9
WA_2020_3,126,1,5,2,4,14.9,18.7,16.9
WA_2020_3,191,1,6,2,3,17.3,18.7,16.9
WA_2020_3,159,1,7,2,2,20.8,18.7,16.9
WA_2020_3,139,1,8,2,1,19.9,18.7,16.9
WA_2020_3,77,1,9,3,4,15.3,18.7,16.9
WA_2020_3,69,1,10,3,3,21,18.7,16.9
WA_2020_3,121,1,11,3,2,18.2,18.7,16.9
WA_2020_3,84,1,12,3,1,22.8,18.7,16.9
WA_2020_3,133,1,13,4,4,15.1,18.7,16.9
WA_2020_3,125,1,14,4,3,13.8,18.7,16.9
WA_2020_3,202,1,15,4,2,16.9,18.7,16.9
WA_2020_3,32,1,16,4,1,19.6,18.7,16.9
WA_2020_3,37,1,17,5,4,14.8,18.7,16.9
WA_2020_3,13,1,18,5,3,15.5,18.7,16.9
WA_2020_3,116,1,19,5,2,16.4,18.7,16.9
WA_2020_3,164,1,20,5,1,18,18.7,16.9
WA_2020_3,35,2,1,6,4,21.3,18.4,17.7
WA_2020_3,146,2,2,6,3,24.2,18.4,17.7
WA_2020_3,43,2,3,6,2,14.4,18.4,17.7
WA_2020_3,24,2,4,6,1,15.7,18.4,17.7
WA_2020_3,202,2,5,7,4,17.7,18.4,17.7
WA_2020_3,104,2,6,7,3,18.3,18.4,17.7
WA_2020_3,76,2,7,7,2,16.9,18.4,17.7
WA_2020_3,107,2,8,7,1,21.8,18.4,17.7
WA_2020_3,158,2,9,8,4,19.7,18.4,17.7
WA_2020_3,195,2,10,8,3,19.7,18.4,17.7
WA_2020_3,78,2,11,8,2,15.5,18.4,17.7
WA_2020_3,3,2,12,8,1,22.4,18.4,17.7
WA_2020_3,82,2,13,9,4,17.5,18.4,17.7
WA_2020_3,201,2,14,9,3,18.4,18.4,17.7
WA_2020_3,34,2,15,9,2,23.4,18.4,17.7
WA_2020_3,156,2,16,9,1,19.7,18.4,17.7
WA_2020_3,6,2,17,10,4,20.5,18.4,17.7
WA_2020_3,52,2,18,10,3,13.6,18.4,17.7
WA_2020_3,90,2,19,10,2,16,18.4,17.7
WA_2020_3,140,2,20,10,1,18,18.4,17.7
WA_2020_3,91,3,1,11,4,20,19.7,17.3
WA_2020_3,201,3,2,11,3,19.7,19.7,17.3
WA_2020_3,40,3,3,11,2,16.8,19.7,17.3
WA_2020_3,177,3,4,11,1,19.6,19.7,17.3
WA_2020_3,119,3,5,12,4,20.7,19.7,17.3
WA_2020_3,189,3,6,12,3,22.7,19.7,17.3
WA_2020_3,145,3,7,12,2,16.4,19.7,17.3
WA_2020_3,186,3,8,12,1,19.4,19.7,17.3
WA_2020_3,114,3,9,13,4,19.4,19.7,17.3
WA_2020_3,50,3,10,13,3,14.6,19.7,17.3
WA_2020_3,111,3,11,13,2,17.8,19.7,17.3
WA_2020_3,202,3,12,13,1,17.3,19.7,17.3
WA_2020_3,66,3,13,14,4,20.3,19.7,17.3
WA_2020_3,12,3,14,14,3,13.4,19.7,17.3
WA_2020_3,197,3,15,14,2,22.2,19.7,17.3
WA_2020_3,185,3,16,14,1,22.5,19.7,17.3
WA_2020_3,26,3,17,15,4,16.7,19.7,17.3
WA_2020_3,182,3,18,15,3,18.9,19.7,17.3
WA_2020_3,33,3,19,15,2,15.5,19.7,17.3
WA_2020_3,36,3,20,15,1,16.8,19.7,17.3
WA_2020_3,149,4,1,16,4,20.1,20.1,21.1
WA_2020_3,115,4,2,16,3,19.2,20.1,21.1
WA_2020_3,136,4,3,16,2,14.7,20.1,21.1
WA_2020_3,22,4,4,16,1,14.6,20.1,21.1
WA_2020_3,53,4,5,17,4,18.8,20.1,21.1
WA_2020_3,165,4,6,17,3,21.7,20.1,21.1
WA_2020_3,202,4,7,17,2,21.1,20.1,21.1
WA_2020_3,56,4,8,17,1,24,20.1,21.1
WA_2020_3,73,4,9,18,4,25.7,20.1,21.1
WA_2020_3,131,4,10,18,3,22.2,20.1,21.1
WA_2020_3,89,4,11,18,2,25.5,20.1,21.1
WA_2020_3,94,4,12,18,1,23,20.1,21.1
WA_2020_3,201,4,13,19,4,20.1,20.1,21.1
WA_2020_3,190,4,14,19,3,22.1,20.1,21.1
WA_2020_3,68,4,15,19,2,18.6,20.1,21.1
WA_2020_3,196,4,16,19,1,22.8,20.1,21.1
WA_2020_3,100,4,17,20,4,15.8,20.1,21.1
WA_2020_3,120,4,18,20,3,20.9,20.1,21.1
WA_2020_3,61,4,19,20,2,23.3,20.1,21.1
WA_2020_3,179,4,20,20,1,20,20.1,21.1
WA_2020_3,124,5,1,21,4,18.5,21.3,19.5
WA_2020_3,174,5,2,21,3,19.9,21.3,19.5
WA_2020_3,128,5,3,21,2,18.4,21.3,19.5
WA_2020_3,103,5,4,21,1,24,21.3,19.5
WA_2020_3,181,5,5,22,4,24.2,21.3,19.5
WA_2020_3,108,5,6,22,3,20,21.3,19.5
WA_2020_3,14,5,7,22,2,16.5,21.3,19.5
WA_2020_3,201,5,8,22,1,21.3,21.3,19.5
WA_2020_3,127,5,9,23,4,18.1,21.3,19.5
WA_2020_3,17,5,10,23,3,15.3,21.3,19.5
WA_2020_3,172,5,11,23,2,18.8,21.3,19.5
WA_2020_3,23,5,12,23,1,19.4,21.3,19.5
WA_2020_3,99,5,13,24,4,20.3,21.3,19.5
WA_2020_3,202,5,14,24,3,19.5,21.3,19.5
WA_2020_3,67,5,15,24,2,18.3,21.3,19.5
WA_2020_3,138,5,16,24,1,17.9,21.3,19.5
WA_2020_3,130,5,17,25,4,15.9,21.3,19.5
WA_2020_3,87,5,18,25,3,22.6,21.3,19.5
WA_2020_3,161,5,19,25,2,18.5,21.3,19.5
WA_2020_3,106,5,20,25,1,22.2,21.3,19.5
WA_2020_3,188,6,1,26,4,17,16.5,23.5
WA_2020_3,151,6,2,26,3,19.9,16.5,23.5
WA_2020_3,19,6,3,26,2,20.7,16.5,23.5
WA_2020_3,202,6,4,26,1,23.5,16.5,23.5
WA_2020_3,154,6,5,27,4,15.9,16.5,23.5
WA_2020_3,5,6,6,27,3,21.1,16.5,23.5
WA_2020_3,80,6,7,27,2,20.7,16.5,23.5
WA_2020_3,176,6,8,27,1,18.5,16.5,23.5
WA_2020_3,183,6,9,28,4,22.6,16.5,23.5
WA_2020_3,117,6,10,28,3,20.5,16.5,23.5
WA_2020_3,118,6,11,28,2,19.6,16.5,23.5
WA_2020_3,79,6,12,28,1,16.1,16.5,23.5
WA_2020_3,201,6,13,29,4,16.5,16.5,23.5
WA_2020_3,46,6,14,29,3,15,16.5,23.5
WA_2020_3,113,6,15,29,2,18.3,16.5,23.5
WA_2020_3,25,6,16,29,1,21.9,16.5,23.5
WA_2020_3,71,6,17,30,4,18.7,16.5,23.5
WA_2020_3,41,6,18,30,3,16.1,16.5,23.5
WA_2020_3,95,6,19,30,2,19.8,16.5,23.5
WA_2020_3,171,6,20,30,1,20.3,16.5,23.5
WA_2020_3,38,7,1,31,4,15.5,16.7,18.8
WA_2020_3,202,7,2,31,3,18.8,16.7,18.8
WA_2020_3,150,7,3,31,2,14.7,16.7,18.8
WA_2020_3,143,7,4,31,1,19.4,16.7,18.8
WA_2020_3,72,7,5,32,4,18,16.7,18.8
WA_2020_3,11,7,6,32,3,17.6,16.7,18.8
WA_2020_3,135,7,7,32,2,13.9,16.7,18.8
WA_2020_3,54,7,8,32,1,23.1,16.7,18.8
WA_2020_3,27,7,9,33,4,15,16.7,18.8
WA_2020_3,45,7,10,33,3,16,16.7,18.8
WA_2020_3,64,7,11,33,2,17.1,16.7,18.8
WA_2020_3,163,7,12,33,1,19.5,16.7,18.8
WA_2020_3,8,7,13,34,4,15.7,16.7,18.8
WA_2020_3,51,7,14,34,3,15.1,16.7,18.8
WA_2020_3,201,7,15,34,2,16.7,16.7,18.8
WA_2020_3,192,7,16,34,1,22.3,16.7,18.8
WA_2020_3,18,7,17,35,4,14.5,16.7,18.8
WA_2020_3,129,7,18,35,3,17.3,16.7,18.8
WA_2020_3,74,7,19,35,2,19.6,16.7,18.8
WA_2020_3,70,7,20,35,1,23.6,16.7,18.8
WA_2020_3,170,8,1,36,4,18.9,16.7,18.2
WA_2020_3,112,8,2,36,3,15.1,16.7,18.2
WA_2020_3,93,8,3,36,2,18.3,16.7,18.2
WA_2020_3,98,8,4,36,1,20.1,16.7,18.2
WA_2020_3,44,8,5,37,4,15.7,16.7,18.2
WA_2020_3,180,8,6,37,3,20.3,16.7,18.2
WA_2020_3,137,8,7,37,2,18.3,16.7,18.2
WA_2020_3,193,8,8,37,1,23.9,16.7,18.2
WA_2020_3,10,8,9,38,4,15.7,16.7,18.2
WA_2020_3,169,8,10,38,3,17.1,16.7,18.2
WA_2020_3,141,8,11,38,2,23.4,16.7,18.2
WA_2020_3,58,8,12,38,1,15,16.7,18.2
WA_2020_3,75,8,13,39,4,14.3,16.7,18.2
WA_2020_3,28,8,14,39,3,12.8,16.7,18.2
WA_2020_3,47,8,15,39,2,20.7,16.7,18.2
WA_2020_3,201,8,16,39,1,16.7,16.7,18.2
WA_2020_3,202,8,17,40,4,18.2,16.7,18.2
WA_2020_3,48,8,18,40,3,15.6,16.7,18.2
WA_2020_3,42,8,19,40,2,17,16.7,18.2
WA_2020_3,194,8,20,40,1,21.1,16.7,18.2
WA_2020_3,97,9,1,41,4,17,16.4,18.9
WA_2020_3,31,9,2,41,3,13.1,16.4,18.9
WA_2020_3,63,9,3,41,2,15,16.4,18.9
WA_2020_3,110,9,4,41,1,22,16.4,18.9
WA_2020_3,184,9,5,42,4,21,16.4,18.9
WA_2020_3,16,9,6,42,3,15.4,16.4,18.9
WA_2020_3,201,9,7,42,2,16.4,16.4,18.9
WA_2020_3,55,9,8,42,1,23.1,16.4,18.9
WA_2020_3,4,9,9,43,4,16.4,16.4,18.9
WA_2020_3,202,9,10,43,3,18.9,16.4,18.9
WA_2020_3,102,9,11,43,2,20.2,16.4,18.9
WA_2020_3,7,9,12,43,1,18.8,16.4,18.9
WA_2020_3,132,9,13,44,4,14.9,16.4,18.9
WA_2020_3,122,9,14,44,3,17,16.4,18.9
WA_2020_3,173,9,15,44,2,17.4,16.4,18.9
WA_2020_3,155,9,16,44,1,19.9,16.4,18.9
WA_2020_3,86,9,17,45,4,16.1,16.4,18.9
WA_2020_3,20,9,18,45,3,15.2,16.4,18.9
WA_2020_3,175,9,19,45,2,18.7,16.4,18.9
WA_2020_3,187,9,20,45,1,18.5,16.4,18.9
WA_2020_3,49,10,1,46,4,16.2,15.4,17.8
WA_2020_3,92,10,2,46,3,23.4,15.4,17.8
WA_2020_3,198,10,3,46,2,20.6,15.4,17.8
WA_2020_3,96,10,4,46,1,17,15.4,17.8
WA_2020_3,57,10,5,47,4,14.7,15.4,17.8
WA_2020_3,1,10,6,47,3,20.4,15.4,17.8
WA_2020_3,166,10,7,47,2,16.7,15.4,17.8
WA_2020_3,101,10,8,47,1,20.6,15.4,17.8
WA_2020_3,178,10,9,48,4,20.5,15.4,17.8
WA_2020_3,21,10,10,48,3,14.4,15.4,17.8
WA_2020_3,88,10,11,48,2,12.5,15.4,17.8
WA_2020_3,142,10,12,48,1,18.6,15.4,17.8
WA_2020_3,85,10,13,49,4,14.9,15.4,17.8
WA_2020_3,15,10,14,49,3,17.1,15.4,17.8
WA_2020_3,148,10,15,49,2,16.4,15.4,17.8
WA_2020_3,202,10,16,49,1,17.8,15.4,17.8
WA_2020_3,59,10,17,50,4,14.7,15.4,17.8
WA_2020_3,105,10,18,50,3,16.9,15.4,17.8
WA_2020_3,201,10,19,50,2,15.4,15.4,17.8
WA_2020_3,153,10,20,50,1,18.1,15.4,17.8
WA_2020_3,167,11,1,51,4,18.8,14.7,19.5
WA_2020_3,202,11,2,51,3,19.5,14.7,19.5
WA_2020_3,134,11,3,51,2,17.1,14.7,19.5
WA_2020_3,152,11,4,51,1,15.9,14.7,19.5
WA_2020_3,2,11,5,52,4,22.7,14.7,19.5
WA_2020_3,109,11,6,52,3,18.5,14.7,19.5
WA_2020_3,83,11,7,52,2,15.7,14.7,19.5
WA_2020_3,39,11,8,52,1,15.4,14.7,19.5
WA_2020_3,9,11,9,53,4,14,14.7,19.5
WA_2020_3,147,11,10,53,3,19.3,14.7,19.5
WA_2020_3,168,11,11,53,2,21.1,14.7,19.5
WA_2020_3,160,11,12,53,1,21.8,14.7,19.5
WA_2020_3,60,11,13,54,4,19,14.7,19.5
WA_2020_3,157,11,14,54,3,19.7,14.7,19.5
WA_2020_3,62,11,15,54,2,16.8,14.7,19.5
WA_2020_3,81,11,16,54,1,15,14.7,19.5
WA_2020_3,201,11,17,55,4,14.7,14.7,19.5
WA_2020_3,65,11,18,55,3,22.1,14.7,19.5
WA_2020_3,30,11,19,55,2,15,14.7,19.5
WA_2020_3,144,11,20,55,1,18.6,14.7,19.5
WA_2020_4,123,1,1,1,4,25.3,22,25.1
WA_2020_4,29,1,2,1,3,16.2,22,25.1
WA_2020_4,162,1,3,1,2,24.5,22,25.1
WA_2020_4,201,1,4,1,1,22,22,25.1
WA_2020_4,126,1,5,2,4,20.1,22,25.1
WA_2020_4,191,1,6,2,3,24,22,25.1
WA_2020_4,159,1,7,2,2,26.5,22,25.1
WA_2020_4,139,1,8,2,1,22.6,22,25.1
WA_2020_4,77,1,9,3,4,25.2,22,25.1
WA_2020_4,69,1,10,3,3,32.6,22,25.1
WA_2020_4,121,1,11,3,2,23.6,22,25.1
WA_2020_4,84,1,12,3,1,26.4,22,25.1
WA_2020_4,133,1,13,4,4,21.4,22,25.1
WA_2020_4,125,1,14,4,3,15.6,22,25.1
WA_2020_4,202,1,15,4,2,25.1,22,25.1
WA_2020_4,32,1,16,4,1,27.7,22,25.1
WA_2020_4,37,1,17,5,4,22.5,22,25.1
WA_2020_4,13,1,18,5,3,22.4,22,25.1
WA_2020_4,116,1,19,5,2,22.3,22,25.1
WA_2020_4,164,1,20,5,1,22.5,22,25.1
WA_2020_4,35,2,1,6,4,29.5,23.9,23.6
WA_2020_4,146,2,2,6,3,30.4,23.9,23.6
WA_2020_4,43,2,3,6,2,20.7,23.9,23.6
WA_2020_4,24,2,4,6,1,21.7,23.9,23.6
WA_2020_4,202,2,5,7,4,23.6,23.9,23.6
WA_2020_4,104,2,6,7,3,27.1,23.9,23.6
WA_2020_4,76,2,7,7,2,22.1,23.9,23.6
WA_2020_4,107,2,8,7,1,29.3,23.9,23.6
WA_2020_4,158,2,9,8,4,25.6,23.9,23.6
WA_2020_4,195,2,10,8,3,25.7,23.9,23.6
WA_2020_4,78,2,11,8,2,21.8,23.9,23.6
WA_2020_4,3,2,12,8,1,31.6,23.9,23.6
WA_2020_4,82,2,13,9,4,21.8,23.9,23.6
WA_2020_4,201,2,14,9,3,23.9,23.9,23.6
WA_2020_4,34,2,15,9,2,30.1,23.9,23.6
WA_2020_4,156,2,16,9,1,26.8,23.9,23.6
WA_2020_4,6,2,17,10,4,26.9,23.9,23.6
WA_2020_4,52,2,18,10,3,16.5,23.9,23.6
WA_2020_4,90,2,19,10,2,20,23.9,23.6
WA_2020_4,140,2,20,10,1,20.7,23.9,23.6
WA_2020_4,91,3,1,11,4,25.9,23.7,24.9
WA_2020_4,201,3,2,11,3,23.7,23.7,24.9
WA_2020_4,40,3,3,11,2,25.3,23.7,24.9
WA_2020_4,177,3,4,11,1,25.1,23.7,24.9
WA_2020_4,119,3,5,12,4,24.5,23.7,24.9
WA_2020_4,189,3,6,12,3,26.4,23.7,24.9
WA_2020_4,145,3,7,12,2,23,23.7,24.9
WA_2020_4,186,3,8,12,1,19.5,23.7,24.9
WA_2020_4,114,3,9,13,4,23.4,23.7,24.9
WA_2020_4,50,3,10,13,3,20.8,23.7,24.9
WA_2020_4,111,3,11,13,2,22.1,23.7,24.9
WA_2020_4,202,3,12,13,1,24.9,23.7,24.9
WA_2020_4,66,3,13,14,4,26.7,23.7,24.9
WA_2020_4,12,3,14,14,3,15,23.7,24.9
WA_2020_4,197,3,15,14,2,23.8,23.7,24.9
WA_2020_4,185,3,16,14,1,26.5,23.7,24.9
WA_2020_4,26,3,17,15,4,24.4,23.7,24.9
WA_2020_4,182,3,18,15,3,23.6,23.7,24.9
WA_2020_4,33,3,19,15,2,23,23.7,24.9
WA_2020_4,36,3,20,15,1,20.5,23.7,24.9
WA_2020_4,149,4,1,16,4,25.9,20.6,26.2
WA_2020_4,115,4,2,16,3,19.7,20.6,26.2
WA_2020_4,136,4,3,16,2,20.6,20.6,26.2
WA_2020_4,22,4,4,16,1,22.5,20.6,26.2
WA_2020_4,53,4,5,17,4,25.2,20.6,26.2
WA_2020_4,165,4,6,17,3,26.1,20.6,26.2
WA_2020_4,202,4,7,17,2,26.2,20.6,26.2
WA_2020_4,56,4,8,17,1,22.7,20.6,26.2
WA_2020_4,73,4,9,18,4,27.6,20.6,26.2
WA_2020_4,131,4,10,18,3,22.7,20.6,26.2
WA_2020_4,89,4,11,18,2,27.2,20.6,26.2
WA_2020_4,94,4,12,18,1,27.6,20.6,26.2
WA_2020_4,201,4,13,19,4,20.6,20.6,26.2
WA_2020_4,190,4,14,19,3,31.4,20.6,26.2
WA_2020_4,68,4,15,19,2,22.8,20.6,26.2
WA_2020_4,196,4,16,19,1,27.8,20.6,26.2
WA_2020_4,100,4,17,20,4,27.4,20.6,26.2
WA_2020_4,120,4,18,20,3,25.7,20.6,26.2
WA_2020_4,61,4,19,20,2,22.2,20.6,26.2
WA_2020_4,179,4,20,20,1,26.8,20.6,26.2
WA_2020_4,124,5,1,21,4,27.7,22.6,24.5
WA_2020_4,174,5,2,21,3,26.8,22.6,24.5
WA_2020_4,128,5,3,21,2,26.3,22.6,24.5
WA_2020_4,103,5,4,21,1,25.9,22.6,24.5
WA_2020_4,181,5,5,22,4,25.5,22.6,24.5
WA_2020_4,108,5,6,22,3,27.4,22.6,24.5
WA_2020_4,14,5,7,22,2,29.1,22.6,24.5
WA_2020_4,201,5,8,22,1,22.6,22.6,24.5
WA_2020_4,127,5,9,23,4,19,22.6,24.5
WA_2020_4,17,5,10,23,3,20.3,22.6,24.5
WA_2020_4,172,5,11,23,2,25.2,22.6,24.5
WA_2020_4,23,5,12,23,1,26.9,22.6,24.5
WA_2020_4,99,5,13,24,4,24.4,22.6,24.5
WA_2020_4,202,5,14,24,3,24.5,22.6,24.5
WA_2020_4,67,5,15,24,2,23.9,22.6,24.5
WA_2020_4,138,5,16,24,1,20.5,22.6,24.5
WA_2020_4,130,5,17,25,4,23.2,22.6,24.5
WA_2020_4,87,5,18,25,3,19.6,22.6,24.5
WA_2020_4,161,5,19,25,2,21.4,22.6,24.5
WA_2020_4,106,5,20,25,1,25.1,22.6,24.5
WA_2020_4,188,6,1,26,4,26.8,21.9,25.2
WA_2020_4,151,6,2,26,3,22.8,21.9,25.2
WA_2020_4,19,6,3,26,2,21.9,21.9,25.2
WA_2020_4,202,6,4,26,1,25.2,21.9,25.2
WA_2020_4,154,6,5,27,4,21.3,21.9,25.2
WA_2020_4,5,6,6,27,3,25.3,21.9,25.2
WA_2020_4,80,6,7,27,2,27.8,21.9,25.2
WA_2020_4,176,6,8,27,1,28.1,21.9,25.2
WA_2020_4,183,6,9,28,4,23.3,21.9,25.2
WA_2020_4,117,6,10,28,3,23.6,21.9,25.2
WA_2020_4,118,6,11,28,2,21.1,21.9,25.2
WA_2020_4,79,6,12,28,1,19.9,21.9,25.2
WA_2020_4,201,6,13,29,4,21.9,21.9,25.2
WA_2020_4,46,6,14,29,3,16.6,21.9,25.2
WA_2020_4,113,6,15,29,2,18.4,21.9,25.2
WA_2020_4,25,6,16,29,1,22.4,21.9,25.2
WA_2020_4,71,6,17,30,4,20.5,21.9,25.2
WA_2020_4,41,6,18,30,3,17.2,21.9,25.2
WA_2020_4,95,6,19,30,2,20.7,21.9,25.2
WA_2020_4,171,6,20,30,1,25.2,21.9,25.2
WA_2020_4,38,7,1,31,4,19.2,20.9,21.4
WA_2020_4,202,7,2,31,3,21.4,20.9,21.4
WA_2020_4,150,7,3,31,2,20.9,20.9,21.4
WA_2020_4,143,7,4,31,1,23.3,20.9,21.4
WA_2020_4,72,7,5,32,4,21.7,20.9,21.4
WA_2020_4,11,7,6,32,3,19.7,20.9,21.4
WA_2020_4,135,7,7,32,2,18.2,20.9,21.4
WA_2020_4,54,7,8,32,1,28.9,20.9,21.4
WA_2020_4,27,7,9,33,4,18.6,20.9,21.4
WA_2020_4,45,7,10,33,3,22,20.9,21.4
WA_2020_4,64,7,11,33,2,18.3,20.9,21.4
WA_2020_4,163,7,12,33,1,23.2,20.9,21.4
WA_2020_4,8,7,13,34,4,17.7,20.9,21.4
WA_2020_4,51,7,14,34,3,22.8,20.9,21.4
WA_2020_4,201,7,15,34,2,20.9,20.9,21.4
WA_2020_4,192,7,16,34,1,25.625,20.9,21.4
WA_2020_4,18,7,17,35,4,20.4,20.9,21.4
WA_2020_4,129,7,18,35,3,18.5,20.9,21.4
WA_2020_4,74,7,19,35,2,18.2,20.9,21.4
WA_2020_4,70,7,20,35,1,28.4,20.9,21.4
WA_2020_4,170,8,1,36,4,25.1,18.7,23.7
WA_2020_4,112,8,2,36,3,18.5,18.7,23.7
WA_2020_4,93,8,3,36,2,22.1,18.7,23.7
WA_2020_4,98,8,4,36,1,20.4,18.7,23.7
WA_2020_4,44,8,5,37,4,19.3,18.7,23.7
WA_2020_4,180,8,6,37,3,25.1,18.7,23.7
WA_2020_4,137,8,7,37,2,17.1,18.7,23.7
WA_2020_4,193,8,8,37,1,26.1,18.7,23.7
WA_2020_4,10,8,9,38,4,22.7,18.7,23.7
WA_2020_4,169,8,10,38,3,20.4,18.7,23.7
WA_2020_4,141,8,11,38,2,28.8,18.7,23.7
WA_2020_4,58,8,12,38,1,21.9,18.7,23.7
WA_2020_4,75,8,13,39,4,16.2,18.7,23.7
WA_2020_4,28,8,14,39,3,19.6,18.7,23.7
WA_2020_4,47,8,15,39,2,20.8,18.7,23.7
WA_2020_4,201,8,16,39,1,18.7,18.7,23.7
WA_2020_4,202,8,17,40,4,23.7,18.7,23.7
WA_2020_4,48,8,18,40,3,20.6,18.7,23.7
WA_2020_4,42,8,19,40,2,17.4,18.7,23.7
WA_2020_4,194,8,20,40,1,20.8,18.7,23.7
WA_2020_4,97,9,1,41,4,18.8,19.4,17.6
WA_2020_4,31,9,2,41,3,20.7,19.4,17.6
WA_2020_4,63,9,3,41,2,19.4,19.4,17.6
WA_2020_4,110,9,4,41,1,26.2,19.4,17.6
WA_2020_4,184,9,5,42,4,22.2,19.4,17.6
WA_2020_4,16,9,6,42,3,18.4,19.4,17.6
WA_2020_4,201,9,7,42,2,19.4,19.4,17.6
WA_2020_4,55,9,8,42,1,29.4,19.4,17.6
WA_2020_4,4,9,9,43,4,20.6,19.4,17.6
WA_2020_4,202,9,10,43,3,17.6,19.4,17.6
WA_2020_4,102,9,11,43,2,18.7,19.4,17.6
WA_2020_4,7,9,12,43,1,19.2,19.4,17.6
WA_2020_4,132,9,13,44,4,21.6,19.4,17.6
WA_2020_4,122,9,14,44,3,22.3,19.4,17.6
WA_2020_4,173,9,15,44,2,21.2,19.4,17.6
WA_2020_4,155,9,16,44,1,19.1,19.4,17.6
WA_2020_4,86,9,17,45,4,22.6,19.4,17.6
WA_2020_4,20,9,18,45,3,20,19.4,17.6
WA_2020_4,175,9,19,45,2,19.3,19.4,17.6
WA_2020_4,187,9,20,45,1,17.7,19.4,17.6
WA_2020_4,49,10,1,46,4,16,19.3,20
WA_2020_4,92,10,2,46,3,24.3,19.3,20
WA_2020_4,198,10,3,46,2,22.6,19.3,20
WA_2020_4,96,10,4,46,1,17.6,19.3,20
WA_2020_4,57,10,5,47,4,19.1,19.3,20
WA_2020_4,1,10,6,47,3,23.2,19.3,20
WA_2020_4,166,10,7,47,2,21.8,19.3,20
WA_2020_4,101,10,8,47,1,19.4,19.3,20
WA_2020_4,178,10,9,48,4,22.28,19.3,20
WA_2020_4,21,10,10,48,3,17.8,19.3,20
WA_2020_4,88,10,11,48,2,17,19.3,20
WA_2020_4,142,10,12,48,1,14.4,19.3,20
WA_2020_4,85,10,13,49,4,19.3,19.3,20
WA_2020_4,15,10,14,49,3,18,19.3,20
WA_2020_4,148,10,15,49,2,22.3,19.3,20
WA_2020_4,202,10,16,49,1,20,19.3,20
WA_2020_4,59,10,17,50,4,17.6,19.3,20
WA_2020_4,105,10,18,50,3,17,19.3,20
WA_2020_4,201,10,19,50,2,19.3,19.3,20
WA_2020_4,153,10,20,50,1,23.2,19.3,20
WA_2020_4,167,11,1,51,4,19.9,19.1,19.8
WA_2020_4,202,11,2,51,3,19.8,19.1,19.8
WA_2020_4,134,11,3,51,2,21,19.1,19.8
WA_2020_4,152,11,4,51,1,18,19.1,19.8
WA_2020_4,2,11,5,52,4,26.8,19.1,19.8
WA_2020_4,109,11,6,52,3,16.7,19.1,19.8
WA_2020_4,83,11,7,52,2,19.4,19.1,19.8
WA_2020_4,39,11,8,52,1,18.8,19.1,19.8
WA_2020_4,9,11,9,53,4,16,19.1,19.8
WA_2020_4,147,11,10,53,3,21.1,19.1,19.8
WA_2020_4,168,11,11,53,2,23.4,19.1,19.8
WA_2020_4,160,11,12,53,1,26,19.1,19.8
WA_2020_4,60,11,13,54,4,21.5,19.1,19.8
WA_2020_4,157,11,14,54,3,23.1,19.1,19.8
WA_2020_4,62,11,15,54,2,22.8,19.1,19.8
WA_2020_4,81,11,16,54,1,21.9,19.1,19.8
WA_2020_4,201,11,17,55,4,19.1,19.1,19.8
WA_2020_4,65,11,18,55,3,24.6,19.1,19.8
WA_2020_4,30,11,19,55,2,18.1,19.1,19.8
WA_2020_4,144,11,20,55,1,21.3,19.1,19.8
WA_2020_5,123,1,1,1,4,17.4,17.2,16.7
WA_2020_5,29,1,2,1,3,10.3,17.2,16.7
WA_2020_5,162,1,3,1,2,19.3,17.2,16.7
WA_2020_5,201,1,4,1,1,17.2,17.2,16.7
WA_2020_5,126,1,5,2,4,12.6,17.2,16.7
WA_2020_5,191,1,6,2,3,17.8,17.2,16.7
WA_2020_5,159,1,7,2,2,19.7,17.2,16.7
WA_2020_5,139,1,8,2,1,17.3,17.2,16.7
WA_2020_5,77,1,9,3,4,11.1,17.2,16.7
WA_2020_5,69,1,10,3,3,19.5,17.2,16.7
WA_2020_5,121,1,11,3,2,17.1,17.2,16.7
WA_2020_5,84,1,12,3,1,17.3,17.2,16.7
WA_2020_5,133,1,13,4,4,11.4,17.2,16.7
WA_2020_5,125,1,14,4,3,11.3,17.2,16.7
WA_2020_5,202,1,15,4,2,16.7,17.2,16.7
WA_2020_5,32,1,16,4,1,18.3,17.2,16.7
WA_2020_5,37,1,17,5,4,8.8,17.2,16.7
WA_2020_5,13,1,18,5,3,14.6,17.2,16.7
WA_2020_5,116,1,19,5,2,17.1,17.2,16.7
WA_2020_5,164,1,20,5,1,15.1,17.2,16.7
WA_2020_5,35,2,1,6,4,12.5,18.8,14.9
WA_2020_5,146,2,2,6,3,18.8,18.8,14.9
WA_2020_5,43,2,3,6,2,17.3,18.8,14.9
WA_2020_5,24,2,4,6,1,12.7,18.8,14.9
WA_2020_5,202,2,5,7,4,14.9,18.8,14.9
WA_2020_5,104,2,6,7,3,19.2,18.8,14.9
WA_2020_5,76,2,7,7,2,14.9,18.8,14.9
WA_2020_5,107,2,8,7,1,17.6,18.8,14.9
WA_2020_5,158,2,9,8,4,12.5,18.8,14.9
WA_2020_5,195,2,10,8,3,17.9,18.8,14.9
WA_2020_5,78,2,11,8,2,12.3,18.8,14.9
WA_2020_5,3,2,12,8,1,17.8,18.8,14.9
WA_2020_5,82,2,13,9,4,13.3,18.8,14.9
WA_2020_5,201,2,14,9,3,18.8,18.8,14.9
WA_2020_5,34,2,15,9,2,16.5,18.8,14.9
WA_2020_5,156,2,16,9,1,20,18.8,14.9
WA_2020_5,6,2,17,10,4,12.1,18.8,14.9
WA_2020_5,52,2,18,10,3,12.4,18.8,14.9
WA_2020_5,90,2,19,10,2,11.9,18.8,14.9
WA_2020_5,140,2,20,10,1,14.5,18.8,14.9
WA_2020_5,91,3,1,11,4,15.8,13.1,16.9
WA_2020_5,201,3,2,11,3,13.1,13.1,16.9
WA_2020_5,40,3,3,11,2,12.3,13.1,16.9
WA_2020_5,177,3,4,11,1,16.4,13.1,16.9
WA_2020_5,119,3,5,12,4,13.5,13.1,16.9
WA_2020_5,189,3,6,12,3,18.3,13.1,16.9
WA_2020_5,145,3,7,12,2,16.5,13.1,16.9
WA_2020_5,186,3,8,12,1,17.7,13.1,16.9
WA_2020_5,114,3,9,13,4,12.7,13.1,16.9
WA_2020_5,50,3,10,13,3,9.7,13.1,16.9
WA_2020_5,111,3,11,13,2,13,13.1,16.9
WA_2020_5,202,3,12,13,1,16.9,13.1,16.9
WA_2020_5,66,3,13,14,4,17,13.1,16.9
WA_2020_5,12,3,14,14,3,NA,13.1,16.9
WA_2020_5,197,3,15,14,2,18,13.1,16.9
WA_2020_5,185,3,16,14,1,22,13.1,16.9
WA_2020_5,26,3,17,15,4,12.8,13.1,16.9
WA_2020_5,182,3,18,15,3,13,13.1,16.9
WA_2020_5,33,3,19,15,2,NA,13.1,16.9
WA_2020_5,36,3,20,15,1,13.5,13.1,16.9
WA_2020_5,149,4,1,16,4,14.8,12,15.8
WA_2020_5,115,4,2,16,3,13.2,12,15.8
WA_2020_5,136,4,3,16,2,NA,12,15.8
WA_2020_5,22,4,4,16,1,14.3,12,15.8
WA_2020_5,53,4,5,17,4,10.8,12,15.8
WA_2020_5,165,4,6,17,3,13.7,12,15.8
WA_2020_5,202,4,7,17,2,15.8,12,15.8
WA_2020_5,56,4,8,17,1,NA,12,15.8
WA_2020_5,73,4,9,18,4,14.6,12,15.8
WA_2020_5,131,4,10,18,3,14,12,15.8
WA_2020_5,89,4,11,18,2,13.3,12,15.8
WA_2020_5,94,4,12,18,1,16.4,12,15.8
WA_2020_5,201,4,13,19,4,12,12,15.8
WA_2020_5,190,4,14,19,3,16.1,12,15.8
WA_2020_5,68,4,15,19,2,15.8,12,15.8
WA_2020_5,196,4,16,19,1,16.1,12,15.8
WA_2020_5,100,4,17,20,4,NA,12,15.8
WA_2020_5,120,4,18,20,3,NA,12,15.8
WA_2020_5,61,4,19,20,2,17.2,12,15.8
WA_2020_5,179,4,20,20,1,13.5,12,15.8
WA_2020_5,124,5,1,21,4,10.9,12.4,12.9
WA_2020_5,174,5,2,21,3,10.4,12.4,12.9
WA_2020_5,128,5,3,21,2,11.2,12.4,12.9
WA_2020_5,103,5,4,21,1,12.5,12.4,12.9
WA_2020_5,181,5,5,22,4,16.6,12.4,12.9
WA_2020_5,108,5,6,22,3,10.6,12.4,12.9
WA_2020_5,14,5,7,22,2,10.3,12.4,12.9
WA_2020_5,201,5,8,22,1,12.4,12.4,12.9
WA_2020_5,127,5,9,23,4,10.4,12.4,12.9
WA_2020_5,17,5,10,23,3,NA,12.4,12.9
WA_2020_5,172,5,11,23,2,12.3,12.4,12.9
WA_2020_5,23,5,12,23,1,11.1,12.4,12.9
WA_2020_5,99,5,13,24,4,14.1,12.4,12.9
WA_2020_5,202,5,14,24,3,12.9,12.4,12.9
WA_2020_5,67,5,15,24,2,9.1,12.4,12.9
WA_2020_5,138,5,16,24,1,NA,12.4,12.9
WA_2020_5,130,5,17,25,4,NA,12.4,12.9
WA_2020_5,87,5,18,25,3,11.7,12.4,12.9
WA_2020_5,161,5,19,25,2,12.7,12.4,12.9
WA_2020_5,106,5,20,25,1,10,12.4,12.9
WA_2020_5,188,6,1,26,4,16.5,10.3,11.1
WA_2020_5,151,6,2,26,3,12.9,10.3,11.1
WA_2020_5,19,6,3,26,2,12.5,10.3,11.1
WA_2020_5,202,6,4,26,1,11.1,10.3,11.1
WA_2020_5,154,6,5,27,4,11.5,10.3,11.1
WA_2020_5,5,6,6,27,3,11.1,10.3,11.1
WA_2020_5,80,6,7,27,2,13.8,10.3,11.1
WA_2020_5,176,6,8,27,1,10.8,10.3,11.1
WA_2020_5,183,6,9,28,4,11.3,10.3,11.1
WA_2020_5,117,6,10,28,3,9.9,10.3,11.1
WA_2020_5,118,6,11,28,2,9.6,10.3,11.1
WA_2020_5,79,6,12,28,1,NA,10.3,11.1
WA_2020_5,201,6,13,29,4,10.3,10.3,11.1
WA_2020_5,46,6,14,29,3,NA,10.3,11.1
WA_2020_5,113,6,15,29,2,12.3,10.3,11.1
WA_2020_5,25,6,16,29,1,14.6,10.3,11.1
WA_2020_5,71,6,17,30,4,NA,10.3,11.1
WA_2020_5,41,6,18,30,3,NA,10.3,11.1
WA_2020_5,95,6,19,30,2,10.6,10.3,11.1
WA_2020_5,171,6,20,30,1,12.4,10.3,11.1
WA_2020_5,38,7,1,31,4,NA,12.2,14.2
WA_2020_5,202,7,2,31,3,14.2,12.2,14.2
WA_2020_5,150,7,3,31,2,10.6,12.2,14.2
WA_2020_5,143,7,4,31,1,10.8,12.2,14.2
WA_2020_5,72,7,5,32,4,NA,12.2,14.2
WA_2020_5,11,7,6,32,3,NA,12.2,14.2
WA_2020_5,135,7,7,32,2,8.1,12.2,14.2
WA_2020_5,54,7,8,32,1,12.2,12.2,14.2
WA_2020_5,27,7,9,33,4,NA,12.2,14.2
WA_2020_5,45,7,10,33,3,NA,12.2,14.2
WA_2020_5,64,7,11,33,2,9.5,12.2,14.2
WA_2020_5,163,7,12,33,1,12.6,12.2,14.2
WA_2020_5,8,7,13,34,4,NA,12.2,14.2
WA_2020_5,51,7,14,34,3,NA,12.2,14.2
WA_2020_5,201,7,15,34,2,12.2,12.2,14.2
WA_2020_5,192,7,16,34,1,13.4,12.2,14.2
WA_2020_5,18,7,17,35,4,NA,12.2,14.2
WA_2020_5,129,7,18,35,3,NA,12.2,14.2
WA_2020_5,74,7,19,35,2,NA,12.2,14.2
WA_2020_5,70,7,20,35,1,13.3,12.2,14.2
WA_2020_5,170,8,1,36,4,14.4,9.6,13.3
WA_2020_5,112,8,2,36,3,9.4,9.6,13.3
WA_2020_5,93,8,3,36,2,10.2,9.6,13.3
WA_2020_5,98,8,4,36,1,12.4,9.6,13.3
WA_2020_5,44,8,5,37,4,11.2,9.6,13.3
WA_2020_5,180,8,6,37,3,8.9,9.6,13.3
WA_2020_5,137,8,7,37,2,NA,9.6,13.3
WA_2020_5,193,8,8,37,1,13.4,9.6,13.3
WA_2020_5,10,8,9,38,4,10.2,9.6,13.3
WA_2020_5,169,8,10,38,3,9.4,9.6,13.3
WA_2020_5,141,8,11,38,2,12.4,9.6,13.3
WA_2020_5,58,8,12,38,1,NA,9.6,13.3
WA_2020_5,75,8,13,39,4,NA,9.6,13.3
WA_2020_5,28,8,14,39,3,NA,9.6,13.3
WA_2020_5,47,8,15,39,2,9,9.6,13.3
WA_2020_5,201,8,16,39,1,9.6,9.6,13.3
WA_2020_5,202,8,17,40,4,13.3,9.6,13.3
WA_2020_5,48,8,18,40,3,NA,9.6,13.3
WA_2020_5,42,8,19,40,2,NA,9.6,13.3
WA_2020_5,194,8,20,40,1,11.4,9.6,13.3
WA_2020_5,97,9,1,41,4,10.4,10.1,13.7
WA_2020_5,31,9,2,41,3,8.6,10.1,13.7
WA_2020_5,63,9,3,41,2,8.1,10.1,13.7
WA_2020_5,110,9,4,41,1,14.3,10.1,13.7
WA_2020_5,184,9,5,42,4,14.5,10.1,13.7
WA_2020_5,16,9,6,42,3,6.2,10.1,13.7
WA_2020_5,201,9,7,42,2,10.1,10.1,13.7
WA_2020_5,55,9,8,42,1,14,10.1,13.7
WA_2020_5,4,9,9,43,4,6.2,10.1,13.7
WA_2020_5,202,9,10,43,3,13.7,10.1,13.7
WA_2020_5,102,9,11,43,2,11.8,10.1,13.7
WA_2020_5,7,9,12,43,1,9.7,10.1,13.7
WA_2020_5,132,9,13,44,4,10.2,10.1,13.7
WA_2020_5,122,9,14,44,3,10.3,10.1,13.7
WA_2020_5,173,9,15,44,2,11.2,10.1,13.7
WA_2020_5,155,9,16,44,1,13.2,10.1,13.7
WA_2020_5,86,9,17,45,4,10,10.1,13.7
WA_2020_5,20,9,18,45,3,9.8,10.1,13.7
WA_2020_5,175,9,19,45,2,10.6,10.1,13.7
WA_2020_5,187,9,20,45,1,15.3,10.1,13.7
WA_2020_5,49,10,1,46,4,9.6,10.9,12
WA_2020_5,92,10,2,46,3,12.8,10.9,12
WA_2020_5,198,10,3,46,2,12.2,10.9,12
WA_2020_5,96,10,4,46,1,8,10.9,12
WA_2020_5,57,10,5,47,4,8.4,10.9,12
WA_2020_5,1,10,6,47,3,14,10.9,12
WA_2020_5,166,10,7,47,2,14.2,10.9,12
WA_2020_5,101,10,8,47,1,9.9,10.9,12
WA_2020_5,178,10,9,48,4,15.3,10.9,12
WA_2020_5,21,10,10,48,3,11.9,10.9,12
WA_2020_5,88,10,11,48,2,7.1,10.9,12
WA_2020_5,142,10,12,48,1,NA,10.9,12
WA_2020_5,85,10,13,49,4,7.7,10.9,12
WA_2020_5,15,10,14,49,3,9.3,10.9,12
WA_2020_5,148,10,15,49,2,14.4,10.9,12
WA_2020_5,202,10,16,49,1,12,10.9,12
WA_2020_5,59,10,17,50,4,12.7,10.9,12
WA_2020_5,105,10,18,50,3,12.3,10.9,12
WA_2020_5,201,10,19,50,2,10.9,10.9,12
WA_2020_5,153,10,20,50,1,11.7,10.9,12
WA_2020_5,167,11,1,51,4,14.8,11.3,12.6
WA_2020_5,202,11,2,51,3,12.6,11.3,12.6
WA_2020_5,134,11,3,51,2,14.1,11.3,12.6
WA_2020_5,152,11,4,51,1,6.6,11.3,12.6
WA_2020_5,2,11,5,52,4,16.9,11.3,12.6
WA_2020_5,109,11,6,52,3,9.9,11.3,12.6
WA_2020_5,83,11,7,52,2,6.5,11.3,12.6
WA_2020_5,39,11,8,52,1,NA,11.3,12.6
WA_2020_5,9,11,9,53,4,7.6,11.3,12.6
WA_2020_5,147,11,10,53,3,13.3,11.3,12.6
WA_2020_5,168,11,11,53,2,13.2,11.3,12.6
WA_2020_5,160,11,12,53,1,15.4,11.3,12.6
WA_2020_5,60,11,13,54,4,16.1,11.3,12.6
WA_2020_5,157,11,14,54,3,14.2,11.3,12.6
WA_2020_5,62,11,15,54,2,11.8,11.3,12.6
WA_2020_5,81,11,16,54,1,NA,11.3,12.6
WA_2020_5,201,11,17,55,4,11.3,11.3,12.6
WA_2020_5,65,11,18,55,3,12.4,11.3,12.6
WA_2020_5,30,11,19,55,2,8.5,11.3,12.6
WA_2020_5,144,11,20,55,1,12.8,11.3,12.6
