merged,Location,block,Position,ID,id,row,col,Year,Cut,MSC,DM_Pct,Height_inch,Yield_MgHa,FallDormancy_cm,MSC_201,DM_201,Height_201,Yield_201,FD_201,MSC_202,DM_202,Height_202,Yield_202,FD_202
WA_2020_1,WA,1,1,10101,123,1,4,2020,1,3.1,18.95833333,25.5,6.92,NA,3.5,17.77197563,23.8,6.52,NA,3.5,18.99813483,26.2,7.08,NA
WA_2020_1,WA,1,2,10102,29,1,3,2020,1,4.3,14.95253165,20.4,3.79,NA,3.5,17.77197563,23.8,6.52,NA,3.5,18.99813483,26.2,7.08,NA
WA_2020_1,WA,1,3,10103,162,1,2,2020,1,3.2,18.22526685,26.9,6.06,NA,3.5,17.77197563,23.8,6.52,NA,3.5,18.99813483,26.2,7.08,NA
WA_2020_1,WA,1,4,10104,201,1,1,2020,1,3.5,17.77197563,23.8,6.52,NA,3.5,17.77197563,23.8,6.52,NA,3.5,18.99813483,26.2,7.08,NA
WA_2020_1,WA,1,5,10105,126,2,4,2020,1,3.4,16.47117544,21.2,4.82,NA,3.5,17.77197563,23.8,6.52,NA,3.5,18.99813483,26.2,7.08,NA
WA_2020_1,WA,1,6,10106,191,2,3,2020,1,3.7,19.59331652,22.7,5.83,NA,3.5,17.77197563,23.8,6.52,NA,3.5,18.99813483,26.2,7.08,NA
WA_2020_1,WA,1,7,10107,159,2,2,2020,1,3.1,18.05803571,27.6,8.49,NA,3.5,17.77197563,23.8,6.52,NA,3.5,18.99813483,26.2,7.08,NA
WA_2020_1,WA,1,8,10108,139,2,1,2020,1,2.8,16.69306303,22.3,7.2,NA,3.5,17.77197563,23.8,6.52,NA,3.5,18.99813483,26.2,7.08,NA
WA_2020_1,WA,1,9,10109,77,3,4,2020,1,3.8,17.31123389,19.3,3.85,NA,3.5,17.77197563,23.8,6.52,NA,3.5,18.99813483,26.2,7.08,NA
WA_2020_1,WA,1,10,10110,69,3,3,2020,1,3,15.78185328,23.7,4.68,NA,3.5,17.77197563,23.8,6.52,NA,3.5,18.99813483,26.2,7.08,NA
WA_2020_1,WA,1,11,10111,121,3,2,2020,1,3.4,18.26884723,22.9,5.6,NA,3.5,17.77197563,23.8,6.52,NA,3.5,18.99813483,26.2,7.08,NA
WA_2020_1,WA,1,12,10112,84,3,1,2020,1,3.8,16.75569801,27,5.77,NA,3.5,17.77197563,23.8,6.52,NA,3.5,18.99813483,26.2,7.08,NA
WA_2020_1,WA,1,13,10113,133,4,4,2020,1,3.7,17.66061654,19.3,3.84,NA,3.5,17.77197563,23.8,6.52,NA,3.5,18.99813483,26.2,7.08,NA
WA_2020_1,WA,1,14,10114,125,4,3,2020,1,3.4,13.63224638,19.2,3.17,NA,3.5,17.77197563,23.8,6.52,NA,3.5,18.99813483,26.2,7.08,NA
WA_2020_1,WA,1,15,10115,202,4,2,2020,1,3.5,18.99813483,26.2,7.08,NA,3.5,17.77197563,23.8,6.52,NA,3.5,18.99813483,26.2,7.08,NA
WA_2020_1,WA,1,16,10116,32,4,1,2020,1,3.5,17.5330183,26.7,6.33,NA,3.5,17.77197563,23.8,6.52,NA,3.5,18.99813483,26.2,7.08,NA
WA_2020_1,WA,1,17,10117,37,5,4,2020,1,3.8,17.5024777,21.3,3.88,NA,3.5,17.77197563,23.8,6.52,NA,3.5,18.99813483,26.2,7.08,NA
WA_2020_1,WA,1,18,10118,13,5,3,2020,1,3.4,17.7278402,21.6,4.95,NA,3.5,17.77197563,23.8,6.52,NA,3.5,18.99813483,26.2,7.08,NA
WA_2020_1,WA,1,19,10119,116,5,2,2020,1,3.3,18.66965925,25.3,6.03,NA,3.5,17.77197563,23.8,6.52,NA,3.5,18.99813483,26.2,7.08,NA
WA_2020_1,WA,1,20,10120,164,5,1,2020,1,3,18.10051107,24.1,7.4,NA,3.5,17.77197563,23.8,6.52,NA,3.5,18.99813483,26.2,7.08,NA
WA_2020_1,WA,2,1,10201,35,6,4,2020,1,3.9,18.52021009,25.8,4.88,NA,3.7,19.53535128,26.3,7.68,NA,3.7,19.15881651,26.4,6.04,NA
WA_2020_1,WA,2,2,10202,146,6,3,2020,1,3.4,18.60947217,25.9,7.79,NA,3.7,19.53535128,26.3,7.68,NA,3.7,19.15881651,26.4,6.04,NA
WA_2020_1,WA,2,3,10203,43,6,2,2020,1,3.6,16.94194194,24.6,4.35,NA,3.7,19.53535128,26.3,7.68,NA,3.7,19.15881651,26.4,6.04,NA
WA_2020_1,WA,2,4,10204,24,6,1,2020,1,3.8,17.16757074,25.8,5.68,NA,3.7,19.53535128,26.3,7.68,NA,3.7,19.15881651,26.4,6.04,NA
WA_2020_1,WA,2,5,10205,202,7,4,2020,1,3.7,19.15881651,26.4,6.04,NA,3.7,19.53535128,26.3,7.68,NA,3.7,19.15881651,26.4,6.04,NA
WA_2020_1,WA,2,6,10206,104,7,3,2020,1,3.5,18.17437577,25.2,6.15,NA,3.7,19.53535128,26.3,7.68,NA,3.7,19.15881651,26.4,6.04,NA
WA_2020_1,WA,2,7,10207,76,7,2,2020,1,3.6,19.0702991,22.3,6.01,NA,3.7,19.53535128,26.3,7.68,NA,3.7,19.15881651,26.4,6.04,NA
WA_2020_1,WA,2,8,10208,107,7,1,2020,1,3.3,19.37869822,27.7,7.47,NA,3.7,19.53535128,26.3,7.68,NA,3.7,19.15881651,26.4,6.04,NA
WA_2020_1,WA,2,9,10209,158,8,4,2020,1,3.7,19.38904899,28.8,7.38,NA,3.7,19.53535128,26.3,7.68,NA,3.7,19.15881651,26.4,6.04,NA
WA_2020_1,WA,2,10,10210,195,8,3,2020,1,3.4,18.8338301,26.9,7.11,NA,3.7,19.53535128,26.3,7.68,NA,3.7,19.15881651,26.4,6.04,NA
WA_2020_1,WA,2,11,10211,78,8,2,2020,1,3.7,16.22244159,23,4.51,NA,3.7,19.53535128,26.3,7.68,NA,3.7,19.15881651,26.4,6.04,NA
WA_2020_1,WA,2,12,10212,3,8,1,2020,1,3.1,19.20410009,27.7,6.58,NA,3.7,19.53535128,26.3,7.68,NA,3.7,19.15881651,26.4,6.04,NA
WA_2020_1,WA,2,13,10213,82,9,4,2020,1,3.6,17.90520772,28.2,6.1,NA,3.7,19.53535128,26.3,7.68,NA,3.7,19.15881651,26.4,6.04,NA
WA_2020_1,WA,2,14,10214,201,9,3,2020,1,3.7,19.53535128,26.3,7.68,NA,3.7,19.53535128,26.3,7.68,NA,3.7,19.15881651,26.4,6.04,NA
WA_2020_1,WA,2,15,10215,34,9,2,2020,1,3.3,18.5493011,26.8,7.67,NA,3.7,19.53535128,26.3,7.68,NA,3.7,19.15881651,26.4,6.04,NA
WA_2020_1,WA,2,16,10216,156,9,1,2020,1,3.9,18.52281965,27.4,7.36,NA,3.7,19.53535128,26.3,7.68,NA,3.7,19.15881651,26.4,6.04,NA
WA_2020_1,WA,2,17,10217,6,10,4,2020,1,3,18.90537289,25.9,5.05,NA,3.7,19.53535128,26.3,7.68,NA,3.7,19.15881651,26.4,6.04,NA
WA_2020_1,WA,2,18,10218,52,10,3,2020,1,3.4,16.76933607,22.7,5.32,NA,3.7,19.53535128,26.3,7.68,NA,3.7,19.15881651,26.4,6.04,NA
WA_2020_1,WA,2,19,10219,90,10,2,2020,1,3.7,17.30903994,21.7,3.61,NA,3.7,19.53535128,26.3,7.68,NA,3.7,19.15881651,26.4,6.04,NA
WA_2020_1,WA,2,20,10220,140,10,1,2020,1,3.3,19.6323817,26.6,7.16,NA,3.7,19.53535128,26.3,7.68,NA,3.7,19.15881651,26.4,6.04,NA
WA_2020_1,WA,3,1,10301,91,11,4,2020,1,3.6,17.55259354,27.2,6.77,NA,3.5,19.15976159,27.6,7.38,NA,3.5,18.89723013,26.1,7.76,NA
WA_2020_1,WA,3,2,10302,201,11,3,2020,1,3.5,19.15976159,27.6,7.38,NA,3.5,19.15976159,27.6,7.38,NA,3.5,18.89723013,26.1,7.76,NA
WA_2020_1,WA,3,3,10303,40,11,2,2020,1,3.6,19.26163724,25.4,6.3,NA,3.5,19.15976159,27.6,7.38,NA,3.5,18.89723013,26.1,7.76,NA
WA_2020_1,WA,3,4,10304,177,11,1,2020,1,3.4,17.42173581,25.2,8.21,NA,3.5,19.15976159,27.6,7.38,NA,3.5,18.89723013,26.1,7.76,NA
WA_2020_1,WA,3,5,10305,119,12,4,2020,1,3.7,18.4976355,23.7,4.62,NA,3.5,19.15976159,27.6,7.38,NA,3.5,18.89723013,26.1,7.76,NA
WA_2020_1,WA,3,6,10306,189,12,3,2020,1,3.5,19.21712693,28.3,8.91,NA,3.5,19.15976159,27.6,7.38,NA,3.5,18.89723013,26.1,7.76,NA
WA_2020_1,WA,3,7,10307,145,12,2,2020,1,3.5,18.90112672,27.8,6.92,NA,3.5,19.15976159,27.6,7.38,NA,3.5,18.89723013,26.1,7.76,NA
WA_2020_1,WA,3,8,10308,186,12,1,2020,1,3.5,18.12734082,26.4,6.23,NA,3.5,19.15976159,27.6,7.38,NA,3.5,18.89723013,26.1,7.76,NA
WA_2020_1,WA,3,9,10309,114,13,4,2020,1,3.8,20.22088125,27,6.65,NA,3.5,19.15976159,27.6,7.38,NA,3.5,18.89723013,26.1,7.76,NA
WA_2020_1,WA,3,10,10310,50,13,3,2020,1,3.3,16.9917059,20.6,5.14,NA,3.5,19.15976159,27.6,7.38,NA,3.5,18.89723013,26.1,7.76,NA
WA_2020_1,WA,3,11,10311,111,13,2,2020,1,3.7,18.24175824,26.6,6.6,NA,3.5,19.15976159,27.6,7.38,NA,3.5,18.89723013,26.1,7.76,NA
WA_2020_1,WA,3,12,10312,202,13,1,2020,1,3.5,18.89723013,26.1,7.76,NA,3.5,19.15976159,27.6,7.38,NA,3.5,18.89723013,26.1,7.76,NA
WA_2020_1,WA,3,13,10313,66,14,4,2020,1,3.9,18.98795181,22.6,4.97,NA,3.5,19.15976159,27.6,7.38,NA,3.5,18.89723013,26.1,7.76,NA
WA_2020_1,WA,3,14,10314,12,14,3,2020,1,3.8,18.35539715,20.4,4.76,NA,3.5,19.15976159,27.6,7.38,NA,3.5,18.89723013,26.1,7.76,NA
WA_2020_1,WA,3,15,10315,197,14,2,2020,1,3.3,18.37788018,28.2,6.44,NA,3.5,19.15976159,27.6,7.38,NA,3.5,18.89723013,26.1,7.76,NA
WA_2020_1,WA,3,16,10316,185,14,1,2020,1,3.2,18.49808061,25.3,8.52,NA,3.5,19.15976159,27.6,7.38,NA,3.5,18.89723013,26.1,7.76,NA
WA_2020_1,WA,3,17,10317,26,15,4,2020,1,3.6,20.10730399,26.8,5.61,NA,3.5,19.15976159,27.6,7.38,NA,3.5,18.89723013,26.1,7.76,NA
WA_2020_1,WA,3,18,10318,182,15,3,2020,1,3.8,19.66662359,28.1,8.27,NA,3.5,19.15976159,27.6,7.38,NA,3.5,18.89723013,26.1,7.76,NA
WA_2020_1,WA,3,19,10319,33,15,2,2020,1,3.5,16.85682738,24,5.59,NA,3.5,19.15976159,27.6,7.38,NA,3.5,18.89723013,26.1,7.76,NA
WA_2020_1,WA,3,20,10320,36,15,1,2020,1,3.2,16.3168585,25.3,6.38,NA,3.5,19.15976159,27.6,7.38,NA,3.5,18.89723013,26.1,7.76,NA
WA_2020_1,WA,4,1,10401,149,16,4,2020,1,3.6,17.19686491,26.6,5.57,NA,3.5,18.29189884,27.7,6.1,NA,3.4,18.22529765,26.8,7.9,NA
WA_2020_1,WA,4,2,10402,115,16,3,2020,1,3.7,17.66348615,21.9,4.81,NA,3.5,18.29189884,27.7,6.1,NA,3.4,18.22529765,26.8,7.9,NA
WA_2020_1,WA,4,3,10403,136,16,2,2020,1,3.2,17.0718232,22.7,4.8,NA,3.5,18.29189884,27.7,6.1,NA,3.4,18.22529765,26.8,7.9,NA
WA_2020_1,WA,4,4,10404,22,16,1,2020,1,3.6,19.3462751,22.6,6.14,NA,3.5,18.29189884,27.7,6.1,NA,3.4,18.22529765,26.8,7.9,NA
WA_2020_1,WA,4,5,10405,53,17,4,2020,1,4,20.10074948,24.5,7.06,NA,3.5,18.29189884,27.7,6.1,NA,3.4,18.22529765,26.8,7.9,NA
WA_2020_1,WA,4,6,10406,165,17,3,2020,1,3.3,18.01216188,26.3,8.59,NA,3.5,18.29189884,27.7,6.1,NA,3.4,18.22529765,26.8,7.9,NA
WA_2020_1,WA,4,7,10407,202,17,2,2020,1,3.4,18.22529765,26.8,7.9,NA,3.5,18.29189884,27.7,6.1,NA,3.4,18.22529765,26.8,7.9,NA
WA_2020_1,WA,4,8,10408,56,17,1,2020,1,3.7,19.01019541,23.8,4.1,NA,3.5,18.29189884,27.7,6.1,NA,3.4,18.22529765,26.8,7.9,NA
WA_2020_1,WA,4,9,10409,73,18,4,2020,1,3.6,20.10043242,26.6,5.24,NA,3.5,18.29189884,27.7,6.1,NA,3.4,18.22529765,26.8,7.9,NA
WA_2020_1,WA,4,10,10410,131,18,3,2020,1,3.4,20.04110997,27.8,5.93,NA,3.5,18.29189884,27.7,6.1,NA,3.4,18.22529765,26.8,7.9,NA
WA_2020_1,WA,4,11,10411,89,18,2,2020,1,3.1,19.61973279,27.6,5.82,NA,3.5,18.29189884,27.7,6.1,NA,3.4,18.22529765,26.8,7.9,NA
WA_2020_1,WA,4,12,10412,94,18,1,2020,1,3.2,18.44547564,28.1,6.61,NA,3.5,18.29189884,27.7,6.1,NA,3.4,18.22529765,26.8,7.9,NA
WA_2020_1,WA,4,13,10413,201,19,4,2020,1,3.5,18.29189884,27.7,6.1,NA,3.5,18.29189884,27.7,6.1,NA,3.4,18.22529765,26.8,7.9,NA
WA_2020_1,WA,4,14,10414,190,19,3,2020,1,3.7,18.1680545,28.4,7.82,NA,3.5,18.29189884,27.7,6.1,NA,3.4,18.22529765,26.8,7.9,NA
WA_2020_1,WA,4,15,10415,68,19,2,2020,1,3.7,17.6078257,24.6,6.6,NA,3.5,18.29189884,27.7,6.1,NA,3.4,18.22529765,26.8,7.9,NA
WA_2020_1,WA,4,16,10416,196,19,1,2020,1,3.8,17.15195632,28.6,7.67,NA,3.5,18.29189884,27.7,6.1,NA,3.4,18.22529765,26.8,7.9,NA
WA_2020_1,WA,4,17,10417,100,20,4,2020,1,3.2,18.02337503,22.9,3.87,NA,3.5,18.29189884,27.7,6.1,NA,3.4,18.22529765,26.8,7.9,NA
WA_2020_1,WA,4,18,10418,120,20,3,2020,1,4.1,18.18502825,23.8,4.77,NA,3.5,18.29189884,27.7,6.1,NA,3.4,18.22529765,26.8,7.9,NA
WA_2020_1,WA,4,19,10419,61,20,2,2020,1,4.2,18.17180617,26.7,5.51,NA,3.5,18.29189884,27.7,6.1,NA,3.4,18.22529765,26.8,7.9,NA
WA_2020_1,WA,4,20,10420,179,20,1,2020,1,3.8,18.64514087,26.1,7.46,NA,3.5,18.29189884,27.7,6.1,NA,3.4,18.22529765,26.8,7.9,NA
WA_2020_1,WA,5,1,10501,124,21,4,2020,1,3.7,18.78845244,19.2,3.35,NA,3.4,19.15730337,27.4,8.06,NA,3.9,18.60367893,24.9,8.4,NA
WA_2020_1,WA,5,2,10502,174,21,3,2020,1,3.909090909,17.01359644,28.2,9.31,NA,3.4,19.15730337,27.4,8.06,NA,3.9,18.60367893,24.9,8.4,NA
WA_2020_1,WA,5,3,10503,128,21,2,2020,1,4.1,19.10093858,25.7,6.17,NA,3.4,19.15730337,27.4,8.06,NA,3.9,18.60367893,24.9,8.4,NA
WA_2020_1,WA,5,4,10504,103,21,1,2020,1,3.8,19.0996709,28.2,8.74,NA,3.4,19.15730337,27.4,8.06,NA,3.9,18.60367893,24.9,8.4,NA
WA_2020_1,WA,5,5,10505,181,22,4,2020,1,3.5,19.31304968,26,7.42,NA,3.4,19.15730337,27.4,8.06,NA,3.9,18.60367893,24.9,8.4,NA
WA_2020_1,WA,5,6,10506,108,22,3,2020,1,3.5,18.31010153,26,6.68,NA,3.4,19.15730337,27.4,8.06,NA,3.9,18.60367893,24.9,8.4,NA
WA_2020_1,WA,5,7,10507,14,22,2,2020,1,3.2,19.72685888,24.1,6.72,NA,3.4,19.15730337,27.4,8.06,NA,3.9,18.60367893,24.9,8.4,NA
WA_2020_1,WA,5,8,10508,201,22,1,2020,1,3.4,19.15730337,27.4,8.06,NA,3.4,19.15730337,27.4,8.06,NA,3.9,18.60367893,24.9,8.4,NA
WA_2020_1,WA,5,9,10509,127,23,4,2020,1,3.8,16.94552269,26.1,4.99,NA,3.4,19.15730337,27.4,8.06,NA,3.9,18.60367893,24.9,8.4,NA
WA_2020_1,WA,5,10,10510,17,23,3,2020,1,3.5,20.09882053,21.7,5.14,NA,3.4,19.15730337,27.4,8.06,NA,3.9,18.60367893,24.9,8.4,NA
WA_2020_1,WA,5,11,10511,172,23,2,2020,1,3.5,17.6593998,27.9,7.55,NA,3.4,19.15730337,27.4,8.06,NA,3.9,18.60367893,24.9,8.4,NA
WA_2020_1,WA,5,12,10512,23,23,1,2020,1,3.5,17.46778126,26.3,7.79,NA,3.4,19.15730337,27.4,8.06,NA,3.9,18.60367893,24.9,8.4,NA
WA_2020_1,WA,5,13,10513,99,24,4,2020,1,4,17.60964178,26.1,6.98,NA,3.4,19.15730337,27.4,8.06,NA,3.9,18.60367893,24.9,8.4,NA
WA_2020_1,WA,5,14,10514,202,24,3,2020,1,3.9,18.60367893,24.9,8.4,NA,3.4,19.15730337,27.4,8.06,NA,3.9,18.60367893,24.9,8.4,NA
WA_2020_1,WA,5,15,10515,67,24,2,2020,1,3.9,18.79795396,23.6,5.15,NA,3.4,19.15730337,27.4,8.06,NA,3.9,18.60367893,24.9,8.4,NA
WA_2020_1,WA,5,16,10516,138,24,1,2020,1,3.8,17.26365238,24.8,6,NA,3.4,19.15730337,27.4,8.06,NA,3.9,18.60367893,24.9,8.4,NA
WA_2020_1,WA,5,17,10517,130,25,4,2020,1,3.7,18.60047847,21.5,3.45,NA,3.4,19.15730337,27.4,8.06,NA,3.9,18.60367893,24.9,8.4,NA
WA_2020_1,WA,5,18,10518,87,25,3,2020,1,3.5,20.23408925,23.1,5.67,NA,3.4,19.15730337,27.4,8.06,NA,3.9,18.60367893,24.9,8.4,NA
WA_2020_1,WA,5,19,10519,161,25,2,2020,1,3.5,18.36712329,24.6,7.8,NA,3.4,19.15730337,27.4,8.06,NA,3.9,18.60367893,24.9,8.4,NA
WA_2020_1,WA,5,20,10520,106,25,1,2020,1,3.7,19.21017403,27.1,7.82,NA,3.4,19.15730337,27.4,8.06,NA,3.9,18.60367893,24.9,8.4,NA
WA_2020_1,WA,6,1,10601,188,26,4,2020,1,3.6,19.21341979,27.2,6.37,NA,4.1,17.79873004,27.2,5.45,NA,3.6,19.62003454,27.5,9.32,NA
WA_2020_1,WA,6,2,10602,151,26,3,2020,1,3.6,18.75696767,25.9,7.65,NA,4.1,17.79873004,27.2,5.45,NA,3.6,19.62003454,27.5,9.32,NA
WA_2020_1,WA,6,3,10603,19,26,2,2020,1,3.6,17.72626932,25.9,6.78,NA,4.1,17.79873004,27.2,5.45,NA,3.6,19.62003454,27.5,9.32,NA
WA_2020_1,WA,6,4,10604,202,26,1,2020,1,3.6,19.62003454,27.5,9.32,NA,4.1,17.79873004,27.2,5.45,NA,3.6,19.62003454,27.5,9.32,NA
WA_2020_1,WA,6,5,10605,154,27,4,2020,1,3.5,18.40320592,27.8,6.34,NA,4.1,17.79873004,27.2,5.45,NA,3.6,19.62003454,27.5,9.32,NA
WA_2020_1,WA,6,6,10606,5,27,3,2020,1,3.2,19.28559987,28.8,5.78,NA,4.1,17.79873004,27.2,5.45,NA,3.6,19.62003454,27.5,9.32,NA
WA_2020_1,WA,6,7,10607,80,27,2,2020,1,3.5,18.33785005,25.9,5.99,NA,4.1,17.79873004,27.2,5.45,NA,3.6,19.62003454,27.5,9.32,NA
WA_2020_1,WA,6,8,10608,176,27,1,2020,1,3.9,18.06864456,24.3,7.81,NA,4.1,17.79873004,27.2,5.45,NA,3.6,19.62003454,27.5,9.32,NA
WA_2020_1,WA,6,9,10609,183,28,4,2020,1,3.8,19.28609483,26.1,5.91,NA,4.1,17.79873004,27.2,5.45,NA,3.6,19.62003454,27.5,9.32,NA
WA_2020_1,WA,6,10,10610,117,28,3,2020,1,3.4,19.29796696,23.1,6.35,NA,4.1,17.79873004,27.2,5.45,NA,3.6,19.62003454,27.5,9.32,NA
WA_2020_1,WA,6,11,10611,118,28,2,2020,1,3.3,18.28422877,25.4,5.74,NA,4.1,17.79873004,27.2,5.45,NA,3.6,19.62003454,27.5,9.32,NA
WA_2020_1,WA,6,12,10612,79,28,1,2020,1,3.6,17.2458845,27.1,6.68,NA,4.1,17.79873004,27.2,5.45,NA,3.6,19.62003454,27.5,9.32,NA
WA_2020_1,WA,6,13,10613,201,29,4,2020,1,4.1,17.79873004,27.2,5.45,NA,4.1,17.79873004,27.2,5.45,NA,3.6,19.62003454,27.5,9.32,NA
WA_2020_1,WA,6,14,10614,46,29,3,2020,1,4.5,16.61129568,23.8,6.39,NA,4.1,17.79873004,27.2,5.45,NA,3.6,19.62003454,27.5,9.32,NA
WA_2020_1,WA,6,15,10615,113,29,2,2020,1,3.4,17.98672566,24.7,6.7,NA,4.1,17.79873004,27.2,5.45,NA,3.6,19.62003454,27.5,9.32,NA
WA_2020_1,WA,6,16,10616,25,29,1,2020,1,3.4,18.46838136,20.5,4.9,NA,4.1,17.79873004,27.2,5.45,NA,3.6,19.62003454,27.5,9.32,NA
WA_2020_1,WA,6,17,10617,71,30,4,2020,1,3.5,20.02379536,24.6,7.09,NA,4.1,17.79873004,27.2,5.45,NA,3.6,19.62003454,27.5,9.32,NA
WA_2020_1,WA,6,18,10618,41,30,3,2020,1,4.4,18.34458468,21.4,4.51,NA,4.1,17.79873004,27.2,5.45,NA,3.6,19.62003454,27.5,9.32,NA
WA_2020_1,WA,6,19,10619,95,30,2,2020,1,3.8,18.16797215,25.1,6.2,NA,4.1,17.79873004,27.2,5.45,NA,3.6,19.62003454,27.5,9.32,NA
WA_2020_1,WA,6,20,10620,171,30,1,2020,1,3.7,17.63215479,26.2,8.19,NA,4.1,17.79873004,27.2,5.45,NA,3.6,19.62003454,27.5,9.32,NA
WA_2020_1,WA,7,1,10701,38,31,4,2020,1,3.6,17.40224545,23.5,4.23,NA,3.7,19.33309684,27.2,8.17,NA,3.5,17.931236,25.3,8.15,NA
WA_2020_1,WA,7,2,10702,202,31,3,2020,1,3.5,17.931236,25.3,8.15,NA,3.7,19.33309684,27.2,8.17,NA,3.5,17.931236,25.3,8.15,NA
WA_2020_1,WA,7,3,10703,150,31,2,2020,1,3.8,16.61318193,26,7.38,NA,3.7,19.33309684,27.2,8.17,NA,3.5,17.931236,25.3,8.15,NA
WA_2020_1,WA,7,4,10704,143,31,1,2020,1,3.9,17.19910205,24,6.41,NA,3.7,19.33309684,27.2,8.17,NA,3.5,17.931236,25.3,8.15,NA
WA_2020_1,WA,7,5,10705,72,32,4,2020,1,3.7,17.89608724,24.4,5.1,NA,3.7,19.33309684,27.2,8.17,NA,3.5,17.931236,25.3,8.15,NA
WA_2020_1,WA,7,6,10706,11,32,3,2020,1,4.2,18.69761444,23.4,4.14,NA,3.7,19.33309684,27.2,8.17,NA,3.5,17.931236,25.3,8.15,NA
WA_2020_1,WA,7,7,10707,135,32,2,2020,1,4,16.34615385,21.3,3.72,NA,3.7,19.33309684,27.2,8.17,NA,3.5,17.931236,25.3,8.15,NA
WA_2020_1,WA,7,8,10708,54,32,1,2020,1,3.7,20.2202362,29.6,6.33,NA,3.7,19.33309684,27.2,8.17,NA,3.5,17.931236,25.3,8.15,NA
WA_2020_1,WA,7,9,10709,27,33,4,2020,1,3.5,18.36448598,22.4,4.57,NA,3.7,19.33309684,27.2,8.17,NA,3.5,17.931236,25.3,8.15,NA
WA_2020_1,WA,7,10,10710,45,33,3,2020,1,3.5,18.87373515,21.2,3.78,NA,3.7,19.33309684,27.2,8.17,NA,3.5,17.931236,25.3,8.15,NA
WA_2020_1,WA,7,11,10711,64,33,2,2020,1,4.2,18.97983393,22.4,3.93,NA,3.7,19.33309684,27.2,8.17,NA,3.5,17.931236,25.3,8.15,NA
WA_2020_1,WA,7,12,10712,163,33,1,2020,1,4,18.63576024,29.8,7.47,NA,3.7,19.33309684,27.2,8.17,NA,3.5,17.931236,25.3,8.15,NA
WA_2020_1,WA,7,13,10713,8,34,4,2020,1,3.2,17.41323648,19.7,3.16,NA,3.7,19.33309684,27.2,8.17,NA,3.5,17.931236,25.3,8.15,NA
WA_2020_1,WA,7,14,10714,51,34,3,2020,1,3.9,19.74601594,24,5.22,NA,3.7,19.33309684,27.2,8.17,NA,3.5,17.931236,25.3,8.15,NA
WA_2020_1,WA,7,15,10715,201,34,2,2020,1,3.7,19.33309684,27.2,8.17,NA,3.7,19.33309684,27.2,8.17,NA,3.5,17.931236,25.3,8.15,NA
WA_2020_1,WA,7,16,10716,192,34,1,2020,1,3.9,18.38337768,31.4,7.91,NA,3.7,19.33309684,27.2,8.17,NA,3.5,17.931236,25.3,8.15,NA
WA_2020_1,WA,7,17,10717,18,35,4,2020,1,3.090909091,19.57618567,21.1,3.04,NA,3.7,19.33309684,27.2,8.17,NA,3.5,17.931236,25.3,8.15,NA
WA_2020_1,WA,7,18,10718,129,35,3,2020,1,3.2,19.79678794,18.8,3.3,NA,3.7,19.33309684,27.2,8.17,NA,3.5,17.931236,25.3,8.15,NA
WA_2020_1,WA,7,19,10719,74,35,2,2020,1,3.3,16.21359223,22.4,3.84,NA,3.7,19.33309684,27.2,8.17,NA,3.5,17.931236,25.3,8.15,NA
WA_2020_1,WA,7,20,10720,70,35,1,2020,1,3.3,20.11691447,27.1,6.42,NA,3.7,19.33309684,27.2,8.17,NA,3.5,17.931236,25.3,8.15,NA
WA_2020_1,WA,8,1,10801,170,36,4,2020,1,3.5,18.22184589,26.4,5.99,NA,3.8,19.34026209,14.9,7.34,NA,3.1,19.3579235,25.5,5.72,NA
WA_2020_1,WA,8,2,10802,112,36,3,2020,1,3.8,17.51216122,21.9,4.61,NA,3.8,19.34026209,14.9,7.34,NA,3.1,19.3579235,25.5,5.72,NA
WA_2020_1,WA,8,3,10803,93,36,2,2020,1,3.7,17.9555704,30,6.06,NA,3.8,19.34026209,14.9,7.34,NA,3.1,19.3579235,25.5,5.72,NA
WA_2020_1,WA,8,4,10804,98,36,1,2020,1,3.8,18.77441908,25,5.44,NA,3.8,19.34026209,14.9,7.34,NA,3.1,19.3579235,25.5,5.72,NA
WA_2020_1,WA,8,5,10805,44,37,4,2020,1,3.7,17.72032902,20.7,3.2,NA,3.8,19.34026209,14.9,7.34,NA,3.1,19.3579235,25.5,5.72,NA
WA_2020_1,WA,8,6,10806,180,37,3,2020,1,3.9,20.54390564,24.4,6.13,NA,3.8,19.34026209,14.9,7.34,NA,3.1,19.3579235,25.5,5.72,NA
WA_2020_1,WA,8,7,10807,137,37,2,2020,1,3.6,17.8939034,23.9,4.59,NA,3.8,19.34026209,14.9,7.34,NA,3.1,19.3579235,25.5,5.72,NA
WA_2020_1,WA,8,8,10808,193,37,1,2020,1,3.6,18.51851852,30.5,8.29,NA,3.8,19.34026209,14.9,7.34,NA,3.1,19.3579235,25.5,5.72,NA
WA_2020_1,WA,8,9,10809,10,38,4,2020,1,2.9,18.25261159,22.9,4.54,NA,3.8,19.34026209,14.9,7.34,NA,3.1,19.3579235,25.5,5.72,NA
WA_2020_1,WA,8,10,10810,169,38,3,2020,1,2.9,18.01813998,23.9,6.77,NA,3.8,19.34026209,14.9,7.34,NA,3.1,19.3579235,25.5,5.72,NA
WA_2020_1,WA,8,11,10811,141,38,2,2020,1,3.1,17.69981535,27.4,4.94,NA,3.8,19.34026209,14.9,7.34,NA,3.1,19.3579235,25.5,5.72,NA
WA_2020_1,WA,8,12,10812,58,38,1,2020,1,3.5,20.06059295,24.2,5.01,NA,3.8,19.34026209,14.9,7.34,NA,3.1,19.3579235,25.5,5.72,NA
WA_2020_1,WA,8,13,10813,75,39,4,2020,1,2.8,14.98962656,26.4,1.89,NA,3.8,19.34026209,14.9,7.34,NA,3.1,19.3579235,25.5,5.72,NA
WA_2020_1,WA,8,14,10814,28,39,3,2020,1,3.2,17.88021652,21.1,4.38,NA,3.8,19.34026209,14.9,7.34,NA,3.1,19.3579235,25.5,5.72,NA
WA_2020_1,WA,8,15,10815,47,39,2,2020,1,4.2,20.26034713,24.8,4.74,NA,3.8,19.34026209,14.9,7.34,NA,3.1,19.3579235,25.5,5.72,NA
WA_2020_1,WA,8,16,10816,201,39,1,2020,1,3.8,19.34026209,14.9,7.34,NA,3.8,19.34026209,14.9,7.34,NA,3.1,19.3579235,25.5,5.72,NA
WA_2020_1,WA,8,17,10817,202,40,4,2020,1,3.1,19.3579235,25.5,5.72,NA,3.8,19.34026209,14.9,7.34,NA,3.1,19.3579235,25.5,5.72,NA
WA_2020_1,WA,8,18,10818,48,40,3,2020,1,3.3,21.16182573,19.4,3.08,NA,3.8,19.34026209,14.9,7.34,NA,3.1,19.3579235,25.5,5.72,NA
WA_2020_1,WA,8,19,10819,42,40,2,2020,1,3.8,17.83190777,24.9,5.74,NA,3.8,19.34026209,14.9,7.34,NA,3.1,19.3579235,25.5,5.72,NA
WA_2020_1,WA,8,20,10820,194,40,1,2020,1,3.7,18.31304348,30.2,7.11,NA,3.8,19.34026209,14.9,7.34,NA,3.1,19.3579235,25.5,5.72,NA
WA_2020_1,WA,9,1,10901,97,41,4,2020,1,3.5,17.43019789,21.9,3.55,NA,3,19.76979312,24.7,6.23,NA,3.2,18.87764163,26.2,7.55,NA
WA_2020_1,WA,9,2,10902,31,41,3,2020,1,3.4,20.55349903,19.8,3.93,NA,3,19.76979312,24.7,6.23,NA,3.2,18.87764163,26.2,7.55,NA
WA_2020_1,WA,9,3,10903,63,41,2,2020,1,2.8,19.77214259,22.3,6.46,NA,3,19.76979312,24.7,6.23,NA,3.2,18.87764163,26.2,7.55,NA
WA_2020_1,WA,9,4,10904,110,41,1,2020,1,3.3,20.58003346,25.9,8.9,NA,3,19.76979312,24.7,6.23,NA,3.2,18.87764163,26.2,7.55,NA
WA_2020_1,WA,9,5,10905,184,42,4,2020,1,3.8,19.47593384,25.9,6.25,NA,3,19.76979312,24.7,6.23,NA,3.2,18.87764163,26.2,7.55,NA
WA_2020_1,WA,9,6,10906,16,42,3,2020,1,3.7,19.06552095,21.3,4.93,NA,3,19.76979312,24.7,6.23,NA,3.2,18.87764163,26.2,7.55,NA
WA_2020_1,WA,9,7,10907,201,42,2,2020,1,3,19.76979312,24.7,6.23,NA,3,19.76979312,24.7,6.23,NA,3.2,18.87764163,26.2,7.55,NA
WA_2020_1,WA,9,8,10908,55,42,1,2020,1,4.1,21.31527151,27.4,5.87,NA,3,19.76979312,24.7,6.23,NA,3.2,18.87764163,26.2,7.55,NA
WA_2020_1,WA,9,9,10909,4,43,4,2020,1,3,19.40789474,22.3,4.15,NA,3,19.76979312,24.7,6.23,NA,3.2,18.87764163,26.2,7.55,NA
WA_2020_1,WA,9,10,10910,202,43,3,2020,1,3.2,18.87764163,26.2,7.55,NA,3,19.76979312,24.7,6.23,NA,3.2,18.87764163,26.2,7.55,NA
WA_2020_1,WA,9,11,10911,102,43,2,2020,1,3.6,19.39381734,27.1,6.57,NA,3,19.76979312,24.7,6.23,NA,3.2,18.87764163,26.2,7.55,NA
WA_2020_1,WA,9,12,10912,7,43,1,2020,1,4,19.28721174,26.5,5.63,NA,3,19.76979312,24.7,6.23,NA,3.2,18.87764163,26.2,7.55,NA
WA_2020_1,WA,9,13,10913,132,44,4,2020,1,3.2,16.93811075,21.8,3.62,NA,3,19.76979312,24.7,6.23,NA,3.2,18.87764163,26.2,7.55,NA
WA_2020_1,WA,9,14,10914,122,44,3,2020,1,2.8,19.94065282,23.9,6.34,NA,3,19.76979312,24.7,6.23,NA,3.2,18.87764163,26.2,7.55,NA
WA_2020_1,WA,9,15,10915,173,44,2,2020,1,2.7,17.40403383,25.4,7.06,NA,3,19.76979312,24.7,6.23,NA,3.2,18.87764163,26.2,7.55,NA
WA_2020_1,WA,9,16,10916,155,44,1,2020,1,3.6,20.26723786,29.5,7.85,NA,3,19.76979312,24.7,6.23,NA,3.2,18.87764163,26.2,7.55,NA
WA_2020_1,WA,9,17,10917,86,45,4,2020,1,3.7,19.3111569,20.8,4.07,NA,3,19.76979312,24.7,6.23,NA,3.2,18.87764163,26.2,7.55,NA
WA_2020_1,WA,9,18,10918,20,45,3,2020,1,3,21.12185687,22.8,5.38,NA,3,19.76979312,24.7,6.23,NA,3.2,18.87764163,26.2,7.55,NA
WA_2020_1,WA,9,19,10919,175,45,2,2020,1,3.4,18.25671007,25.5,7.73,NA,3,19.76979312,24.7,6.23,NA,3.2,18.87764163,26.2,7.55,NA
WA_2020_1,WA,9,20,10920,187,45,1,2020,1,3.5,20.47628343,28.9,8.49,NA,3,19.76979312,24.7,6.23,NA,3.2,18.87764163,26.2,7.55,NA
WA_2020_1,WA,10,1,11001,49,46,4,2020,1,3.4,18.23686123,24.2,5.18,NA,3.1,18.816313,25.4,6.13,NA,3.5,21.03845212,27.9,8.23,NA
WA_2020_1,WA,10,2,11002,92,46,3,2020,1,2.9,21.04173304,29,6.53,NA,3.1,18.816313,25.4,6.13,NA,3.5,21.03845212,27.9,8.23,NA
WA_2020_1,WA,10,3,11003,198,46,2,2020,1,2.9,19.05106845,25.3,6.47,NA,3.1,18.816313,25.4,6.13,NA,3.5,21.03845212,27.9,8.23,NA
WA_2020_1,WA,10,4,11004,96,46,1,2020,1,3.3,18.56346343,27.4,6.43,NA,3.1,18.816313,25.4,6.13,NA,3.5,21.03845212,27.9,8.23,NA
WA_2020_1,WA,10,5,11005,57,47,4,2020,1,3.2,19.29993577,22.5,5.08,NA,3.1,18.816313,25.4,6.13,NA,3.5,21.03845212,27.9,8.23,NA
WA_2020_1,WA,10,6,11006,1,47,3,2020,1,3.7,20.23065834,22.9,4.97,NA,3.1,18.816313,25.4,6.13,NA,3.5,21.03845212,27.9,8.23,NA
WA_2020_1,WA,10,7,11007,166,47,2,2020,1,2.9,20.01748252,25,5.8,NA,3.1,18.816313,25.4,6.13,NA,3.5,21.03845212,27.9,8.23,NA
WA_2020_1,WA,10,8,11008,101,47,1,2020,1,2.9,19.85054608,24.8,7.32,NA,3.1,18.816313,25.4,6.13,NA,3.5,21.03845212,27.9,8.23,NA
WA_2020_1,WA,10,9,11009,178,48,4,2020,1,3.5,17.383821,29,7.14,NA,3.1,18.816313,25.4,6.13,NA,3.5,21.03845212,27.9,8.23,NA
WA_2020_1,WA,10,10,11010,21,48,3,2020,1,3.1,19.22234392,19,4.3,NA,3.1,18.816313,25.4,6.13,NA,3.5,21.03845212,27.9,8.23,NA
WA_2020_1,WA,10,11,11011,88,48,2,2020,1,2.7,20.34369472,19.4,4.19,NA,3.1,18.816313,25.4,6.13,NA,3.5,21.03845212,27.9,8.23,NA
WA_2020_1,WA,10,12,11012,142,48,1,2020,1,2.8,18.8106582,19.4,5.84,NA,3.1,18.816313,25.4,6.13,NA,3.5,21.03845212,27.9,8.23,NA
WA_2020_1,WA,10,13,11013,85,49,4,2020,1,3.2,18.02247191,26.1,5.33,NA,3.1,18.816313,25.4,6.13,NA,3.5,21.03845212,27.9,8.23,NA
WA_2020_1,WA,10,14,11014,15,49,3,2020,1,2.6,18.37431694,21.8,5.16,NA,3.1,18.816313,25.4,6.13,NA,3.5,21.03845212,27.9,8.23,NA
WA_2020_1,WA,10,15,11015,148,49,2,2020,1,3.4,19.16157782,25.2,6.88,NA,3.1,18.816313,25.4,6.13,NA,3.5,21.03845212,27.9,8.23,NA
WA_2020_1,WA,10,16,11016,202,49,1,2020,1,3.5,21.03845212,27.9,8.23,NA,3.1,18.816313,25.4,6.13,NA,3.5,21.03845212,27.9,8.23,NA
WA_2020_1,WA,10,17,11017,59,50,4,2020,1,3.9,18.51662404,19.2,4.32,NA,3.1,18.816313,25.4,6.13,NA,3.5,21.03845212,27.9,8.23,NA
WA_2020_1,WA,10,18,11018,105,50,3,2020,1,3.3,19.62258797,23.4,7.03,NA,3.1,18.816313,25.4,6.13,NA,3.5,21.03845212,27.9,8.23,NA
WA_2020_1,WA,10,19,11019,201,50,2,2020,1,3.1,18.816313,25.4,6.13,NA,3.1,18.816313,25.4,6.13,NA,3.5,21.03845212,27.9,8.23,NA
WA_2020_1,WA,10,20,11020,153,50,1,2020,1,3.2,20.00769527,24.9,7.57,NA,3.1,18.816313,25.4,6.13,NA,3.5,21.03845212,27.9,8.23,NA
WA_2020_1,WA,11,1,11101,167,51,4,2020,1,3.4,19.42229774,28.2,7.13,NA,2.9,18.95949003,26.7,6.35,NA,3.2,20.21068104,25.5,7.69,NA
WA_2020_1,WA,11,2,11102,202,51,3,2020,1,3.2,20.21068104,25.5,7.69,NA,2.9,18.95949003,26.7,6.35,NA,3.2,20.21068104,25.5,7.69,NA
WA_2020_1,WA,11,3,11103,134,51,2,2020,1,3.5,19.2679558,25.5,6.94,NA,2.9,18.95949003,26.7,6.35,NA,3.2,20.21068104,25.5,7.69,NA
WA_2020_1,WA,11,4,11104,152,51,1,2020,1,3,18.36642599,19.6,4.71,NA,2.9,18.95949003,26.7,6.35,NA,3.2,20.21068104,25.5,7.69,NA
WA_2020_1,WA,11,5,11105,2,52,4,2020,1,3.4,19.93464052,25.9,6.19,NA,2.9,18.95949003,26.7,6.35,NA,3.2,20.21068104,25.5,7.69,NA
WA_2020_1,WA,11,6,11106,109,52,3,2020,1,3.2,20.23178808,23.4,6.87,NA,2.9,18.95949003,26.7,6.35,NA,3.2,20.21068104,25.5,7.69,NA
WA_2020_1,WA,11,7,11107,83,52,2,2020,1,3.5,21.6623168,21.7,6.02,NA,2.9,18.95949003,26.7,6.35,NA,3.2,20.21068104,25.5,7.69,NA
WA_2020_1,WA,11,8,11108,39,52,1,2020,1,3,19.62918178,21.5,5.09,NA,2.9,18.95949003,26.7,6.35,NA,3.2,20.21068104,25.5,7.69,NA
WA_2020_1,WA,11,9,11109,9,53,4,2020,1,3.4,18.18934128,24.6,6.58,NA,2.9,18.95949003,26.7,6.35,NA,3.2,20.21068104,25.5,7.69,NA
WA_2020_1,WA,11,10,11110,147,53,3,2020,1,3.2,18.97732135,25.8,6.81,NA,2.9,18.95949003,26.7,6.35,NA,3.2,20.21068104,25.5,7.69,NA
WA_2020_1,WA,11,11,11111,168,53,2,2020,1,3.1,19.12938696,25.1,6.12,NA,2.9,18.95949003,26.7,6.35,NA,3.2,20.21068104,25.5,7.69,NA
WA_2020_1,WA,11,12,11112,160,53,1,2020,1,3.2,21.13199055,29.6,8.87,NA,2.9,18.95949003,26.7,6.35,NA,3.2,20.21068104,25.5,7.69,NA
WA_2020_1,WA,11,13,11113,60,54,4,2020,1,3.3,19.91869919,27.6,6.69,NA,2.9,18.95949003,26.7,6.35,NA,3.2,20.21068104,25.5,7.69,NA
WA_2020_1,WA,11,14,11114,157,54,3,2020,1,3.3,19.61226929,29.3,6.79,NA,2.9,18.95949003,26.7,6.35,NA,3.2,20.21068104,25.5,7.69,NA
WA_2020_1,WA,11,15,11115,62,54,2,2020,1,3.4,21.05466486,25.5,6.37,NA,2.9,18.95949003,26.7,6.35,NA,3.2,20.21068104,25.5,7.69,NA
WA_2020_1,WA,11,16,11116,81,54,1,2020,1,3.4,19.20226678,22.3,6.9,NA,2.9,18.95949003,26.7,6.35,NA,3.2,20.21068104,25.5,7.69,NA
WA_2020_1,WA,11,17,11117,201,55,4,2020,1,2.9,18.95949003,26.7,6.35,NA,2.9,18.95949003,26.7,6.35,NA,3.2,20.21068104,25.5,7.69,NA
WA_2020_1,WA,11,18,11118,65,55,3,2020,1,3.5,20.26247476,24.9,6.39,NA,2.9,18.95949003,26.7,6.35,NA,3.2,20.21068104,25.5,7.69,NA
WA_2020_1,WA,11,19,11119,30,55,2,2020,1,3.1,17.47061208,24,5.15,NA,2.9,18.95949003,26.7,6.35,NA,3.2,20.21068104,25.5,7.69,NA
WA_2020_1,WA,11,20,11120,144,55,1,2020,1,3.3,18.67266592,22.9,6.94,NA,2.9,18.95949003,26.7,6.35,NA,3.2,20.21068104,25.5,7.69,NA
