gen,Chr5_16888158,Chr5_16888160,Chr5_16888161,Chr5_16888163,Chr5_16888169,Chr5_16888170,Chr5_16888188,Chr5_16888190,Chr5_16888195,ST1_FD_ID_2019_4,ST1_FD_WA_2018_3,ST1_FD_WA_2019_5,ST1_FD_OR_2018_3,ST1_FD_OR_2019_4,ST1_FD_OR_2020_4,ST3_FD_ID,ST3_FD_OR,ST3_FD_WA,ST4_FD
1,TTTA,CCCA,TTTC,AAAT,GGGA,GGGT,AAGG,TTCC,TCCC,3.45836800413572,3.28394008375997,3.92642313153113,4.15063851198594,6.23158904751172,3.56434064949792,3.53375622848858,4.64365408690223,3.57705181933958,4.10313702131241
10,TTTA,CCCA,TTTC,AAAT,GGGA,GGGT,AAGG,TTCC,TTCC,2.38966349091503,1.58350761041092,1.13892508108594,3.01759609563019,1.18150924367414,1.73817708367127,2.33831909681536,1.99630888192319,1.57892727453612,1.91418338194286
100,TTTA,CCCA,TTTC,AAAT,GGGA,GGGT,AAAG,TTTC,TTCC,2.21343514017952,2.80187669400428,1.48045483528741,-0.972479707114778,0.512606852556169,3.56966300921099,2.24893264391591,0.805445062352822,2.10614757150062,1.47959382899594
101,TTTA,CCCA,TTTC,AAAT,GGGA,GGGT,AAGG,TTCC,TCCC,2.5828197374428,2.51084668279725,3.61922081489139,3.42468587032463,2.16264727171963,1.31313704792559,2.66400789076392,2.42101250773509,2.96740501038022,2.64364257245494
103,TTTA,CCCA,TTTC,AAAT,GGGA,GGGT,AAGG,TTTC,TCCC,2.9959414042791,3.49780477146333,3.45283796005615,2.51892529466635,3.17977267930138,2.35455973252701,3.09866585528858,2.7085976319849,3.36270516702899,2.99164484755021
104,TTAA,CCAA,TTCC,AATT,GGAA,GGTT,AAGG,TTCC,TTCC,5.01197622617012,4.75790282606932,3.0067228941219,3.66154384880491,4.6692867668419,4.43647506322175,4.90123818827575,4.20944293587543,3.93564116244921,4.23347488680007
105,TTTA,CCCA,TTTC,AAAT,GGGA,GGGT,AAGG,TTCC,TTCC,NA,2.94335576121211,2.50175285533136,3.44534376022123,3.70716087451421,2.89583032242548,NA,3.35708487884984,2.80300927960688,3.13545463915265
106,TTTA,CCCA,TTTC,AAAT,GGGA,GGGT,AAGG,TTCC,TTCC,2.01263008840362,3.13448745580048,3.42821006811397,2.50490944815989,3.2514888730543,3.41895608301397,2.25501808385493,3.00606223793219,3.14067311075245,2.92575850319273
107,TTTA,CCCA,TTTC,AAAT,GGGA,GGGT,AAAG,TTTC,TTCC,5.11515009800432,5.52002011115834,4.56214464526645,3.45400375301962,5.44130574580648,3.36150083449415,5.09198109479322,4.12171402686927,4.9044370711378,4.54433288627944
108,TTTA,CCCA,TTTC,AAAT,GGGA,GGGT,AAGG,TTCC,TCCC,3.30181071728635,2.49946571449518,3.68743113094156,2.71261100495629,5.22154874526403,4.26237526280088,3.29140322506324,3.9921003950358,3.09501638360383,3.57628952956305
109,TTTA,CCAA,TTCC,AAAT,GGGA,GGGT,AAGG,TTCC,CCCC,3.32684140137019,3.2468721821412,2.11602641212695,2.07197561371453,1.22465615090586,1.63490215498729,3.26088566776837,1.68132098132511,2.73042734370528,2.29428388319238
11,TTTA,CCCA,TTCC,AAAT,GGGA,GGGT,AAGG,TTCC,TTCC,1.907159526089,1.61815033506042,2.40140867692391,0.861938874038212,-0.701208483637799,0.105080790745466,1.89258545499438,0.145840212340943,1.88103552646409,1.0153628574909
112,TTAA,CCAA,TTCC,AATT,GGAA,GGTT,AAGG,TTCC,TTCC,3.46548075739198,1.46828704865446,0.569084909982789,1.3143762359766,1.56265640755334,1.14828284371991,3.08132663975061,1.36695360992802,1.27043131801039,1.62050835092591
113,TTTA,CCCA,TTTC,AAAT,GGGA,GGGT,AAGG,TTCC,TTCC,3.71549073216745,2.18182285230552,1.34224194493244,2.87588165296324,2.94248477907689,4.08170038971716,3.52382972317296,3.17498549054632,2.04026749303185,2.85488686347927
115,TTTA,CCCA,TTTC,AAAT,GGGA,GGGT,AAGG,TTCC,TTCC,2.33635969061108,1.41097823814848,2.31146346779367,3.41589202519268,2.27402990702268,3.57156515534226,2.35721552880879,3.01638050518871,2.05259022995422,2.58525625071389
116,TTTA,CCCA,TTTC,AAAT,GGGA,GGGT,AAGG,TTTC,CCCC,2.7927798557714,2.52927460496669,1.43726214890978,1.22036294270099,1.77173525936677,-0.765436759575564,2.6819020950189,0.967572829714783,1.97089929500905,1.58773652903023
117,TTTA,CCCA,TTTC,AAAT,GGGA,GGGT,AAGG,TTTC,TCCC,1.97669563956315,1.96275581834466,1.81297944786104,3.06724364192579,1.97554884548366,2.35390544659206,2.09234375167661,2.47303150447935,1.98740476417179,2.24770796557637
118,TTAA,CCAA,TTCC,AATT,GGAA,GGTT,AGGG,TCCC,TCCC,2.62710617577171,1.83484470573528,2.65816618616684,2.42704029729667,4.63200863283468,3.56491707585031,2.61957257974781,3.46544733994242,2.29391068765931,2.93395599581561
119,TTTA,CCCA,TTTC,AAAT,GGGA,GGGT,AAGG,TTTC,CCCC,3.46089148796471,2.39576228119018,3.25160684003346,2.97957282297267,1.24919862005111,2.89758630612222,3.39364202439673,2.36865691412401,2.89218950430735,2.71399862923058
12,TTTA,CCCA,TTTC,AAAT,GGGA,GGGT,AAAG,TTTC,TTCC,1.53106846603281,1.41942352330186,1.0141185991293,-1.68792856032164,-4.03798153633525,-2.3404470576723,1.42129156762194,-2.59211580143918,1.02883943117995,-0.716229495722615
120,TTTA,CCCA,TTTC,AAAT,GGGA,GGGT,AAGG,TTCC,TCCC,3.01759007339254,1.28393759372805,2.42770426439495,1.82606803927058,2.1498818021113,3.74662846212321,2.85398969547015,2.44598569760842,2.01929110002396,2.37175483139056
121,TTTA,CCCA,TTTC,AAAT,GGGA,GGGT,AAAG,TTTC,TTCC,2.26879617190848,3.66787128247417,3.67480761541008,3.29308104200407,2.52959246253249,1.5895510674289,2.51693160475684,2.56097222269528,3.48341079961874,2.86111164534669
122,TTTA,CCCA,TTTC,AAAT,GGGA,GGGT,AAGG,TTCC,TTCC,3.45242786974506,2.71508038698022,2.3115144618371,2.82804483447255,1.93709685296768,3.91873846979065,3.38059462715009,2.83373437686643,2.66873625170851,2.86987837686107
123,TTTA,CCCA,TTTC,AAAT,GGGA,GGGT,AAAG,TTTC,TTCC,2.55378096663876,4.25315695122127,3.66460914229576,2.0773909228203,1.26636918612566,2.33322854026344,2.84384935570023,1.90182855842368,3.69598229906017,2.65688327151527
124,TTTA,CCCA,TTTC,AAAT,GGGA,GGGT,AAAG,TTTC,TTCC,2.69514518089107,3.00260491973902,0.105802173200401,0.88311428841437,0.335242993252173,0.105020406553268,2.62969443381152,0.499659413984564,1.64853498615699,1.23762377467986
125,TTTA,CCCA,TTTC,AAAT,GGGA,GGGT,AAGG,TTCC,CCCC,2.24637146067344,1.86257272277926,-0.473661832383657,0.127600618252116,-1.59677477639497,-2.14676676503421,1.98665248783272,-1.04326075800452,0.77829608666775,0.0689103978591104
126,TTTA,CCCA,TTTC,AAAT,GGGA,GGGT,AAGG,TTCC,TTCC,2.4069864746732,1.93457714471781,1.6910630160271,0.506617285204998,0.695181355353256,0.10002032709663,2.2534595328669,0.490577674390562,1.7392137036172,1.20060332721216
127,TTTA,CCCA,TTTC,AAAT,GGGA,GGGT,AAAG,TTTC,TTCC,2.20165015446288,2.70434897943703,0.24497805857357,1.67512988932012,1.68984811230715,1.6686623226986,2.2190731241652,1.6657348963958,1.62473190347903,1.74429027005178
128,TTTA,CCCA,TTTC,AAAT,GGGA,GGGT,AAGG,TTTC,TCCC,2.62278309566969,1.94251975412947,1.63623249601369,2.96546795733264,0.682457714877554,1.31742551838235,2.59647948361563,1.7013372364062,1.94708389964732,1.93244316535481
129,TTAA,CCAA,TTTC,AAAT,GGGA,GGTT,AAAG,TTTC,TTCC,3.03741962331409,1.88913601247825,1.82837254475428,3.44358359459635,1.59582652327213,0.96526823776216,2.93719112132687,2.12224470480889,2.03326085906684,2.22840782564787
13,TTTA,CCCA,TTTC,AAAT,GGGA,GGGT,AGGG,TTCC,TCCC,1.49922133733496,1.80565898782208,0.844222508274794,0.792722897563639,1.51262280760545,2.18341548305753,1.5470549931821,1.40718492421813,1.36821576688927,1.41750688326917
130,TTTA,CCCA,TTTC,AAAT,GGGA,GGGT,AAGG,TTTC,TCCC,1.78036246484192,2.4868191282995,1.65416151247716,1.65641820404336,2.60536292746349,2.50349546564942,1.86458628759526,2.20486908561311,2.05212488923357,2.09724055381696
131,TTTA,CCCA,TTTC,AAAT,GGGA,GGGT,AAGG,TTCC,TTCC,1.92850512427986,0.957046304704649,3.00568526847765,3.38526593049999,6.2438609053435,3.89013060938602,2.00368646488451,4.44813976596415,2.03190015370524,3.23531767836457
132,TTTA,CCCA,TTTC,AAAT,GGGA,GGGT,AAAG,TTTC,TTCC,1.68418009365105,2.11815505296414,0.89251649723978,1.66958653479786,0.723058427667524,1.34623005281354,1.76536921105384,1.24768093479551,1.57011279281301,1.44143960017773
133,TTAA,CCCA,TTCC,AAAT,GGGA,GGGT,AAGG,TTCC,TCCC,2.87084607155167,2.55017824434769,2.12904922376889,0.51862848015712,1.34270163121563,2.69059641787865,2.77975336940815,1.41709012594778,2.31138064311127,1.942297505579
134,TTTA,CCCA,TTTC,AAAT,GGGA,GGGT,AAGG,TTTC,TCCC,3.12222270273166,2.23298285654738,2.87500181710922,4.3604628553614,1.34923481774149,2.17486803062716,3.1156263322319,2.70408897574581,2.66988103252037,2.76127588741834
135,TTTA,CCCA,TTTC,AAAT,GGGA,GGGT,AAGG,TTCC,TCCC,0.999567200807041,2.04727933163523,1.28613851682502,1.76826097151188,1.86556027081948,1.49100031851925,1.21701696414571,1.70463548623654,1.63446355035853,1.59997508726207
136,TTTA,CCCA,TTTC,AAAT,GGGA,GGGT,AAAG,TTTC,TCCC,1.85550410417928,0.859059055323791,0.626288676247832,-1.30241822828449,-1.0743984342231,-0.587027114580775,1.72280371556454,-0.975381856884928,0.716979738442734,0.0384362702992034
137,TTAA,CCAA,TTCC,AATT,GGAA,GGTT,AAGG,TTTC,TCCC,1.11180157168705,1.49325258616523,-0.00135362660623323,1.49194695650887,0.0477973553723614,1.4957634780332,1.20233190283033,0.988778633502577,0.900551370920417,0.994961757529815
138,TTTA,CCCA,TTTC,AAAT,GGGA,GGGT,AAGG,TTCC,CCCC,2.90967823180505,2.01552772395866,0.960158993575896,1.75018314131841,1.76835964750525,2.35659641190122,2.72927678474714,1.90408656905115,1.64708054664471,1.95594959753167
139,TTAA,CCAA,TTCC,AAAT,GGAA,GGTT,AAGG,TTCC,TTCC,2.86446366222752,2.70523964312769,0.972311866027053,2.52878305566061,2.50171039137145,2.65274891092928,2.84451376774652,2.52268112602965,2.06738268793157,2.42455375361643
14,TTTA,CCCA,TTTC,AAAT,GGGA,GGGT,AAGG,TCCC,TCCC,2.62240357188988,3.057642822822,1.07797573114463,1.65148785988972,3.48803662005253,1.48195166972909,2.61070261398748,2.21527696431115,2.07748796874804,2.2352515740695
140,TTTA,CCCA,TTTC,AAAT,GGGA,GGGT,AAGG,TTCC,TTCC,2.55956513763155,2.60553001925752,0.129236384773421,1.64914713333298,1.6557394004812,-0.0795516926261828,2.44940104909826,1.18705294077014,1.48047780726389,1.49525258098941
141,TTTA,CCCA,TTTC,AAAT,GGGA,GGGT,AAGG,TTCC,TCCC,2.54685101992056,2.07314871542733,1.26995824485238,4.16691277274612,7.76505122547999,7.02281905437185,2.66093056927019,6.08338175948429,2.03997575881757,4.1651712275597
142,TTAA,CCCA,TTCC,AAAT,GGGA,GGGT,AAGG,TTCC,TTTC,2.48232270169907,NA,-0.299619518706447,0.0375616392947594,-2.97404237337051,-0.411153428775714,2.25534916989081,-1.05542935722414,0.102205413958672,-0.16174669756459
143,TTTA,CCCA,TTTC,AAAT,GGGA,GGGT,AAGG,TTCC,TTCC,2.47723521669601,2.0030175954175,2.90172070309879,2.09740233447136,1.42008633283024,2.01888237052477,2.4902935478105,1.85175367055942,2.43887043994424,2.15388257322954
144,TTTA,CCCA,TTTC,AAAT,GGGA,GGGT,AAAG,TTTC,TTCC,2.65591807055685,1.82936472212847,2.550571222626,3.73146776623777,2.70063268351829,5.11388831317204,2.75351446250165,3.68994148098524,2.41294319305353,3.10820421526074
145,TTTA,CCCA,TTTC,AAAT,GGGA,GGGT,AAGG,TTCC,TCCC,4.15932947869128,2.98688385000827,4.21197022673241,3.84466810118475,2.50510541232689,2.37827121789843,4.06117231636249,2.98645445329203,3.59624239616482,3.36883674476137
146,TTTA,CCCA,TTTC,AAAT,GGGA,GGGT,AAGG,TTTC,TCCC,2.50212855280168,5.15995962533999,3.77680168546026,4.25724943948108,4.72832707912099,3.73366758795971,2.90940816209683,4.27571433073297,4.2886561985702,4.05231059190602
147,TTTA,CCCA,TTTC,AAAT,GGGA,GGGT,AAGG,TTCC,TTCC,3.80892767090443,3.98041463984965,2.93974427681786,2.48157201309508,4.52451301296114,3.41912002501026,3.7894677352145,3.43843496058185,3.4524144772005,3.50160026189351
148,TTAA,CCAA,TTCC,AATT,GGAA,GGTT,AAGG,TTCC,CCCC,2.91899576335241,1.91529870466239,3.78635337454122,2.28327221049246,2.14683735817306,2.00589051919427,2.89563806469166,2.17414561326235,2.7646486916124,2.49122871461725
149,TTAA,CCAA,TTCC,AATT,GGAA,GGTT,AAGG,TTTC,TCCC,3.52243461804912,1.57655547108329,2.43046537960224,2.97896863114418,1.71256437167931,2.35659323264104,3.40095797568744,2.3557158328116,2.23103747302916,2.48836340336343
15,TTTA,CCCA,TTTC,AAAT,GGGA,GGGT,AAGG,TTCC,TTCC,3.12853519106545,2.33194636661379,1.33504400292722,1.19964499583982,3.13500006175826,3.22302299647628,2.95446224936198,2.42518195674711,1.93481984188154,2.34994130056106
150,TTAA,CCAA,TTCC,AATT,GGGA,GGGT,AAGG,TTCC,CCCC,2.92133427023245,2.30408667034979,2.56644499703138,2.63048135863655,2.83804603410277,2.69511807373511,2.89543526034474,2.70456976299334,2.48558824159052,2.66338683875096
151,TTTA,CCCA,TTTC,AAAT,GGGA,GGGT,AAGG,TTCC,CCCC,3.34372080992531,2.141577878271,2.73576580535791,3.89203625077845,4.65559814599417,4.07762115377162,3.29154144035435,4.15758131693125,2.6063995109134,3.49618073549581
152,TTAA,CCAA,TTCC,AATT,GGAA,GGTT,AAGG,TTTC,CCCC,2.35763455073551,2.22617933083491,2.51272846440557,0.531818418588368,-1.03109828169771,0.596783017115886,2.340230546064,0.0586142818225717,2.26603379792444,1.17469016456343
153,TTAA,CCAA,TTCC,AATT,GGAA,GGTT,AAGG,TTCC,TTCC,2.69049783011047,2.70438929402056,2.35700386272094,2.31906515668619,2.31436723794748,3.04369042750614,2.74274195681862,2.5208605272969,2.56385326138588,2.57217167691351
154,TTTA,CCCA,TTTC,AAAT,GGGA,GGGT,AAGG,TTCC,TCCC,2.41273143750023,2.55598795484509,3.22664049885882,2.14214620848081,1.6971226596692,4.17622906128541,2.59245993626637,2.56181780698008,2.86744268304496,2.66879978721609
155,TTTA,CCCA,TTTC,AAAT,GGGA,GGGT,AAGG,TTCC,TTCC,4.84791148129012,2.31559551308257,4.80752052582698,3.70191038017698,5.0873718139472,2.67209089517852,4.67514970069588,3.90300235734505,3.58596165691819,3.92601334776123
156,TTTA,CCCA,TTTC,AAAT,GGGA,GGGT,AAGG,TTCC,TCCC,3.0481517472287,5.31264907768642,5.8546566000541,4.15478029170864,4.32651949038881,2.69308430309326,3.28290405240262,3.84614392429691,5.21121921828034,4.207295710309
157,TTTA,CCCA,TTTC,AAAT,GGGA,GGGT,AAAG,TTCC,TTCC,3.95079482862707,2.78948020354957,4.08761649469783,3.68721738585595,3.49906453171616,3.39739081282025,3.91420029458457,3.53896348987065,3.46703575621833,3.57752704610553
158,TTAA,CCAA,TTCC,AAAT,GGAA,GGTT,AAAG,TTTC,TTTC,3.26360675986361,4.78178216817808,5.12084796229005,2.60675102813426,4.16018983290184,3.57181354171688,3.50494667733251,3.42569631921175,4.66757495249186,3.85286425665858
159,TTAA,CCAA,TTCC,AATT,GGAA,GGTT,AAGG,TTCC,TTCC,2.74482453356294,4.08221205834608,3.6715336196355,1.64619805794178,2.72309504960917,3.73939732834729,2.96052108304684,2.62981638721727,3.67445509745523,3.03314673993485
16,TTAA,CCAA,TTCC,AATT,GGAA,GGTT,AAAG,TTTC,TTCC,1.83598281911133,1.72331518845514,2.76900736372576,-0.398654762421735,-0.566971244956161,0.257253168013191,1.82297709355812,-0.218174256815404,2.09522699053698,0.893151384030976
160,TTTA,CCCA,TTTC,AAAT,GGGA,GGGT,AAAG,TTTC,TTCC,4.30160150008001,4.15833163417452,5.61564571033859,2.91584256268239,6.21714124091034,3.66401015827007,4.30683546041583,4.28805128450476,4.62330273107546,4.40293246268018
161,TTAA,CCAA,TTCC,AATT,GGAA,GGTT,AAGG,TTTC,TCCC,3.07737823385845,2.7209217802487,2.62381604561571,2.55617406006083,3.18532968817411,2.59541289050165,3.04886717976175,2.77604783641375,2.69887512847019,2.79579349099056
162,TTTA,CCAA,TTTC,AAAT,GGGA,GGGT,AAAG,TTTC,TTCC,3.98318565380346,4.54535162873034,4.81325898658506,3.75010333012724,5.47176164717861,3.55792697177129,4.08083489483779,4.28018439897972,4.51019908237577,4.32363104275475
163,TTTA,CCCA,TTTC,AAAT,GGGA,GGGT,AAGG,TTCC,TTTC,2.94872869421061,2.08946919479883,2.79357908067976,1.31674057148842,3.05125527660817,3.56502987210325,2.91028946922096,2.53881680999812,2.44782264595205,2.57039753185323
164,TTTA,CCCA,TTTC,AAAT,GGGA,GGGT,AAGG,TTCC,TTCC,2.9213768925034,2.75994183628042,2.94992373045859,1.452251850294,1.45069508241335,1.31610752071737,2.86984014761104,1.44245539965983,2.72973963145684,2.10944760158403
165,TTAA,CCAA,TTCC,AATT,GGAA,GGTT,AAGG,TTCC,TCCC,4.67349660872184,1.50145758036014,4.66964979195049,3.05726328296618,4.85704595195124,3.71020139671622,4.46996329381467,3.85429133568967,3.19882621850548,3.73841495631577
166,TAAA,CAAA,TCCC,AATT,GAAA,GTTT,AAGG,TTCC,TTCC,7.37862469689264,5.79982111970525,7.52400660032691,5.58911677957255,4.38759004162639,4.08576403244058,7.12064530492829,4.80704924408737,6.55630006089359,5.77573219316293
167,TTAA,CCAA,TTCC,AAAT,GGAA,GGTT,AAGG,TTTC,CCCC,3.11774773313875,4.19052030376874,2.86714685135935,4.23756018590305,3.97339227731778,4.08618794655808,3.2486687775461,4.06268938322551,3.5445134984948,3.75429398736871
168,TAAA,CAAA,TCCC,AATT,GGAA,GGTT,AAGG,TTCC,TCCC,6.42133524201257,4.74130926630005,7.01918739134238,4.77279500363513,5.03013020585593,4.0864967663142,6.2140977418149,4.70295273235313,5.75302052354015,5.30483283099243
169,TTTA,CCCA,TTTC,AAAT,GGGA,GGGT,AAAG,TTTC,TTCC,4.47451847795985,1.63294908479195,1.97338898362057,2.67560099602594,5.09126102461414,2.55208667231119,4.109549223032,3.43603380749596,2.07147204019582,3.09343245431858
17,TTAA,CCAA,TTCC,AAAT,GGAA,GGTT,AAGG,TTCC,TTCC,2.56782702305147,2.27379836510551,0.234551889738491,2.09531535938452,2.22823656680465,2.26169108576357,2.50976061718848,2.16599776787586,1.51850078920274,2.00745924987026
170,TTTA,CCCA,TTCC,AAAT,GGGA,GGGT,AAGG,TTCC,CCCC,3.44457031890843,3.57448665585303,2.93786074358558,3.35073344632768,4.40335151907665,3.66401015574596,3.4982232079554,3.7855830335967,3.29774555739583,3.57507723725619
171,TTTA,CCCA,TTTC,AAAT,GGGA,GGGT,AAGG,TTTC,TTCC,1.36593787355763,2.4058043797503,1.55923066999492,3.02699156619459,4.21721772720606,2.53476443264797,1.59439830508982,3.24498980176757,2.00097828225168,2.55522071248265
172,TTAA,CCAA,TTCC,AATT,GGAA,GGTT,AAGG,TTCC,TTCC,2.98421325178783,4.15908830880012,1.33679323858798,2.63104420033067,1.90966887949823,2.34938876420379,3.0809004569191,2.30148355626745,2.84506319524654,2.61257958603576
173,TTTA,CCCA,TTTC,AAAT,GGGA,GGGT,AAAG,TTCC,TTTC,2.74933038204788,2.31221525812952,3.1298044619171,2.81374557363776,3.25212488823296,2.35301891450302,2.76547661210564,2.81547992188111,2.6924046731923,2.76612095402226
174,TTTA,CCCA,TTCC,AAAT,GGGA,GGGT,AAGG,TTCC,TCCC,2.53911055628095,3.25851511291778,2.04343614663415,3.52676670534803,2.96636255331443,4.08654717911864,2.76821790786864,3.44500968968898,2.78391457640121,3.111846021623
175,TTTA,CCCA,TTTC,AAAT,GGGA,GGGT,AAGG,TTCC,CCCC,2.8175158116148,3.28290008428535,3.00464320537787,2.44660138210021,3.35449112603203,1.66018977452148,2.85886481690093,2.55095407483931,3.02810824299996,2.76132392123646
176,TTTA,CCCA,TTTC,AAAT,GGGA,GGGT,AAAG,TTTC,TTCC,2.19058571888852,2.18504549730833,3.78471839906048,2.57393980649455,2.33825529373563,2.35803104933291,2.25523221228825,2.43419335940355,2.82891903015522,2.53594172513489
177,TTTA,CCCA,TTTC,AAAT,GGGA,GGGT,AAAG,TTTC,TTCC,2.97742771549997,5.33697233126089,3.1397878683062,3.41960067017965,3.77208228125587,3.04965704327448,3.2523125018376,3.44110890532368,4.08532607596126,3.62438189495519
178,TTTA,CCCA,TTTC,AAAT,GGGA,GGGT,AAGG,TTCC,TCCC,3.58870498565526,3.86450697652164,4.32536569729511,3.69041158144106,3.42719728882084,3.04510541756627,3.73246784225304,3.42467428204383,3.99153139076741,3.66492557831989
179,TTAA,CCAA,TTCC,AAAT,GGAA,GGTT,AAAG,TTTC,TTCC,2.41443591476462,1.41684325593211,3.39783169961253,2.64896764224237,2.21162475048173,3.02903535807123,2.4291185387808,2.6378662732328,2.43175650652318,2.53437172858759
18,TTTA,CCCA,TTTC,AAAT,GGGA,GGGT,AAGG,TTCC,TTCC,4.04815299277968,1.45103585074586,2.38592269329783,2.55907186194767,3.82522730259155,2.01003795909224,3.70994969721539,2.86103767956573,2.10628900114401,2.75094012303344
180,TTTA,CCCA,TTTC,AAAT,GGGA,GGGT,AAAG,TTTC,TTCC,3.10447031831989,2.03210271973852,1.66572194916968,3.85788653945545,4.32611213555291,3.5878266503998,3.06378947473117,3.8936500799491,2.12592489820269,3.16609825183064
181,TTTA,CCAA,TTTC,AAAT,GGGA,GGGT,AAAG,TTTC,CCCC,3.27360142121845,4.25137505106022,5.23169621397317,4.44878144117503,3.479745928796,3.04470530741251,3.55484793790475,3.72716411015981,4.52711153075123,3.96509388831444
182,TTTA,CCAA,TTTC,AAAT,GGGA,GGGT,AAGG,TTTC,CCCC,3.18634049815329,2.16444049045633,3.77340719722638,3.68076176486292,4.38125427366511,4.263787458959,3.1962422741219,4.04633645362364,3.02034986549677,3.56265856099772
183,TTTA,CCCA,TTTC,AAAT,GGGA,GGGT,AAGG,TTCC,CCCC,2.99449440235808,3.22537527476374,3.36504304583655,2.83528415646552,4.04868130135973,4.78781979220618,3.14408412035292,3.74643919495927,3.29233808215782,3.49467964492439
184,TTAA,CCAA,TTTC,AAAT,GGGA,GGGT,AAGG,TTTC,CCCC,3.47280258281963,3.81152341872864,3.18860377680699,4.15816742166135,3.67311557617372,2.8495060961861,3.5856258040022,3.60857664414774,3.51831653703696,3.57466480175322
185,TTAA,CCAA,TTCC,AAAT,GGAA,GGTT,AAGG,TTCC,TTCC,2.85938927727138,3.61827375847678,5.1870637597108,2.4942987245582,3.52002904644921,2.62114893735057,3.01255373969213,2.90639073727321,4.07052443180768,3.31212913585452
186,TTTA,CCCA,TTTC,AAAT,GGGA,GGGT,AAGG,TCCC,TTCC,3.37706244723794,4.02180358190157,2.94498678607488,3.78116531309668,4.47890958468939,2.70507231704823,3.50554027550703,3.68536103318656,3.51198512214542,3.59759893655959
187,TTAA,CCAA,TTCC,AAAT,GGAA,GGTT,AAGG,TTCC,TTCC,3.35812190485081,3.86612096540908,4.80345967802315,3.62587916404029,5.40246165585395,4.77246637686645,3.44651985210974,4.52919813201214,4.18653306944585,4.23453006450631
188,TTTA,CCCA,TTTC,AAAT,GGGA,GGGT,AAGG,TTCC,CCCC,4.49678292784779,3.58955490181129,5.98579476347876,3.85327142853394,4.36012405338501,2.71793095629318,4.47209242204854,3.74591633512582,4.60350596354784,4.15280889242028
189,TTTA,CCCA,TTTC,AAAT,GGGA,GGGT,AAAG,TTTC,TTCC,1.48686073230579,4.48473076770882,5.30327583692883,3.56005769757435,5.10332662626157,3.48668011862886,1.95202018374451,4.06010254285758,4.48431308695429,3.8501589977043
19,TTTA,CCCA,TTTC,AAAT,GGGA,GGGT,AAAG,TTTC,TTCC,0.876674192554662,2.92227451646709,3.84554148226026,2.36421940791602,1.40258258079538,1.14298537086307,1.13615339722059,1.70411252687759,3.12017047060148,2.08147198650938
190,TTTA,CCCA,TTTC,AAAT,GGGA,GGGT,AAGG,TTTC,TTCC,4.84273670450136,1.38222130464703,3.45006762567152,4.2419346580767,5.12932198829016,4.43260495034042,4.54396870733619,4.55583039372326,2.73574349842376,3.94715781422558
191,TTTA,CCCA,TTCC,AAAT,GGGA,GGGT,AAGG,TTCC,CCCC,3.10972496618815,2.32926459543297,2.64630905033567,1.64052285290079,5.02546615653998,2.87016599306753,2.97584450008751,3.14238917195487,2.46295703691341,2.88815434829649
192,TTTA,CCCA,TTTC,AAAT,GGGA,GGGT,AAGG,TTCC,TTCC,4.14768500781985,3.32717145319197,5.85819826785752,2.46780841986414,3.88996436426267,3.73995754493227,4.12557720504389,3.36891292327262,4.45903800865247,3.85839866536112
193,TTTA,CCAA,TTTC,AAAT,GGGA,GGGT,AAGG,TTCC,TTCC,4.10339612091637,3.6405562040659,6.00883432705849,3.18546108469742,4.28782480926833,3.40722722233241,4.12157879600357,3.61657802976236,4.56646208485393,4.01737284249976
194,TTTA,CCCA,TTTC,AAAT,GGGA,GGGT,AAGG,TTCC,TCCC,1.51457390284025,3.70489311031294,3.21919726218825,4.30178639342199,5.18506254766505,3.12222479741358,1.73309599196775,4.23578858342875,3.33694924216594,3.51906003776431
195,TTTA,CCCA,TTTC,AAAT,GGGA,GGGT,AAAG,TTCC,TTCC,2.66526476163702,3.33681325544627,3.34467324921472,2.45381519718432,3.28419693889234,4.18347024031666,2.82357525475414,3.18891420705012,3.27850237220568,3.15788710338597
196,TTTA,CCCA,TTTC,AAAT,GGGA,GGGT,AAGG,TTCC,TTCC,3.53635900370865,2.03522490614223,4.26883593578958,3.73983146648199,4.959769185379,2.97201973785006,3.45314865423335,3.93181652313523,3.15981170560904,3.59470360580952
197,TTTA,CCCA,TTTC,AAAT,GGGA,GGGT,AAAG,TTTC,TCCC,2.36789082717029,3.90842311746806,5.16958055420965,4.44984526616611,5.67452926628915,4.27633265537494,2.6681638575378,4.80127974351088,4.28120995370542,4.27240383258021
198,TTTA,CCCA,TTTC,AAAT,GGGA,GGGT,AAGG,TTCC,TCCC,4.65401422713496,2.89256640987489,3.04913224492421,3.41954435007851,5.65530431586442,2.87359956689778,4.51214081119009,3.99075583987128,3.12610252540928,3.78943556360375
2,TTTA,CCAA,TTTC,AAAT,GGGA,GGGT,AAGG,TTCC,TTCC,4.07635741103553,3.39115729347159,3.5022525207909,3.78194495913267,6.04763774095482,4.61787737979399,4.02863465809286,4.76587985555555,3.52977349483435,4.2309702024047
20,TTTA,CCAA,TTTC,AAAT,GGGA,GGGT,AAGG,TTCC,CCCC,1.93587882716423,1.93235315818892,1.46942831069835,3.53536072918096,1.57780064464916,2.35658185505942,2.05632460284643,2.44799156278566,1.8665399125805,2.18889651939407
21,TTAA,CCAA,TTCC,AAAT,GGAA,GGTT,AAAG,TTTC,TTCC,2.37142529721728,2.125269237277,0.40999975048501,2.66336096570039,1.77750118032348,2.18595466353346,2.35798610381744,2.23074970591345,1.52511254511699,2.01674338529862
22,TTTA,CCCA,TTTC,AAAT,GGGA,GGGT,AAAG,TTTC,CCCC,3.52602395209884,1.59238248723461,2.04824711581621,2.62735346319404,0.665711690908033,2.10048725721749,3.38251510844062,1.77036641622796,2.07224765328808,2.13968494395011
23,TTTA,CCCA,TTTC,AAAT,GGGA,GGGT,AAGG,TTCC,TTCC,2.290600011529,2.76363538822012,1.47389638087323,2.98251512307213,1.77732621387486,2.00798124382122,2.35198320539261,2.26424950892222,2.23646322727708,2.26960969778557
24,TTAA,CCAA,TTCC,AATT,GGAA,GGTT,AAGG,TTCC,TCCC,1.21723993811525,2.23880078012047,1.40476273442863,1.4154755180262,0.419935314188227,0.626368809613115,1.40084153754535,0.861190499137481,1.7414289243757,1.24454514728487
25,TAAA,CAAA,TCCC,ATTT,GAAA,GTTT,AAGG,TTCC,TCCC,5.19272852428517,6.88524898354689,6.42891461636899,5.464419395178,3.92388728547965,1.70797325261598,5.37844658441769,3.94450208501091,6.33533188906187,4.98043610292903
26,TTTA,CCCA,TTTC,AAAT,GGGA,GGGT,AAGG,TTTC,CCCC,4.19232868723423,1.8412044265401,3.07119510619644,3.72572090899563,4.33531906299455,1.83480650008886,3.81687056674739,3.38124335299895,2.59350121242537,3.19126717509916
27,TTTA,CCCA,TTTC,AAAT,GGGA,GGGT,AAGG,TTCC,TCCC,1.88462383514505,1.42118304868804,1.81550058270644,0.873769040526138,-0.683423340904685,-0.593756361804056,1.82125848737422,-0.0159562978682628,1.54311621522903,0.809937004037916
28,TTTA,CCCA,TTTC,AAAT,GGGA,GGGT,AAGG,TTTC,TTCC,2.08309399873773,1.03289521863966,-0.102915468457376,-1.79345939733956,-4.63597703209686,-1.89422488930473,1.81996713715972,-2.72633677684735,0.484510903845055,-0.898336897615371
29,TTTA,CCCA,TTTC,AAAT,GGGA,GGGT,AAGG,TTCC,TTCC,2.52686513075885,1.91005078521555,1.81640797105683,-1.04899505489189,-3.46695355131513,-0.93254365605898,2.29122125249625,-1.73629464053292,1.74142692452919,0.0941985299926483
3,TTAA,CCAA,TTCC,AAAT,GGGA,GGGT,AAGG,TTTC,CCCC,3.18656645459186,3.76699057512077,2.63626927256313,3.25708971396339,6.60762196193246,2.6857325313196,3.26822626908914,4.19296818563159,3.16509588467613,3.69622043255603
30,TTTA,CCCA,TTCC,AAAT,GGGA,GGGT,AAGG,TTCC,TCCC,2.44832179871982,1.62878607726763,2.04281471439738,2.26140297685007,2.01755398585498,1.31985318889793,2.40891552410843,1.9132146939822,1.89100405795092,1.98842795365948
31,TTTA,CCCA,TTTC,AAAT,GGGA,GGGT,AAGG,TTTC,TTCC,2.05578288121397,2.08322655596285,1.34518470170959,1.7364314184797,0.32996585915988,0.626630729170488,2.06281856300688,0.94816651854647,1.74681600171049,1.40015835367788
32,TTAA,CCAA,TTTC,AAAT,GGGA,GGGT,AAGG,TTCC,CCCC,2.09326567646437,3.57522764799524,4.13265736850155,2.69337409597115,2.01204367836007,1.9839702507516,2.47307147434202,2.27515293026318,3.59112876019532,2.7467979642537
33,TTTA,CCCA,TTTC,AAAT,GGGA,GGGT,AAGG,TTCC,TTCC,2.10927899921747,1.44632741027918,2.10590860569394,0.454919922656738,-0.665803636781991,0.273213719278159,2.03293062181101,0.049664007489405,1.6921567787872,0.92770603364227
35,TTTA,CCAA,TTTC,AAAT,GGGA,GGGT,AAGG,TTCC,TCCC,2.74181222087237,2.67165725947245,6.00312956274122,2.09000832474215,2.1418508629749,1.81150366516725,2.87156689119746,2.06849327733861,3.92696776270997,2.82183037477221
36,TTAA,CCAA,TTCC,AAAT,GGGA,GGGT,AAGG,TTCC,TTCC,2.84576117363585,2.18420339965476,2.23804572425564,1.90424987888573,0.943048288777508,1.15802543911479,2.75656400804127,1.38025362548277,2.22819784734581,1.89228676319687
37,TTAA,CCAA,TTCC,AAAT,GGGA,GGGT,AAGG,TTTC,CCCC,2.40940925908892,1.77693241854081,1.56186688183955,0.0572074063209903,0.452226992163034,1.65937299834687,2.30480470972637,0.652234862966068,1.66662050899034,1.26579171943421
38,TTTA,CCCA,TTTC,AAAT,GGGA,GGGT,AAGG,TTCC,TTCC,1.68612214157976,1.63215040802195,1.86460504257556,0.22678868696188,0.325778713515898,2.18156643169035,1.70541005980776,0.815926200081244,1.70843559933111,1.26167664311895
39,TTTA,CCAA,TTCC,AAAT,GGGA,GGGT,AAGG,TTCC,CCCC,2.21978230270328,1.44693926878015,1.27706197200786,-0.997860152642538,-1.14854438119305,-0.585820595796134,2.04993360199864,-0.876536469528145,1.27393308005852,0.328031725588542
4,TTTA,CCCA,TTTC,AAAT,GGGA,GGGT,AAAG,TTTC,TTCC,2.89581650631997,2.30272128749442,1.71098540500048,1.54415375003322,1.33464825697731,2.35404950511393,2.81030639314887,1.67425392957819,2.06377923477217,1.99343777523796
40,TTTA,CCAA,TTTC,AAAT,GGGA,GGGT,AAGG,TTTC,CCCC,1.78031900601415,2.37932799943188,3.05688348339549,1.31811860948204,-0.376291609652529,1.14608895799817,1.87391205603544,0.769361286252106,2.55636675929186,1.54912157222925
41,TTTA,CCCA,TTTC,AAAT,GGGA,GGGT,AAAG,TTTC,TTCC,2.68421253681089,2.3328723349278,1.42866884168985,2.7779970940693,2.00919494886538,3.24221196136647,2.68704061263174,2.62116630712333,2.07167723328029,2.44898233342705
42,TTTA,CCCA,TTTC,AAAT,GGGA,GGGT,AAGG,TTTC,TCCC,2.31298948497639,1.26600612895983,-0.733311576675792,-2.11977801986211,-2.45179938474817,-1.62707809500246,1.94340151188888,-2.03472284223946,0.297411250791339,-0.594324085541134
43,TTTA,CCCA,TTCC,AAAT,GGGA,GGGT,AAGG,TTCC,TTCC,1.61135210352788,2.69047712548124,0.96164144091148,0.484977251200507,-0.563295740012329,0.1052005124594,1.65546883938891,0.0486011739185126,1.73182726874214,0.877487816438122
44,TTTA,CCCA,TTCC,AAAT,GGGA,GGGT,AAGG,TTCC,TCCC,1.34178104969389,3.17041118111925,2.10440283664601,3.84421561121155,4.57136071262143,4.26805118715795,1.76201915310123,4.1437879948034,2.66268183681071,3.25312446852214
45,TTAA,CCAA,TTCC,AATT,GGAA,GGTT,AAGG,TTCC,CCCC,1.03261497341791,1.80482355645903,1.43369997201695,2.04683348355756,1.40723122412321,2.01525387184225,1.23526718560231,1.79800598845965,1.62684403258054,1.64716220269039
46,TTTA,CCCA,TTTC,AAAT,GGGA,GGGT,AAAG,TTTC,TTCC,1.61612293255179,1.4607443229157,-0.335660020996675,-2.04186862838106,-1.44616996088894,-0.757883135269227,1.46214588406248,-1.39845892614077,0.503878783715717,-0.287578887821397
47,TTTA,CCCA,TTTC,AAAT,GGGA,GGGT,AAGG,TTCC,TTCC,2.8417844085837,1.90252502410673,0.785208029286252,3.06720635765014,2.57729985610026,2.52209567900295,2.72905145979045,2.70925767519636,1.56574711074494,2.33138645114491
48,TTTA,CCCA,TTTC,AAAT,GGGA,GGGT,AAGG,TTCC,CCCC,2.18951129266096,1.17703892161826,1.31779378448416,0.802409045243305,2.5008412842263,1.66385290483897,2.00206578625393,1.62524697506957,1.29119520375968,1.57669951983034
49,TTTA,CCCA,TTTC,AAAT,GGGA,GGGT,AAGG,TTCC,TTCC,1.43259087871357,2.50549502891816,1.38208132488027,2.27445047295564,1.41424700128515,2.80613672239717,1.6894178612512,2.0920821321732,1.99153000285586,1.99145404391375
5,TTTA,CCCA,TTTC,AAAT,GGGA,GGGT,AAGG,TTTC,TTCC,3.35693252655391,2.0443314574892,1.55233698671929,2.87423585312814,6.72797542163112,3.56497837175449,3.2132520333598,4.40611393426137,2.00467068389557,3.40682253398917
50,TTAA,CCAA,TTCC,AATT,GGAA,GGTT,AAAG,TTTC,TTCC,1.54313063015222,1.42071813640723,2.78190021776554,2.05010739501511,1.65234473329819,2.26169030421569,1.69975558129635,1.96774069572948,2.06253914673262,1.95467599365834
51,TTAA,CCAA,TTCC,AAAT,GGGA,GGGT,AAGG,TTCC,CCCC,2.40875546997441,1.93524850757881,1.95379379939808,2.51013956614046,-0.401980926325894,1.6625977307597,2.40907530489981,1.35586403229528,2.02744972532009,1.75526114207097
52,TTTA,CCCA,TTTC,AAAT,GGGA,GGGT,AAGG,TTCC,TTCC,1.26796260367445,1.91407550888481,0.565992924525848,0.0197650278091807,-2.36336157601057,-1.10411610427651,1.30004892095522,-1.06496282920625,1.20838783862148,0.0869893517632355
53,TTTA,CCCA,TTTC,AAAT,GGGA,GGGT,AAAG,TTCC,TTTC,2.37608387279402,1.08825578757977,1.92635381289083,3.00722607647869,4.42899936442608,1.83705158271905,2.28261110154496,3.10824816439833,1.62987496922239,2.47785092219745
54,TTTA,CCCA,TTTC,AAAT,GGGA,GGGT,AAAG,TTTC,TTCC,4.46545436487772,3.19925381798139,4.63320939353498,3.26737297681141,6.79029725517572,4.80393310085211,4.36134377694849,4.88101489684878,3.89472266372946,4.46563896582564
55,TTTA,CCCA,TTTC,AAAT,GGGA,GGGT,AAGG,TTCC,TCCC,2.21609254168947,2.32359571498084,4.29987094707187,3.71340377736147,6.27748213607336,3.73999632915738,2.34052327067076,4.60534910018271,3.23554696502518,3.77127741687821
57,TTTA,CCCA,TTTC,AAAT,GGGA,GGGT,AAGG,TTCC,TCCC,2.77234561599164,1.92452184725664,1.68922920108575,0.511445196550482,-0.878356930943064,0.105447740774771,2.59377059609403,-0.0329649347492152,1.79951745000285,1.01565178197535
58,TTTA,CCCA,TTTC,AAAT,GGGA,GGGT,AAGG,TTCC,TTCC,2.11231682539009,1.58078203940493,0.833420583181381,3.22539557945502,1.49716309682274,1.51848018694793,2.10594987887574,2.1201666506802,1.4240781967672,1.88576770407512
59,TTAA,CCAA,TTCC,AAAT,GGGA,GGGT,AAGG,TTCC,TCCC,2.63526375138865,2.90827207084114,2.42588691776413,1.7610085295242,0.542264957332368,1.60747498223701,2.68499819092898,1.31751325446342,2.61506619076693,1.97794505597551
6,TTTA,CCCA,TTTC,AAAT,GGGA,GGGT,AAAG,TTTC,TTCC,3.7409453124911,3.35484287496704,1.09880167134334,2.86715140628317,6.06234581285439,2.35656000703944,3.57865124511283,3.73987232429699,2.39624677782367,3.26512696227519
60,TTAA,CCAA,TTTC,AAAT,GGGA,GGGT,AAGG,TTCC,TCCC,4.15884071651577,3.51277786797414,3.36810898315411,3.44074040337958,3.42008483406173,1.7333031141662,4.10706331380162,2.97395733901567,3.45363733711828,3.3227016675142
61,TTTA,CCCA,TTTC,AAAT,GGGA,GGGT,AAAG,TTTC,TTCC,4.29081549776006,5.34920166935731,5.77413586825988,5.96204406544196,4.58152677176351,3.5629777887554,4.46376926363859,4.81652150231068,5.3874063019769,4.94802439575407
62,TTTA,CCCA,TTTC,AAAT,GGGA,GGGT,AAGG,TTCC,TCCC,1.66836551777373,2.02194178140524,2.27671845670232,3.27604248494362,2.25038503719614,2.55158757327442,1.74930788633083,2.6912390709,2.17463198521527,2.36204817824356
63,TTTA,CCAA,TTTC,AAAT,GGGA,GGGT,AAAG,TTTC,CCCC,2.19180923437274,1.91728768263821,1.89868331958498,2.599366781033,1.51644381159541,2.89908564671097,2.2611705645208,2.28839597902509,2.00850132632346,2.19056019237383
64,TTAA,CCAA,TTCC,AATT,GGAA,GGTT,AAGG,TTCC,TTCC,3.30683718046945,2.62112469668603,2.77505430609207,3.7268835795501,4.15594512341853,3.02522528620839,3.27283459838078,3.64995362233072,2.79123932443817,3.30086235237488
65,TTTA,CCCA,TTTC,AAAT,GGGA,GGGT,AAGG,TTCC,TCCC,4.10793173838827,2.18302960537048,3.18817641779465,3.75169055566959,3.70373042746614,3.73030911332215,4.01377022208711,3.7185969954383,2.86654873916645,3.48377644778915
66,TTTA,CCCA,TTTC,AAAT,GGGA,GGGT,AAGG,TTTC,CCCC,3.91811016835902,2.22011912679976,4.34082742166753,5.22999218492644,8.24364769227904,4.25695902755626,3.83504014445869,5.93949603905526,3.36484636684981,4.73053683255402
67,TTTA,CCCA,TTTC,AAAT,GGGA,GGGT,AAGG,TTCC,CCCC,2.52456715901139,2.74575049015975,2.86792016301608,4.98376346004701,4.74672018345193,3.57031754137905,2.75389253859322,4.45139803791011,2.90262962289983,3.65222431635386
68,TTTA,CCCA,TTTC,AAAT,GGGA,GGGT,AAGG,TTCC,TCCC,1.97424754156117,1.00852941284881,3.24968492017112,1.43851381673779,0.906537036732169,0.972012039090131,1.9463411767358,1.14078227129782,2.06026090534918,1.58153496688794
69,TTTA,CCCA,TTTC,AAAT,GGGA,GGGT,AAAG,TTTC,CCCC,3.61864504950224,2.18372679913396,3.6517227626063,3.230048541978,6.83530672926459,3.7221229728756,3.50357633341403,4.5681432867348,2.94553597791843,3.84984635824255
7,TTTA,CCCA,TTTC,AAAT,GGGA,GGGT,AAGG,TTCC,CCCC,2.95354626888401,2.12375046235575,4.04836654776507,1.27048350536858,-0.0115236398018922,-0.0692401275599658,2.85848227117483,0.512038228321506,2.91405431849844,1.70378426552271
70,TTTA,CCCA,TTTC,AAAT,GGGA,GGGT,AAGG,TTCC,TCCC,2.56718107011328,3.45809491764059,5.16247165786795,3.81559195689404,6.4502574172547,4.08663656179292,2.88951101557584,4.76398800256287,4.06351822300818,4.21808524488014
71,TTTA,CCCA,TTTC,AAAT,GGGA,GGGT,AAGG,TTTC,TCCC,2.98647281985372,2.38583464857191,0.988237054739145,1.96133067563203,0.500956158290007,2.18369890365943,2.90225281173164,1.53402067090752,1.88571120301238,1.87928953841316
72,TTTA,CCCA,TTTC,AAAT,GGGA,GGGT,AAGG,TTCC,TTCC,1.39437890011487,1.74221343219279,1.94426812377029,1.65462211681265,6.40461175072933,2.18035648424966,1.49364120947313,3.37639991065556,1.74156349447069,2.5176613217302
73,TTTA,CCCA,TTTC,AAAT,GGGA,GGGT,AAGG,TTCC,TTCC,4.05904965593265,1.41313700740518,3.40590362312363,3.90075064160288,6.64607598673706,3.76248783213482,3.79114064889481,4.75040093606029,2.54360943878633,3.85492705577472
74,TTTA,CCCA,TTTC,AAAT,GGGA,GGGT,AAGG,TTTC,TTCC,3.76197204441448,1.67900794047651,1.67842686494503,-0.347987847549796,-3.13594184926647,-0.405265241730824,3.3005771203115,-1.21931825934743,1.70851098787575,0.509940719670117
75,TTTA,CCCA,TTTC,AAAT,GGGA,GGGT,AAGG,TTCC,TTCC,2.09179524087327,1.30772404216812,-0.0193434257416388,-0.418164990815197,-1.18585029017707,-0.957410957820233,1.87857865281708,-0.795746647807069,0.722237146743422,0.155968833813787
76,TTTA,CCCA,TTTC,AAAT,GGGA,GGGT,AAGG,TTCC,TTCC,2.6150856378065,2.8295640533228,1.38192026330842,1.75579790202218,-0.574883668207612,0.279951752715624,2.60294041712029,0.582068191959297,2.11486118951575,1.42981122867161
77,TTTA,CCCA,TTCC,AAAT,GGGA,GGGT,AAGG,TTCC,TTCC,1.27616233706699,2.91679401361337,1.12331755166625,2.53055992620061,1.93179382162097,2.32074148914597,1.43427638767964,2.22870895731033,2.02318983183824,2.02779715388118
78,TTTA,CCCA,TTTC,AAAT,GGGA,GGGT,AAAG,TTTC,TCCC,2.16620484972687,2.59924469019288,0.825042078497893,0.608772734514138,-0.905503467108813,1.65632485115591,2.18298347645192,0.358092046016912,1.76587914540207,1.1315029842178
79,TTTA,CCCA,TTTC,AAAT,GGGA,GGGT,AAGG,TTCC,TCCC,2.58137164681998,1.8923540712871,0.589060116064103,1.66900660285331,0.00156077226267193,1.30415182958728,2.4812736952756,0.981931832377589,1.43454181834,1.3826921381814
8,TTAA,CCAA,TTCC,AAAT,GGAA,GGTT,AAAG,TTTC,TTCC,2.45094874980158,1.84766750589495,0.16793089076249,-0.300765801311308,-0.217761637985871,0.354188839273608,2.19997756721083,-0.0610841464512114,1.05308243122506,0.687148331717888
80,TTTA,CCCA,TTTC,AAAT,GGGA,GGGT,AAGG,TTCC,TTCC,2.03165587434575,2.07735025615722,3.49430584176796,2.68551056162021,3.81276065844759,2.00591479310525,2.09808794606407,2.85370987954883,2.64040516412345,2.65667131882624
81,TTAA,CCAA,TTCC,AATT,GGAA,GGTT,AAGG,TTCC,TTCC,1.71647663685152,1.44292658349853,2.41576626366235,2.07446660034622,1.52909699496197,2.34918912673004,1.80199772449414,1.95857789121506,1.92128357114724,1.92004975673896
82,TTTA,CCCA,TTTC,AAAT,GGGA,GGGT,AAGG,TTCC,TTCC,2.82549116773875,2.97732315857405,1.99397797621917,2.65695641146401,2.55290849682524,1.81140477213616,2.84102071009503,2.37739674416413,2.48821385351342,2.49160644160237
83,TTTA,CCCA,TTTC,AAAT,GGGA,GGGT,AAGG,TTCC,TCCC,3.52183119240653,1.84033115944544,2.9320634432142,2.23534416454357,1.82948742849812,2.00572032552471,3.40044954226928,2.04274211004323,2.4497393690178,2.40469243507243
84,TTTA,CCCA,TTTC,AAAT,GGGA,GGGT,AAGG,TTCC,TTCC,2.54544706053249,3.84472721487124,2.5110068763985,2.67820863616539,3.29563008082732,3.38908790346633,2.66718340909674,3.0631817367168,3.13701279309944,3.02179236757434
85,TTTA,CCCA,TTCC,AAAT,GGGA,GGGT,AAGG,TTCC,TTCC,2.07093608681508,2.12382578570083,1.5867050232612,-1.24459022094729,-1.41058035594532,0.456021788071575,1.9909327024817,-0.774866814273413,1.6921119041044,0.50842601131171
86,TTTA,CCCA,TTTC,AAAT,GGGA,GGGT,AAGG,TTCC,CCCC,2.26304229360109,1.73242832499791,2.17111930388649,0.972023237174522,3.03838241830677,0.30227888169375,2.16882583671886,1.51623475668677,1.84108722794715,1.73328409377891
87,TTTA,CCCA,TTTC,AAAT,GGGA,GGGT,AAGG,TTCC,CCCC,3.85981107098757,2.29068784346696,0.488483421716594,2.47243772621009,5.20575162719354,2.62092904575051,3.61177310974727,3.41883300568151,1.72603009859288,2.88672205399626
88,TTAA,CCCA,TTCC,AAAT,GGGA,GGGT,AAGG,TTCC,CCCC,2.84576487295709,2.30872582999815,1.7002039694842,1.42458393940908,0.0740312046507692,0.273096746906654,2.69996382869567,0.679739101353393,2.02513414901194,1.46490823846329
89,TTTA,CCCA,TTTC,AAAT,GGGA,GGGT,AAGG,TTCC,CCCC,2.71623022569422,2.82130154283316,3.13169141133981,3.04247471297994,4.3835811332201,1.99742164247938,2.75830345288709,3.20437094106881,2.90170130601699,3.02913648135458
9,TTTA,CCCA,TTTC,AAAT,GGGA,GGGT,AAGG,TTCC,TTCC,2.40701200171857,1.81218349538896,0.570256867287606,-0.751965362046315,-0.616901413938569,-1.27211247131954,2.12618624526577,-0.804920616377132,1.15150266890784,0.335738288991675
90,TTTA,CCCA,TTTC,AAAT,GGGA,GGGT,AAGG,TTCC,TCCC,2.33514560300255,2.18585895494508,-0.129550900414303,-2.53239056332528,-1.07511476641831,2.35602439152964,2.16627389615292,-0.557994250534787,1.08056730454864,0.442237625607639
92,TTTA,CCCA,TTTC,AAAT,GGGA,GGGT,AAGG,TTTC,TCCC,6.01849309020691,3.08971183297261,3.22461061412038,4.38925790907925,5.93198942534492,5.86674746527372,5.79680963107318,5.29045027700911,3.58778802218801,4.80728941774609
93,TTTA,CCCA,TTTC,AAAT,GGGA,GGGT,AAGG,TTCC,TTCC,3.12491093374372,1.54476925097613,1.66555585191106,1.83269495294355,1.40235285794961,1.65988216743476,2.88036830451348,1.63861503158078,1.75301826069324,1.88370832010705
94,TTAA,CCAA,TTCC,AATT,GGAA,GGTT,AAGG,TTCC,CCCC,2.40752114630508,1.57795030026066,2.44029081166153,2.3994743243056,1.9995524748767,2.70396946124559,2.40111892196743,2.30202412310533,2.09032364492342,2.24797309685504
95,TTTA,CCCA,TTTC,AAAT,GGGA,GGGT,AAGG,TTCC,TCCC,3.31116599154449,2.15217121011117,1.55351518089013,1.23336328635072,1.4344204459358,2.69997319589383,3.14545587814075,1.72841550501188,2.00128812478516,2.05554644045778
96,TTTA,CCCA,TTTC,AAAT,GGGA,GGGT,AAGG,TTCC,CCCC,2.80090703433733,2.11971958553299,2.65430178639575,2.87725471437294,2.42738979589609,3.73318934936816,2.82194141725217,2.93972442105639,2.50470985516505,2.77508906512524
97,TTTA,CCAA,TTCC,AAAT,GGGA,GGGT,AAGG,TTCC,TCCC,2.71877110627271,1.78829313672065,1.90262906416065,0.0568725210239222,-1.13014213417378,-0.58695971836088,2.55741791808408,-0.479259469386246,1.77332255807988,0.777714104347519
99,TTTA,CCCA,TTTC,AAAT,GGGA,GGGT,AAAG,TTTC,TTCC,1.58516660008042,3.15198776864126,3.7014509836467,-0.961991797202553,-2.66774526683825,-0.591244774837964,1.80208346827907,-1.32173185522288,3.0053694700789,0.641271140461369
