all,chr,snp,start,end,marker
Chr1:3029243:3049243,Chr1,3039243,3029243,3049243,Chr1_3039243
Chr1:11434898:11454898,Chr1,11444898,11434898,11454898,Chr1_11444898
Chr1:24212323:24232323,Chr1,24222323,24212323,24232323,Chr1_24222323
Chr1:24212335:24232335,Chr1,24222335,24212335,24232335,Chr1_24222335
Chr1:24318719:24338719,Chr1,24328719,24318719,24338719,Chr1_24328719
Chr1:39104152:39124152,Chr1,39114152,39104152,39124152,Chr1_39114152
Chr1:53828421:53848421,Chr1,53838421,53828421,53848421,Chr1_53838421
Chr1:91295390:91315390,Chr1,91305390,91295390,91315390,Chr1_91305390
Chr1:99849764:99869764,Chr1,99859764,99849764,99869764,Chr1_99859764
Chr2:12717138:12737138,Chr2,12727138,12717138,12737138,Chr2_12727138
Chr2:34922941:34942941,Chr2,34932941,34922941,34942941,Chr2_34932941
Chr2:34922942:34942942,Chr2,34932942,34922942,34942942,Chr2_34932942
Chr2:49613557:49633557,Chr2,49623557,49613557,49633557,Chr2_49623557
Chr2:50317189:50337189,Chr2,50327189,50317189,50337189,Chr2_50327189
Chr2:56815927:56835927,Chr2,56825927,56815927,56835927,Chr2_56825927
Chr2:63306866:63326866,Chr2,63316866,63306866,63326866,Chr2_63316866
Chr3:5632102:5652102,Chr3,5642102,5632102,5652102,Chr3_5642102
Chr3:15757415:15777415,Chr3,15767415,15757415,15777415,Chr3_15767415
Chr3:24484459:24504459,Chr3,24494459,24484459,24504459,Chr3_24494459
Chr3:45708711:45728711,Chr3,45718711,45708711,45728711,Chr3_45718711
Chr3:55259659:55279659,Chr3,55269659,55259659,55279659,Chr3_55269659
Chr3:67213769:67233769,Chr3,67223769,67213769,67233769,Chr3_67223769
Chr3:71494604:71514604,Chr3,71504604,71494604,71514604,Chr3_71504604
Chr3:92048964:92068964,Chr3,92058964,92048964,92068964,Chr3_92058964
Chr3:93223760:93243760,Chr3,93233760,93223760,93243760,Chr3_93233760
Chr3:95626007:95646007,Chr3,95636007,95626007,95646007,Chr3_95636007
Chr4:4508089:4528089,Chr4,4518089,4508089,4528089,Chr4_4518089
Chr4:5199571:5219571,Chr4,5209571,5199571,5219571,Chr4_5209571
Chr4:8069644:8089644,Chr4,8079644,8069644,8089644,Chr4_8079644
Chr4:8541406:8561406,Chr4,8551406,8541406,8561406,Chr4_8551406
Chr4:11401532:11421532,Chr4,11411532,11401532,11421532,Chr4_11411532
Chr4:27858562:27878562,Chr4,27868562,27858562,27878562,Chr4_27868562
Chr4:42510012:42530012,Chr4,42520012,42510012,42530012,Chr4_42520012
Chr4:50596506:50616506,Chr4,50606506,50596506,50616506,Chr4_50606506
Chr4:62791591:62811591,Chr4,62801591,62791591,62811591,Chr4_62801591
Chr4:71347593:71367593,Chr4,71357593,71347593,71367593,Chr4_71357593
Chr4:79227342:79247342,Chr4,79237342,79227342,79247342,Chr4_79237342
Chr4:79227343:79247343,Chr4,79237343,79227343,79247343,Chr4_79237343
Chr5:10721696:10741696,Chr5,10731696,10721696,10741696,Chr5_10731696
Chr5:10721717:10741717,Chr5,10731717,10721717,10741717,Chr5_10731717
Chr5:16878158:16898158,Chr5,16888158,16878158,16898158,Chr5_16888158
Chr5:16878160:16898160,Chr5,16888160,16878160,16898160,Chr5_16888160
Chr5:16878161:16898161,Chr5,16888161,16878161,16898161,Chr5_16888161
Chr5:16878163:16898163,Chr5,16888163,16878163,16898163,Chr5_16888163
Chr5:16878169:16898169,Chr5,16888169,16878169,16898169,Chr5_16888169
Chr5:16878170:16898170,Chr5,16888170,16878170,16898170,Chr5_16888170
Chr5:16878172:16898172,Chr5,16888172,16878172,16898172,Chr5_16888172
Chr5:16878188:16898188,Chr5,16888188,16878188,16898188,Chr5_16888188
Chr5:16878190:16898190,Chr5,16888190,16878190,16898190,Chr5_16888190
Chr5:16878195:16898195,Chr5,16888195,16878195,16898195,Chr5_16888195
Chr5:18422131:18442131,Chr5,18432131,18422131,18442131,Chr5_18432131
Chr5:19855639:19875639,Chr5,19865639,19855639,19875639,Chr5_19865639
Chr5:20142647:20162647,Chr5,20152647,20142647,20162647,Chr5_20152647
Chr5:40940448:40960448,Chr5,40950448,40940448,40960448,Chr5_40950448
Chr5:45212918:45232918,Chr5,45222918,45212918,45232918,Chr5_45222918
Chr5:61415760:61435760,Chr5,61425760,61415760,61435760,Chr5_61425760
Chr5:73959365:73979365,Chr5,73969365,73959365,73979365,Chr5_73969365
Chr5:77618384:77638384,Chr5,77628384,77618384,77638384,Chr5_77628384
Chr5:77645265:77665265,Chr5,77655265,77645265,77665265,Chr5_77655265
Chr5:77645271:77665271,Chr5,77655271,77645271,77665271,Chr5_77655271
Chr5:81423854:81443854,Chr5,81433854,81423854,81443854,Chr5_81433854
Chr6:979737:999737,Chr6,989737,979737,999737,Chr6_989737
Chr6:15123674:15143674,Chr6,15133674,15123674,15143674,Chr6_15133674
Chr6:37178399:37198399,Chr6,37188399,37178399,37198399,Chr6_37188399
Chr6:37334769:37354769,Chr6,37344769,37334769,37354769,Chr6_37344769
Chr6:79933661:79953661,Chr6,79943661,79933661,79953661,Chr6_79943661
Chr6:93701284:93721284,Chr6,93711284,93701284,93721284,Chr6_93711284
Chr6:106447549:106467549,Chr6,106457549,106447549,106467549,Chr6_106457549
Chr7:3856977:3876977,Chr7,3866977,3856977,3876977,Chr7_3866977
Chr7:3908330:3928330,Chr7,3918330,3908330,3928330,Chr7_3918330
Chr7:3908343:3928343,Chr7,3918343,3908343,3928343,Chr7_3918343
Chr7:3908348:3928348,Chr7,3918348,3908348,3928348,Chr7_3918348
Chr7:27523946:27543946,Chr7,27533946,27523946,27543946,Chr7_27533946
Chr7:89227636:89247636,Chr7,89237636,89227636,89247636,Chr7_89237636
Chr7:93087726:93107726,Chr7,93097726,93087726,93107726,Chr7_93097726
Chr7:93946845:93966845,Chr7,93956845,93946845,93966845,Chr7_93956845
Chr8:6928174:6948174,Chr8,6938174,6928174,6948174,Chr8_6938174
Chr8:25410777:25430777,Chr8,25420777,25410777,25430777,Chr8_25420777
Chr8:34722089:34742089,Chr8,34732089,34722089,34742089,Chr8_34732089
Chr8:37910842:37930842,Chr8,37920842,37910842,37930842,Chr8_37920842
Chr8:54356238:54376238,Chr8,54366238,54356238,54376238,Chr8_54366238
Chr8:63376102:63396102,Chr8,63386102,63376102,63396102,Chr8_63386102
Chr8:63376124:63396124,Chr8,63386124,63376124,63396124,Chr8_63386124
Chr8:63390012:63410012,Chr8,63400012,63390012,63410012,Chr8_63400012