merged,gen,predicted.value,weight
BLUE_ID_2019_4,1,10.1668179044304,0.926228470433028
BLUE_ID_2019_4,2,11.562086326558,0.926229884236859
BLUE_ID_2019_4,3,8.3076882531642,0.9262284704336
BLUE_ID_2019_4,4,5.98862571978387,0.942449041500962
BLUE_ID_2019_4,5,9.33685899224681,0.926229884236857
BLUE_ID_2019_4,6,8.2867595691579,0.926228470430245
BLUE_ID_2019_4,7,7.76681817154791,0.926229884236859
BLUE_ID_2019_4,8,5.8093173674308,0.942447977114768
BLUE_ID_2019_4,9,6.24017529352876,0.942449041500962
BLUE_ID_2019_4,10,6.23645005084426,0.92622988423686
BLUE_ID_2019_4,11,6.66897704479412,0.926229884236859
BLUE_ID_2019_4,12,5.14191598283344,0.942449041500963
BLUE_ID_2019_4,13,6.32322605710024,0.942447977111793
BLUE_ID_2019_4,14,7.20445291234232,0.926229884236857
BLUE_ID_2019_4,15,6.99735941619396,0.942447977112248
BLUE_ID_2019_4,16,5.33569709288098,0.926229884236848
BLUE_ID_2019_4,17,6.59561179233271,0.942447977111537
BLUE_ID_2019_4,18,12.1426106894598,0.92622988423685
BLUE_ID_2019_4,19,2.62231040281596,0.926228470433116
BLUE_ID_2019_4,20,7.22288751569419,0.926229884236861
BLUE_ID_2019_4,21,7.67994197715841,0.942447977114766
BLUE_ID_2019_4,22,9.89539645191862,0.942447977114768
BLUE_ID_2019_4,23,5.74430999171625,0.926228470433597
BLUE_ID_2019_4,24,6.20565882062011,0.942449041500952
BLUE_ID_2019_4,25,14.5241202889833,0.942449041500954
BLUE_ID_2019_4,26,10.9683198645086,0.942447977114769
BLUE_ID_2019_4,27,5.18033548425759,0.926229884236857
BLUE_ID_2019_4,28,4.52776097092482,0.942449041500962
BLUE_ID_2019_4,29,7.67394175023631,0.926229884236855
BLUE_ID_2019_4,30,6.43016074064926,0.942447977114771
BLUE_ID_2019_4,31,5.54825638586837,0.942449041500956
BLUE_ID_2019_4,32,7.08791748134807,0.572986305927087
BLUE_ID_2019_4,33,6.24441431969686,0.926229884236858
BLUE_ID_2019_4,34,15.5664774198149,0.926228470433598
BLUE_ID_2019_4,35,6.8618346939107,0.942447977114364
BLUE_ID_2019_4,36,7.33729280738989,0.926229884236856
BLUE_ID_2019_4,37,6.20266767067261,0.926229884236857
BLUE_ID_2019_4,38,6.03367089548845,0.942449041500961
BLUE_ID_2019_4,39,5.29256906710959,0.92622988423686
BLUE_ID_2019_4,40,5.3994581777345,0.926229884236849
BLUE_ID_2019_4,41,7.14658632442918,0.942449041500965
BLUE_ID_2019_4,42,5.64429177336861,0.942449041500965
BLUE_ID_2019_4,43,4.77580202132055,0.942449041500953
BLUE_ID_2019_4,44,5.55806116321659,0.926228470429842
BLUE_ID_2019_4,45,6.69208078826897,0.942449041500963
BLUE_ID_2019_4,46,6.65158363141387,0.92622988423686
BLUE_ID_2019_4,47,7.08624117544859,0.942447977114771
BLUE_ID_2019_4,48,6.84512130636008,0.926229884236851
BLUE_ID_2019_4,49,7.51574319524715,0.942447977114409
BLUE_ID_2019_4,50,6.76889069146337,0.583019848427222
BLUE_ID_2019_4,51,6.92588644760826,0.942447977111943
BLUE_ID_2019_4,52,5.1447557471013,0.942449041500962
BLUE_ID_2019_4,53,6.40960599841168,0.92622988423686
BLUE_ID_2019_4,54,13.6258984277923,0.926228470430247
BLUE_ID_2019_4,55,6.65636915943706,0.926229884236847
BLUE_ID_2019_4,56,8.71728691215065,0.942447977114767
BLUE_ID_2019_4,57,7.27848354400288,0.926228470433596
BLUE_ID_2019_4,58,5.84255896920636,0.926228470431434
BLUE_ID_2019_4,59,6.95232916854032,0.92622988423686
BLUE_ID_2019_4,60,12.2203066010989,0.942447977114768
BLUE_ID_2019_4,61,11.7952603058626,0.94244797711477
BLUE_ID_2019_4,62,5.27907522675515,0.94244797711314
BLUE_ID_2019_4,63,5.11478427166008,0.942449041500963
BLUE_ID_2019_4,64,7.92083369534958,0.942449041500965
BLUE_ID_2019_4,65,12.1424958884529,0.942447977114769
BLUE_ID_2019_4,66,12.5678689527575,0.942449041500962
BLUE_ID_2019_4,67,7.64530266020862,0.583019848427223
BLUE_ID_2019_4,68,4.95115549878912,0.92622988423686
BLUE_ID_2019_4,69,10.2224963988961,0.92622988423686
BLUE_ID_2019_4,70,6.91826177806756,0.926229884236859
BLUE_ID_2019_4,71,6.93856003645894,0.942449041500964
BLUE_ID_2019_4,72,4.99364099638321,0.926229884236849
BLUE_ID_2019_4,73,11.4805248300499,0.942449041500961
BLUE_ID_2019_4,74,8.92747224661392,0.942449041500965
BLUE_ID_2019_4,75,5.82992794205067,0.942449041500962
BLUE_ID_2019_4,76,7.42420021605517,0.926229884236857
BLUE_ID_2019_4,77,3.48905810122283,0.926228470429643
BLUE_ID_2019_4,78,6.76542382323549,0.942449041500954
BLUE_ID_2019_4,79,6.44763569432487,0.942449041500965
BLUE_ID_2019_4,80,5.61335232723572,0.572986305927088
BLUE_ID_2019_4,81,6.19029765682097,0.926229884236863
BLUE_ID_2019_4,82,7.79700148731939,0.938622474477288
BLUE_ID_2019_4,83,9.92407195275982,0.926228470433598
BLUE_ID_2019_4,84,7.18612896804026,0.926229884236848
BLUE_ID_2019_4,85,5.70488177613844,0.926229884236861
BLUE_ID_2019_4,86,5.83394604763984,0.926228470433059
BLUE_ID_2019_4,87,11.1799113752878,0.926229884236857
BLUE_ID_2019_4,88,7.28529547060492,0.926229884236858
BLUE_ID_2019_4,89,7.45600668367919,0.926229884236861
BLUE_ID_2019_4,90,4.82520677530253,0.942449041500963
BLUE_ID_2019_4,91,10.7579906514467,0.942449041500955
BLUE_ID_2019_4,92,17.9360744561288,0.926229884236859
BLUE_ID_2019_4,93,7.71799973425409,0.942449041500966
BLUE_ID_2019_4,94,5.92465768695185,0.942449041500952
BLUE_ID_2019_4,95,9.90345996102235,0.707705225133607
BLUE_ID_2019_4,96,7.26430164754867,0.926229884236861
BLUE_ID_2019_4,97,7.27049820892534,0.942447977114773
BLUE_ID_2019_4,98,10.9249311247702,0.942449041500963
BLUE_ID_2019_4,99,5.11197319401903,0.926229884236847
BLUE_ID_2019_4,100,5.17366716608378,0.942449041500967
BLUE_ID_2019_4,101,6.73951213164894,0.942449041500958
BLUE_ID_2019_4,102,12.6172620942819,0.942447977114769
BLUE_ID_2019_4,103,9.83930882446441,0.572986305927087
BLUE_ID_2019_4,104,15.6669982778881,0.942449041500951
BLUE_ID_2019_4,105,NA,NA
BLUE_ID_2019_4,106,4.98649600627951,0.942449041500964
BLUE_ID_2019_4,107,14.3590027878498,0.92622988423686
BLUE_ID_2019_4,108,9.18122541983452,0.92622988423686
BLUE_ID_2019_4,109,9.03438790840194,0.926228470433597
BLUE_ID_2019_4,110,17.1671764944433,0.942449041500953
BLUE_ID_2019_4,111,6.26144505686403,0.926229884236859
BLUE_ID_2019_4,112,8.16769866753974,0.942447977114767
BLUE_ID_2019_4,113,9.74631097018079,0.942449041500962
BLUE_ID_2019_4,114,7.26595917731197,0.942449041500968
BLUE_ID_2019_4,115,6.17201329040402,0.942449041500961
BLUE_ID_2019_4,116,6.64169390341834,0.942447977111792
BLUE_ID_2019_4,117,9.65556748251917,0.94244797711477
BLUE_ID_2019_4,118,6.72400224059261,0.92622847043144
BLUE_ID_2019_4,119,9.69822873275768,0.926229884236859
BLUE_ID_2019_4,120,9.53561254791684,0.926229884236858
BLUE_ID_2019_4,121,8.13556747877007,0.942449041500961
BLUE_ID_2019_4,122,9.36915898401405,0.926228470433595
BLUE_ID_2019_4,123,9.36972371406911,0.942447977114362
BLUE_ID_2019_4,124,6.71530203178524,0.926228470429643
BLUE_ID_2019_4,125,5.98149126643329,0.926229884236858
BLUE_ID_2019_4,126,4.8493596213807,0.926229884236855
BLUE_ID_2019_4,127,5.57781917400658,0.92622988423686
BLUE_ID_2019_4,128,7.21552262077826,0.926229884236858
BLUE_ID_2019_4,129,8.3953656030707,0.942449041500963
BLUE_ID_2019_4,130,6.49802166599585,0.942447977111939
BLUE_ID_2019_4,131,7.24543253165453,0.942449041500963
BLUE_ID_2019_4,132,5.69919958800449,0.583019848427221
BLUE_ID_2019_4,133,7.74112831296917,0.926228470433598
BLUE_ID_2019_4,134,8.52068547792951,0.942447977114771
BLUE_ID_2019_4,135,4.76857855240279,0.926228470433596
BLUE_ID_2019_4,136,5.37038935391249,0.926229884236857
BLUE_ID_2019_4,137,3.37467292383178,0.572986305927087
BLUE_ID_2019_4,138,7.57272083500241,0.942447977114767
BLUE_ID_2019_4,139,7.16671178664725,0.942449041500959
BLUE_ID_2019_4,140,5.83318261074527,0.942449041500967
BLUE_ID_2019_4,141,8.66310220380398,0.926228470433115
BLUE_ID_2019_4,142,6.70312548261917,0.926229884236858
BLUE_ID_2019_4,143,6.94474893223673,0.942447977114406
BLUE_ID_2019_4,144,6.40310524261727,0.92622988423686
BLUE_ID_2019_4,145,11.7621517251435,0.926229884236858
BLUE_ID_2019_4,146,10.6251263424862,0.942449041500956
BLUE_ID_2019_4,147,9.76404229151093,0.942447977114764
BLUE_ID_2019_4,148,7.64840101120546,0.942447977114769
BLUE_ID_2019_4,149,10.2596878692408,0.926228470433595
BLUE_ID_2019_4,150,9.48754370003954,0.926229884236858
BLUE_ID_2019_4,151,9.12582445789944,0.926229884236859
BLUE_ID_2019_4,152,6.88910876361735,0.926228470433599
BLUE_ID_2019_4,153,7.22953512353133,0.926228470433598
BLUE_ID_2019_4,154,7.84544221559062,0.926229884236849
BLUE_ID_2019_4,155,14.0057012677298,0.942449041500961
BLUE_ID_2019_4,156,9.51760621131842,0.926229884236847
BLUE_ID_2019_4,157,10.9888623745453,0.942449041500964
BLUE_ID_2019_4,158,9.02354680863421,0.942449041500964
BLUE_ID_2019_4,159,8.2029361649424,0.942447977114767
BLUE_ID_2019_4,160,12.8024988390777,0.707705225133613
BLUE_ID_2019_4,161,7.95659010643019,0.94244904150096
BLUE_ID_2019_4,162,12.4834944127452,0.926228470433596
BLUE_ID_2019_4,163,7.96564121218444,0.942449041500963
BLUE_ID_2019_4,164,7.99297834771956,0.926228470433597
BLUE_ID_2019_4,165,13.1798582880463,0.942449041500962
BLUE_ID_2019_4,166,21.8166156377171,0.92622847042984
BLUE_ID_2019_4,167,8.45835818096524,0.942449041500964
BLUE_ID_2019_4,168,17.5576257776877,0.942447977114768
BLUE_ID_2019_4,169,12.2602768084282,0.926229884236861
BLUE_ID_2019_4,170,8.41540826657861,0.942447977114772
BLUE_ID_2019_4,171,7.95076182856145,0.942449041500965
BLUE_ID_2019_4,172,8.16066628772245,0.942449041500964
BLUE_ID_2019_4,173,11.556552178934,0.942449041500957
BLUE_ID_2019_4,174,7.36018266882634,0.942449041500965
BLUE_ID_2019_4,175,8.36912866574511,0.938621247759202
BLUE_ID_2019_4,176,6.47567417554524,0.942449041500962
BLUE_ID_2019_4,177,8.50497535553606,0.926228470433597
BLUE_ID_2019_4,178,10.8500615970759,0.942449041500953
BLUE_ID_2019_4,179,6.17316872147543,0.942449041500963
BLUE_ID_2019_4,180,8.24328299100956,0.926228470433597
BLUE_ID_2019_4,181,8.71201789089626,0.942449041500964
BLUE_ID_2019_4,182,8.40911533690373,0.926229884236861
BLUE_ID_2019_4,183,8.32244392046017,0.926228470433599
BLUE_ID_2019_4,184,9.25006702147942,0.926228470433594
BLUE_ID_2019_4,185,11.2047580904994,0.926228470433598
BLUE_ID_2019_4,186,9.91066203577059,0.926228470433593
BLUE_ID_2019_4,187,8.95604741942532,0.942449041500962
BLUE_ID_2019_4,188,12.9161399935568,0.926229884236858
BLUE_ID_2019_4,189,5.08899080406447,0.926228470429301
BLUE_ID_2019_4,190,11.8654063504739,0.942447977114767
BLUE_ID_2019_4,191,7.96313378905664,0.942447977114768
BLUE_ID_2019_4,192,10.8300651049175,0.926228470433597
BLUE_ID_2019_4,193,11.8078967355451,0.942449041500962
BLUE_ID_2019_4,194,5.51915208098916,0.926229884236859
BLUE_ID_2019_4,195,7.34519856370043,0.942449041500967
BLUE_ID_2019_4,196,9.27318147740211,0.942449041500967
BLUE_ID_2019_4,197,10.461913201825,0.942447977111536
BLUE_ID_2019_4,198,13.031066776303,0.92622988423686
BLUE_ID_2019_4,201,6.24058776547362,10.2696194898973
BLUE_ID_2019_4,202,9.74153331118241,9.89397167609264
BLUE_WA_2018_3,1,11.0000048245761,0.108161257860119
BLUE_WA_2018_3,2,13.9999998179406,0.108161257860237
BLUE_WA_2018_3,3,14.0000038232481,0.108161257860237
BLUE_WA_2018_3,4,8.00000081926744,0.108161257860237
BLUE_WA_2018_3,5,6.00000182059432,0.108161257860237
BLUE_WA_2018_3,6,12.0000038232481,0.108161257860237
BLUE_WA_2018_3,7,7.00000081926744,0.108161257860237
BLUE_WA_2018_3,8,6.99999781528681,0.108161257860237
BLUE_WA_2018_3,9,5.99999981794057,0.108161257860237
BLUE_WA_2018_3,10,6.99999581263306,0.108161257860236
BLUE_WA_2018_3,11,6.99999781528681,0.108161257860237
BLUE_WA_2018_3,12,3.99999981794057,0.108161257860237
BLUE_WA_2018_3,13,5.9999988166137,0.108161257860237
BLUE_WA_2018_3,14,10.0000058259018,0.108161257860237
BLUE_WA_2018_3,15,6.00000482457496,0.108161257860128
BLUE_WA_2018_3,16,5.00000081926744,0.108161257860237
BLUE_WA_2018_3,17,4.00000582590183,0.108161257860237
BLUE_WA_2018_3,18,4.99999781528682,0.108161257860237
BLUE_WA_2018_3,19,10.0000018205943,0.108161257860237
BLUE_WA_2018_3,20,6.00000081926745,0.108161257860237
BLUE_WA_2018_3,21,5.00000482457496,0.108161257860128
BLUE_WA_2018_3,22,9.99999080599868,0.108161257860128
BLUE_WA_2018_3,23,9.00000582590182,0.108161257860237
BLUE_WA_2018_3,24,6.00000382324808,0.108161257860237
BLUE_WA_2018_3,25,31.0000018205943,0.108161257860236
BLUE_WA_2018_3,26,5.99999981794057,0.108161257860237
BLUE_WA_2018_3,27,4.99999781528681,0.108161257860237
BLUE_WA_2018_3,28,3.99999581263306,0.108161257860236
BLUE_WA_2018_3,29,6.9999988166137,0.108161257860237
BLUE_WA_2018_3,30,4.99999981794057,0.108161257860237
BLUE_WA_2018_3,31,7.00000081926744,0.108161257860237
BLUE_WA_2018_3,32,14.9999988166137,0.108161257860237
BLUE_WA_2018_3,33,4.99999981794057,0.108161257860237
BLUE_WA_2018_3,34,25.0000038232481,0.108161257860237
BLUE_WA_2018_3,35,8.00000382324808,0.108161257860237
BLUE_WA_2018_3,36,7.99999981794056,0.108161257860237
BLUE_WA_2018_3,37,5.9999988166137,0.108161257860237
BLUE_WA_2018_3,38,6.99999781528681,0.108161257860237
BLUE_WA_2018_3,39,3.99999981794057,0.108161257860237
BLUE_WA_2018_3,40,8.99999981794057,0.108161257860237
BLUE_WA_2018_3,41,9.00000182059432,0.108161257860236
BLUE_WA_2018_3,42,4.99999581263306,0.108161257860236
BLUE_WA_2018_3,43,8.00000382324808,0.108161257860237
BLUE_WA_2018_3,44,14.9999958126331,0.108161257860236
BLUE_WA_2018_3,45,6.99999781528681,0.108161257860236
BLUE_WA_2018_3,46,4.00000182059432,0.108161257860236
BLUE_WA_2018_3,47,7.99999581263306,0.108161257860236
BLUE_WA_2018_3,48,4.99999581263306,0.108161257860236
BLUE_WA_2018_3,49,7.00000482457495,0.108161257860128
BLUE_WA_2018_3,50,3.99999981794057,0.108161257860237
BLUE_WA_2018_3,51,6.99999781528681,0.108161257860236
BLUE_WA_2018_3,52,5.00000382324807,0.108161257860236
BLUE_WA_2018_3,53,5.99999080599868,0.108161257860128
BLUE_WA_2018_3,54,13.9999978152868,0.108161257860236
BLUE_WA_2018_3,55,8.00000081926744,0.108161257860237
BLUE_WA_2018_3,56,NA,NA
BLUE_WA_2018_3,57,4.00000482457495,0.108161257860128
BLUE_WA_2018_3,58,5.99999581263306,0.108161257860236
BLUE_WA_2018_3,59,9.00000482457495,0.108161257860128
BLUE_WA_2018_3,60,14.9999998179406,0.108161257860237
BLUE_WA_2018_3,61,28.9999908059987,0.108161257860128
BLUE_WA_2018_3,62,6.99999981794056,0.108161257860237
BLUE_WA_2018_3,63,6.00000081926744,0.108161257860237
BLUE_WA_2018_3,64,9.99999781528681,0.108161257860237
BLUE_WA_2018_3,65,7.99999981794056,0.108161257860237
BLUE_WA_2018_3,66,7.99999981794056,0.108161257860237
BLUE_WA_2018_3,67,7.00000582590183,0.108161257860237
BLUE_WA_2018_3,68,6.99999080599868,0.108161257860128
BLUE_WA_2018_3,69,7.99999881661369,0.108161257860237
BLUE_WA_2018_3,70,14.9999978152868,0.108161257860236
BLUE_WA_2018_3,71,9.00000182059432,0.108161257860236
BLUE_WA_2018_3,72,6.99999781528681,0.108161257860236
BLUE_WA_2018_3,73,5.99999080599868,0.108161257860128
BLUE_WA_2018_3,74,4.99999781528681,0.108161257860237
BLUE_WA_2018_3,75,5.99999581263306,0.108161257860236
BLUE_WA_2018_3,76,9.00000382324807,0.108161257860236
BLUE_WA_2018_3,77,11.9999988166137,0.108161257860237
BLUE_WA_2018_3,78,8.00000382324807,0.108161257860236
BLUE_WA_2018_3,79,5.00000182059432,0.108161257860236
BLUE_WA_2018_3,80,6.00000182059432,0.108161257860236
BLUE_WA_2018_3,81,3.99999981794057,0.108161257860237
BLUE_WA_2018_3,82,10.0000038232481,0.108161257860236
BLUE_WA_2018_3,83,5.99999981794056,0.108161257860236
BLUE_WA_2018_3,84,16.9999988166137,0.108161257860237
BLUE_WA_2018_3,85,5.00000482457495,0.108161257860128
BLUE_WA_2018_3,86,5.00000081926744,0.108161257860236
BLUE_WA_2018_3,87,4.00000582590183,0.108161257860237
BLUE_WA_2018_3,88,6.00000482457495,0.108161257860128
BLUE_WA_2018_3,89,17.9999908059987,0.108161257860128
BLUE_WA_2018_3,90,6.00000382324807,0.108161257860236
BLUE_WA_2018_3,91,13.9999998179405,0.108161257860236
BLUE_WA_2018_3,92,10.0000048245749,0.108161257860128
BLUE_WA_2018_3,93,5.99999581263306,0.108161257860236
BLUE_WA_2018_3,94,9.99999080599867,0.108161257860128
BLUE_WA_2018_3,95,7.00000182059432,0.108161257860236
BLUE_WA_2018_3,96,5.00000482457495,0.108161257860128
BLUE_WA_2018_3,97,6.00000081926745,0.108161257860236
BLUE_WA_2018_3,98,18.9999958126331,0.108161257860236
BLUE_WA_2018_3,99,9.00000582590182,0.108161257860237
BLUE_WA_2018_3,100,12.9999908059987,0.108161257860128
BLUE_WA_2018_3,101,7.00000482457495,0.108161257860128
BLUE_WA_2018_3,102,16.0000008192674,0.108161257860236
BLUE_WA_2018_3,103,13.0000058259018,0.108161257860237
BLUE_WA_2018_3,104,19.0000038232481,0.108161257860236
BLUE_WA_2018_3,105,9.00000482457495,0.108161257860128
BLUE_WA_2018_3,106,9.00000582590183,0.108161257860237
BLUE_WA_2018_3,107,23.0000038232481,0.108161257860236
BLUE_WA_2018_3,108,6.00000582590184,0.108161257860237
BLUE_WA_2018_3,109,12.9999998179406,0.108161257860237
BLUE_WA_2018_3,110,26.0000008192675,0.108161257860236
BLUE_WA_2018_3,111,15.9999998179406,0.108161257860236
BLUE_WA_2018_3,112,5.99999581263306,0.108161257860236
BLUE_WA_2018_3,113,7.00000182059432,0.108161257860236
BLUE_WA_2018_3,114,8.99999981794055,0.108161257860236
BLUE_WA_2018_3,115,8.99999080599867,0.108161257860128
BLUE_WA_2018_3,116,8.99999881661368,0.108161257860237
BLUE_WA_2018_3,117,6.00000182059432,0.108161257860236
BLUE_WA_2018_3,118,5.00000182059433,0.108161257860236
BLUE_WA_2018_3,119,8.99999981794056,0.108161257860236
BLUE_WA_2018_3,120,6.99999080599869,0.108161257860128
BLUE_WA_2018_3,121,14.9999988166137,0.108161257860237
BLUE_WA_2018_3,122,10.0000008192674,0.108161257860236
BLUE_WA_2018_3,123,18.9999988166137,0.108161257860237
BLUE_WA_2018_3,124,8.00000582590183,0.108161257860237
BLUE_WA_2018_3,125,5.9999988166137,0.108161257860237
BLUE_WA_2018_3,126,6.9999988166137,0.108161257860237
BLUE_WA_2018_3,127,7.00000582590183,0.108161257860237
BLUE_WA_2018_3,128,4.00000582590183,0.108161257860237
BLUE_WA_2018_3,129,6.99999781528681,0.108161257860237
BLUE_WA_2018_3,130,6.00000582590183,0.108161257860237
BLUE_WA_2018_3,131,5.99999080599869,0.108161257860128
BLUE_WA_2018_3,132,7.00000081926744,0.108161257860236
BLUE_WA_2018_3,133,9.99999881661368,0.108161257860237
BLUE_WA_2018_3,134,7.99999981794056,0.108161257860236
BLUE_WA_2018_3,135,7.99999781528681,0.108161257860237
BLUE_WA_2018_3,136,7.99999080599869,0.108161257860128
BLUE_WA_2018_3,137,5.99999581263306,0.108161257860236
BLUE_WA_2018_3,138,4.00000582590183,0.108161257860237
BLUE_WA_2018_3,139,11.9999988166137,0.108161257860237
BLUE_WA_2018_3,140,8.00000382324807,0.108161257860236
BLUE_WA_2018_3,141,8.99999581263305,0.108161257860236
BLUE_WA_2018_3,142,NA,NA
BLUE_WA_2018_3,143,7.99999781528681,0.108161257860237
BLUE_WA_2018_3,144,5.99999981794057,0.108161257860236
BLUE_WA_2018_3,145,11.9999998179406,0.108161257860236
BLUE_WA_2018_3,146,21.0000038232481,0.108161257860236
BLUE_WA_2018_3,147,16.9999998179405,0.108161257860236
BLUE_WA_2018_3,148,4.00000482457495,0.108161257860128
BLUE_WA_2018_3,149,8.99999080599867,0.108161257860128
BLUE_WA_2018_3,150,9.99999781528681,0.108161257860237
BLUE_WA_2018_3,151,6.00000182059432,0.108161257860236
BLUE_WA_2018_3,152,7.99999981794056,0.108161257860236
BLUE_WA_2018_3,153,8.00000482457494,0.108161257860128
BLUE_WA_2018_3,154,9.00000182059432,0.108161257860236
BLUE_WA_2018_3,155,8.00000081926744,0.108161257860236
BLUE_WA_2018_3,156,22.0000038232481,0.108161257860236
BLUE_WA_2018_3,157,10.9999998179406,0.108161257860236
BLUE_WA_2018_3,158,19.0000038232481,0.108161257860236
BLUE_WA_2018_3,159,17.9999988166137,0.108161257860237
BLUE_WA_2018_3,160,17.9999998179405,0.108161257860236
BLUE_WA_2018_3,161,7.00000582590182,0.108161257860236
BLUE_WA_2018_3,162,20.9999988166137,0.108161257860237
BLUE_WA_2018_3,163,7.99999781528681,0.108161257860237
BLUE_WA_2018_3,164,10.9999988166137,0.108161257860237
BLUE_WA_2018_3,165,9.99999080599868,0.108161257860128
BLUE_WA_2018_3,166,24.000004824575,0.108161257860128
BLUE_WA_2018_3,167,17.9999998179405,0.108161257860236
BLUE_WA_2018_3,168,20.9999998179405,0.108161257860236
BLUE_WA_2018_3,169,6.99999581263306,0.108161257860236
BLUE_WA_2018_3,170,16.9999958126331,0.108161257860236
BLUE_WA_2018_3,171,8.00000182059431,0.108161257860236
BLUE_WA_2018_3,172,15.0000058259018,0.108161257860236
BLUE_WA_2018_3,173,8.00000081926743,0.108161257860236
BLUE_WA_2018_3,174,10.0000058259018,0.108161257860236
BLUE_WA_2018_3,175,13.0000008192674,0.108161257860236
BLUE_WA_2018_3,176,6.00000182059432,0.108161257860236
BLUE_WA_2018_3,177,23.9999998179406,0.108161257860236
BLUE_WA_2018_3,178,14.0000048245749,0.108161257860128
BLUE_WA_2018_3,179,8.99999080599868,0.108161257860128
BLUE_WA_2018_3,180,8.99999581263306,0.108161257860236
BLUE_WA_2018_3,181,15.0000058259018,0.108161257860236
BLUE_WA_2018_3,182,7.99999981794056,0.108161257860236
BLUE_WA_2018_3,183,13.0000018205943,0.108161257860236
BLUE_WA_2018_3,184,16.0000008192674,0.108161257860236
BLUE_WA_2018_3,185,14.9999998179406,0.108161257860236
BLUE_WA_2018_3,186,16.9999998179406,0.108161257860236
BLUE_WA_2018_3,187,16.0000008192674,0.108161257860236
BLUE_WA_2018_3,188,14.0000018205943,0.108161257860236
BLUE_WA_2018_3,189,19.9999998179406,0.108161257860236
BLUE_WA_2018_3,190,6.99999080599869,0.108161257860128
BLUE_WA_2018_3,191,8.99999881661369,0.108161257860237
BLUE_WA_2018_3,192,13.9999978152868,0.108161257860237
BLUE_WA_2018_3,193,16.9999958126331,0.108161257860236
BLUE_WA_2018_3,194,16.9999958126331,0.108161257860236
BLUE_WA_2018_3,195,12.0000038232481,0.108161257860236
BLUE_WA_2018_3,196,11.9999908059987,0.108161257860128
BLUE_WA_2018_3,197,16.9999998179406,0.108161257860236
BLUE_WA_2018_3,198,9.00000482457494,0.108161257860128
BLUE_WA_2018_3,201,7.27272727272727,1.18977383646238
BLUE_WA_2018_3,202,10.5454545454545,1.18977383646238
BLUE_WA_2019_5,1,13.6999996819669,0.336401723993683
BLUE_WA_2019_5,2,11.1000030774327,0.336401723993637
BLUE_WA_2019_5,3,11.3999983443599,0.336401723993637
BLUE_WA_2019_5,4,8.60000132825362,0.336401723993637
BLUE_WA_2019_5,5,8.8999984472528,0.336401723993637
BLUE_WA_2019_5,6,7.89999834435992,0.336401723993637
BLUE_WA_2019_5,7,12.7000013282536,0.336401723993637
BLUE_WA_2019_5,8,4.40000235718248,0.336401723993637
BLUE_WA_2019_5,9,4.40000307743268,0.336401723993637
BLUE_WA_2019_5,10,8.59999710964527,0.336401723993637
BLUE_WA_2019_5,11,8.90000235718248,0.336401723993637
BLUE_WA_2019_5,12,5.10000369478999,0.336401723993636
BLUE_WA_2019_5,13,7.29999844725281,0.336401723993637
BLUE_WA_2019_5,14,9.7999961836093,0.336401723993638
BLUE_WA_2019_5,15,8.59999968196743,0.336401723993637
BLUE_WA_2019_5,16,9.50000132825361,0.336401723993637
BLUE_WA_2019_5,17,6.99999618360931,0.336401723993638
BLUE_WA_2019_5,18,8.90000235718248,0.336401723993637
BLUE_WA_2019_5,19,13.2999984472528,0.336401723993637
BLUE_WA_2019_5,20,7.30000132825362,0.336401723993637
BLUE_WA_2019_5,21,5.69999968196744,0.336401723993637
BLUE_WA_2019_5,22,8.60000132825362,0.336401723993637
BLUE_WA_2019_5,23,9.7999961836093,0.336401723993638
BLUE_WA_2019_5,24,8.59999834435991,0.336401723993637
BLUE_WA_2019_5,25,20.2999984472528,0.336401723993637
BLUE_WA_2019_5,26,9.80000369479,0.336401723993636
BLUE_WA_2019_5,27,7.60000235718248,0.336401723993637
BLUE_WA_2019_5,28,5.69999710964527,0.336401723993637
BLUE_WA_2019_5,29,10.1999984472528,0.336401723993638
BLUE_WA_2019_5,30,8.30000307743268,0.336401723993637
BLUE_WA_2019_5,31,7.00000132825362,0.336401723993637
BLUE_WA_2019_5,32,15.8999984472528,0.336401723993637
BLUE_WA_2019_5,33,7.60000369479,0.336401723993636
BLUE_WA_2019_5,34,17.0999983443599,0.336401723993637
BLUE_WA_2019_5,35,19.0999983443599,0.336401723993637
BLUE_WA_2019_5,36,7.90000369479,0.336401723993636
BLUE_WA_2019_5,37,8.8999984472528,0.336401723993637
BLUE_WA_2019_5,38,8.60000235718247,0.336401723993637
BLUE_WA_2019_5,39,6.00000307743268,0.336401723993637
BLUE_WA_2019_5,40,8.90000369479,0.336401723993636
BLUE_WA_2019_5,41,8.59999844725279,0.336401723993637
BLUE_WA_2019_5,42,4.39999710964527,0.336401723993637
BLUE_WA_2019_5,43,7.59999834435991,0.336401723993637
BLUE_WA_2019_5,44,10.7999971096453,0.336401723993637
BLUE_WA_2019_5,45,6.70000235718248,0.336401723993637
BLUE_WA_2019_5,46,5.3999984472528,0.336401723993637
BLUE_WA_2019_5,47,7.89999710964527,0.336401723993637
BLUE_WA_2019_5,48,8.89999710964528,0.336401723993637
BLUE_WA_2019_5,49,7.89999968196744,0.336401723993637
BLUE_WA_2019_5,50,8.60000369479,0.336401723993636
BLUE_WA_2019_5,51,7.00000235718248,0.336401723993637
BLUE_WA_2019_5,52,6.69999834435992,0.336401723993637
BLUE_WA_2019_5,53,8.90000132825362,0.336401723993637
BLUE_WA_2019_5,54,14.0000023571825,0.336401723993637
BLUE_WA_2019_5,55,13.0000013282536,0.336401723993637
BLUE_WA_2019_5,56,8.60000132825362,0.336401723993637
BLUE_WA_2019_5,57,8.59999968196743,0.336401723993637
BLUE_WA_2019_5,58,7.89999710964527,0.336401723993637
BLUE_WA_2019_5,59,9.49999968196743,0.336401723993637
BLUE_WA_2019_5,60,10.8000030774327,0.336401723993637
BLUE_WA_2019_5,61,17.1000013282536,0.336401723993637
BLUE_WA_2019_5,62,8.30000307743268,0.336401723993637
BLUE_WA_2019_5,63,8.30000132825361,0.336401723993637
BLUE_WA_2019_5,64,9.80000235718247,0.336401723993637
BLUE_WA_2019_5,65,9.50000307743268,0.336401723993637
BLUE_WA_2019_5,66,12.70000369479,0.336401723993636
BLUE_WA_2019_5,67,12.0999961836093,0.336401723993637
BLUE_WA_2019_5,68,10.8000013282536,0.336401723993637
BLUE_WA_2019_5,69,13.6999984472528,0.336401723993637
BLUE_WA_2019_5,70,15.2000023571825,0.336401723993637
BLUE_WA_2019_5,71,7.59999844725279,0.336401723993636
BLUE_WA_2019_5,72,7.90000235718247,0.336401723993637
BLUE_WA_2019_5,73,11.7000013282536,0.336401723993637
BLUE_WA_2019_5,74,7.30000235718247,0.336401723993637
BLUE_WA_2019_5,75,5.99999710964526,0.336401723993637
BLUE_WA_2019_5,76,8.89999834435991,0.336401723993637
BLUE_WA_2019_5,77,7.8999984472528,0.336401723993637
BLUE_WA_2019_5,78,7.29999834435991,0.336401723993637
BLUE_WA_2019_5,79,6.69999844725279,0.336401723993636
BLUE_WA_2019_5,80,13.2999984472528,0.336401723993636
BLUE_WA_2019_5,81,8.60000307743268,0.336401723993637
BLUE_WA_2019_5,82,10.4999983443599,0.336401723993637
BLUE_WA_2019_5,83,9.80000307743268,0.336401723993637
BLUE_WA_2019_5,84,11.0999984472528,0.336401723993637
BLUE_WA_2019_5,85,7.89999968196744,0.336401723993637
BLUE_WA_2019_5,86,8.90000132825361,0.336401723993637
BLUE_WA_2019_5,87,7.5999961836093,0.336401723993637
BLUE_WA_2019_5,88,8.59999968196742,0.336401723993637
BLUE_WA_2019_5,89,11.1000013282536,0.336401723993637
BLUE_WA_2019_5,90,5.09999834435992,0.336401723993637
BLUE_WA_2019_5,91,12.70000369479,0.336401723993636
BLUE_WA_2019_5,92,12.0999996819674,0.336401723993637
BLUE_WA_2019_5,93,9.79999710964528,0.336401723993637
BLUE_WA_2019_5,94,9.50000132825361,0.336401723993637
BLUE_WA_2019_5,95,8.89999844725279,0.336401723993636
BLUE_WA_2019_5,96,10.7999996819674,0.336401723993637
BLUE_WA_2019_5,97,8.30000132825361,0.336401723993637
BLUE_WA_2019_5,98,16.7999971096453,0.336401723993637
BLUE_WA_2019_5,99,13.9999961836093,0.336401723993637
BLUE_WA_2019_5,100,7.30000132825362,0.336401723993637
BLUE_WA_2019_5,101,12.9999996819674,0.336401723993637
BLUE_WA_2019_5,102,12.4000013282536,0.336401723993637
BLUE_WA_2019_5,103,14.2999961836093,0.336401723993637
BLUE_WA_2019_5,104,11.6999983443599,0.336401723993637
BLUE_WA_2019_5,105,11.6999996819674,0.336401723993637
BLUE_WA_2019_5,106,14.2999961836093,0.336401723993637
BLUE_WA_2019_5,107,15.5999983443599,0.336401723993637
BLUE_WA_2019_5,108,14.2999961836093,0.336401723993637
BLUE_WA_2019_5,109,7.90000307743269,0.336401723993637
BLUE_WA_2019_5,110,19.1000013282536,0.336401723993637
BLUE_WA_2019_5,111,8.30000369479,0.336401723993637
BLUE_WA_2019_5,112,7.29999710964527,0.336401723993637
BLUE_WA_2019_5,113,7.8999984472528,0.336401723993637
BLUE_WA_2019_5,114,10.50000369479,0.336401723993637
BLUE_WA_2019_5,115,9.20000132825361,0.336401723993637
BLUE_WA_2019_5,116,8.59999844725279,0.336401723993637
BLUE_WA_2019_5,117,9.49999844725278,0.336401723993637
BLUE_WA_2019_5,118,11.3999984472528,0.336401723993636
BLUE_WA_2019_5,119,10.20000369479,0.336401723993637
BLUE_WA_2019_5,120,9.50000132825361,0.336401723993637
BLUE_WA_2019_5,121,13.6999984472528,0.336401723993637
BLUE_WA_2019_5,122,9.20000132825361,0.336401723993637
BLUE_WA_2019_5,123,13.2999984472528,0.336401723993637
BLUE_WA_2019_5,124,6.6999961836093,0.336401723993637
BLUE_WA_2019_5,125,5.3999984472528,0.336401723993637
BLUE_WA_2019_5,126,9.19999844725279,0.336401723993637
BLUE_WA_2019_5,127,6.9999961836093,0.336401723993637
BLUE_WA_2019_5,128,10.1999961836093,0.336401723993637
BLUE_WA_2019_5,129,7.60000235718248,0.336401723993637
BLUE_WA_2019_5,130,10.1999961836093,0.336401723993637
BLUE_WA_2019_5,131,10.8000013282536,0.336401723993637
BLUE_WA_2019_5,132,6.00000132825362,0.336401723993637
BLUE_WA_2019_5,133,9.4999984472528,0.336401723993637
BLUE_WA_2019_5,134,10.5000030774327,0.336401723993637
BLUE_WA_2019_5,135,6.40000235718248,0.336401723993637
BLUE_WA_2019_5,136,5.40000132825362,0.336401723993637
BLUE_WA_2019_5,137,5.99999710964527,0.336401723993637
BLUE_WA_2019_5,138,9.19999618360929,0.336401723993637
BLUE_WA_2019_5,139,7.5999984472528,0.336401723993637
BLUE_WA_2019_5,140,5.69999834435992,0.336401723993637
BLUE_WA_2019_5,141,8.89999710964528,0.336401723993637
BLUE_WA_2019_5,142,4.09999968196745,0.336401723993637
BLUE_WA_2019_5,143,9.50000235718248,0.336401723993637
BLUE_WA_2019_5,144,8.60000307743269,0.336401723993637
BLUE_WA_2019_5,145,12.40000369479,0.336401723993637
BLUE_WA_2019_5,146,13.9999983443599,0.336401723993637
BLUE_WA_2019_5,147,9.80000307743269,0.336401723993637
BLUE_WA_2019_5,148,12.0999996819674,0.336401723993637
BLUE_WA_2019_5,149,9.50000132825362,0.336401723993637
BLUE_WA_2019_5,150,10.2000023571825,0.336401723993637
BLUE_WA_2019_5,151,12.0999984472528,0.336401723993636
BLUE_WA_2019_5,152,8.3000030774327,0.336401723993637
BLUE_WA_2019_5,153,11.3999996819674,0.336401723993637
BLUE_WA_2019_5,154,12.6999984472528,0.336401723993636
BLUE_WA_2019_5,155,14.9000013282536,0.336401723993637
BLUE_WA_2019_5,156,18.3999983443599,0.336401723993637
BLUE_WA_2019_5,157,12.4000030774327,0.336401723993637
BLUE_WA_2019_5,158,17.0999983443599,0.336401723993637
BLUE_WA_2019_5,159,13.6999984472528,0.336401723993636
BLUE_WA_2019_5,160,15.9000030774327,0.336401723993637
BLUE_WA_2019_5,161,12.3999961836093,0.336401723993637
BLUE_WA_2019_5,162,15.1999984472528,0.336401723993636
BLUE_WA_2019_5,163,9.80000235718248,0.336401723993637
BLUE_WA_2019_5,164,12.0999984472528,0.336401723993636
BLUE_WA_2019_5,165,13.7000013282536,0.336401723993637
BLUE_WA_2019_5,166,21.8999996819675,0.336401723993636
BLUE_WA_2019_5,167,10.5000030774327,0.336401723993637
BLUE_WA_2019_5,168,19.1000030774327,0.336401723993637
BLUE_WA_2019_5,169,10.4999971096453,0.336401723993637
BLUE_WA_2019_5,170,12.6999971096453,0.336401723993637
BLUE_WA_2019_5,171,8.8999984472528,0.336401723993636
BLUE_WA_2019_5,172,9.49999618360929,0.336401723993636
BLUE_WA_2019_5,173,11.1000013282536,0.336401723993637
BLUE_WA_2019_5,174,11.0999961836093,0.336401723993636
BLUE_WA_2019_5,175,10.8000013282536,0.336401723993637
BLUE_WA_2019_5,176,13.9999984472528,0.336401723993636
BLUE_WA_2019_5,177,10.50000369479,0.336401723993637
BLUE_WA_2019_5,178,14.5999996819674,0.336401723993636
BLUE_WA_2019_5,179,11.7000013282536,0.336401723993637
BLUE_WA_2019_5,180,9.79999710964528,0.336401723993637
BLUE_WA_2019_5,181,18.6999961836093,0.336401723993636
BLUE_WA_2019_5,182,11.40000369479,0.336401723993637
BLUE_WA_2019_5,183,12.9999984472528,0.336401723993636
BLUE_WA_2019_5,184,11.7000013282536,0.336401723993637
BLUE_WA_2019_5,185,14.60000369479,0.336401723993637
BLUE_WA_2019_5,186,9.50000369479001,0.336401723993637
BLUE_WA_2019_5,187,14.9000013282536,0.336401723993637
BLUE_WA_2019_5,188,18.6999984472528,0.336401723993636
BLUE_WA_2019_5,189,14.90000369479,0.336401723993637
BLUE_WA_2019_5,190,12.7000013282536,0.336401723993637
BLUE_WA_2019_5,191,11.3999984472528,0.336401723993636
BLUE_WA_2019_5,192,15.9000023571825,0.336401723993637
BLUE_WA_2019_5,193,19.6999971096453,0.336401723993637
BLUE_WA_2019_5,194,13.2999971096453,0.336401723993637
BLUE_WA_2019_5,195,12.9999983443599,0.336401723993637
BLUE_WA_2019_5,196,14.0000013282536,0.336401723993637
BLUE_WA_2019_5,197,14.60000369479,0.336401723993637
BLUE_WA_2019_5,198,11.6999996819674,0.336401723993636
BLUE_WA_2019_5,201,10.1363636363636,3.70041896393001
BLUE_WA_2019_5,202,12.1545454545455,3.70041896393
