"component","genotype","trial","blup_psi","blup_without_psi","reg_blup","loading","score"
"fac_1","1","BLUE_ID_2018_1",-0.266795572453558,-0.0856454181797194,-0.0856454181797194,0.333870987410473,-0.256522493445721
"fac_1","1","BLUE_ID_2019_1",-0.407011996343188,-0.116550010797744,-0.116550010797744,0.454346163691901,-0.256522493445721
"fac_1","10","BLUE_ID_2018_1",-0.770857313121047,-0.165006338422768,-0.165006338422768,0.333870987410473,-0.494221854083724
"fac_1","10","BLUE_ID_2019_1",-0.509889120563975,-0.224547803415638,-0.224547803415638,0.454346163691901,-0.494221854083724
"fac_1","100","BLUE_ID_2018_1",-0.0259215676581112,-0.196267599486135,-0.196267599486135,0.333870987410473,-0.587854611173019
"fac_1","100","BLUE_ID_2019_1",-1.55791861014225,-0.267089487395055,-0.267089487395055,0.454346163691901,-0.587854611173019
"fac_1","101","BLUE_ID_2018_1",-0.885092156087252,-0.106209355996358,-0.106209355996358,0.333870987410473,-0.318114960572421
"fac_1","101","BLUE_ID_2019_1",0.0871029139439476,-0.14453431194908,-0.14453431194908,0.454346163691901,-0.318114960572421
"fac_1","102","BLUE_ID_2019_1",0.668865246126485,0.159003895223438,0.159003895223438,0.454346163691901,0.349962006791061
"fac_1","102","BLUE_ID_2018_1",0.257597392508297,0.116842160763482,0.116842160763482,0.333870987410473,0.349962006791061
"fac_1","103","BLUE_ID_2018_1",0.114134830471963,0.121135755643179,0.121135755643179,0.333870987410473,0.362822048668308
"fac_1","103","BLUE_ID_2019_1",0.85674820846319,0.164846805915282,0.164846805915282,0.454346163691901,0.362822048668308
"fac_1","104","BLUE_ID_2018_1",0.197634006300554,0.0580967607339104,0.0580967607339104,0.333870987410473,0.174009611270847
"fac_1","104","BLUE_ID_2019_1",0.258306956322925,0.0790605993264284,0.0790605993264284,0.454346163691901,0.174009611270847
"fac_1","106","BLUE_ID_2018_1",0.990392832568681,0.212074901583051,0.212074901583051,0.333870987410473,0.635200150896365
"fac_1","106","BLUE_ID_2019_1",0.655714452238802,0.28860075173628,0.28860075173628,0.454346163691901,0.635200150896365
"fac_1","107","BLUE_ID_2019_1",0.314064249449537,0.108970772498549,0.108970772498549,0.454346163691901,0.239840855292099
"fac_1","107","BLUE_ID_2018_1",0.311701799045923,0.0800759031777454,0.0800759031777454,0.333870987410473,0.239840855292099
"fac_1","108","BLUE_ID_2019_1",1.27427023090735,0.328523995842855,0.328523995842855,0.454346163691901,0.723069813494964
"fac_1","108","BLUE_ID_2018_1",0.633086775880494,0.24141203259827,0.24141203259827,0.333870987410473,0.723069813494964
"fac_1","109","BLUE_ID_2018_1",1.13727397943116,0.33578946839657,0.33578946839657,0.333870987410473,1.00574617459569
"fac_1","109","BLUE_ID_2019_1",1.49832820836247,0.456956916075358,0.456956916075358,0.454346163691901,1.00574617459569
"fac_1","11","BLUE_ID_2018_1",-0.705404414138289,-0.146739358031742,-0.146739358031742,0.333870987410473,-0.439509162415887
"fac_1","11","BLUE_ID_2019_1",-0.432208235426298,-0.199689301851099,-0.199689301851099,0.454346163691901,-0.439509162415887
"fac_1","110","BLUE_ID_2018_1",0.254720519871794,0.136677031769773,0.136677031769773,0.333870987410473,0.409370795677246
"fac_1","110","BLUE_ID_2019_1",0.832178472060099,0.185996050543458,0.185996050543458,0.454346163691901,0.409370795677246
"fac_1","111","BLUE_ID_2018_1",-0.631558556573481,-0.0910069300292808,-0.0910069300292808,0.333870987410473,-0.272581127024954
"fac_1","111","BLUE_ID_2019_1",-0.0608153768701523,-0.123846189358602,-0.123846189358602,0.454346163691901,-0.272581127024954
"fac_1","112","BLUE_ID_2019_1",-0.434711535847936,-0.0791128916307717,-0.0791128916307717,0.454346163691901,-0.174124704801996
"fac_1","112","BLUE_ID_2018_1",-0.0327281970623185,-0.0581351871247996,-0.0581351871247996,0.333870987410473,-0.174124704801996
"fac_1","113","BLUE_ID_2018_1",1.28966329952544,0.237897688374276,0.237897688374276,0.333870987410473,0.712543758951406
"fac_1","113","BLUE_ID_2019_1",0.544755541993476,0.323741523342178,0.323741523342178,0.454346163691901,0.712543758951406
"fac_1","114","BLUE_ID_2018_1",0.322294071698957,0.0479114131103517,0.0479114131103517,0.333870987410473,0.143502774775239
"fac_1","114","BLUE_ID_2019_1",0.0429041223540166,0.0651999351982727,0.0651999351982727,0.454346163691901,0.143502774775239
"fac_1","115","BLUE_ID_2018_1",0.358178112660898,0.0676185507899078,0.0676185507899078,0.333870987410473,0.202528980772969
"fac_1","115","BLUE_ID_2019_1",0.163794703529534,0.0920182654506291,0.0920182654506291,0.454346163691901,0.202528980772969
"fac_1","116","BLUE_ID_2019_1",0.578398957327268,0.109239465060582,0.109239465060582,0.454346163691901,0.240432238214427
"fac_1","116","BLUE_ID_2018_1",0.0656556523678461,0.0802733487779607,0.0802733487779607,0.333870987410473,0.240432238214427
"fac_1","117","BLUE_ID_2018_1",1.14584626013209,0.108665972014525,0.108665972014525,0.333870987410473,0.325472940483227
"fac_1","117","BLUE_ID_2019_1",-0.345701939740318,0.147877381894076,0.147877381894076,0.454346163691901,0.325472940483227
"fac_1","118","BLUE_ID_2018_1",-0.392607381003754,-0.118143057320704,-0.118143057320704,0.333870987410473,-0.353858411708756
"fac_1","118","BLUE_ID_2019_1",-0.53520489228085,-0.160774211849983,-0.160774211849983,0.454346163691901,-0.353858411708756
"fac_1","119","BLUE_ID_2018_1",0.997653084954918,0.0447039140458176,0.0447039140458176,0.333870987410473,0.133895773312154
"fac_1","119","BLUE_ID_2019_1",-0.704188459662059,0.0608350309389375,0.0608350309389375,0.454346163691901,0.133895773312154
"fac_1","12","BLUE_ID_2018_1",0.296229605737243,0.0732235908010091,0.0732235908010091,0.333870987410473,0.219317022329303
"fac_1","12","BLUE_ID_2019_1",0.275227993097081,0.0996458477276497,0.0996458477276497,0.454346163691901,0.219317022329303
"fac_1","120","BLUE_ID_2019_1",0.821951894832689,0.0804857456143893,0.0804857456143893,0.454346163691901,0.177146308357449
"fac_1","120","BLUE_ID_2018_1",-0.322276186435749,0.0591440128874215,0.0591440128874215,0.333870987410473,0.177146308357449
"fac_1","121","BLUE_ID_2019_1",0.0654986880874755,-0.0873558745771649,-0.0873558745771649,0.454346163691901,-0.192267221686947
"fac_1","121","BLUE_ID_2018_1",-0.54698302405257,-0.0641924471512895,-0.0641924471512895,0.333870987410473,-0.192267221686947
"fac_1","122","BLUE_ID_2019_1",-0.287145357664186,-0.233889441131422,-0.233889441131422,0.454346163691901,-0.514782471653103
"fac_1","122","BLUE_ID_2018_1",-1.03138266874237,-0.171870932112425,-0.171870932112425,0.333870987410473,-0.514782471653103
"fac_1","123","BLUE_ID_2018_1",-0.0384728983091887,0.0147886370878431,0.0147886370878431,0.333870987410473,0.0442944659628703
"fac_1","123","BLUE_ID_2019_1",0.160557014511515,0.0201250206830116,0.0201250206830116,0.454346163691901,0.0442944659628703
"fac_1","124","BLUE_ID_2018_1",0.250113508264586,-0.131102940813932,-0.131102940813932,0.333870987410473,-0.392675451768886
"fac_1","124","BLUE_ID_2019_1",-1.32623213307872,-0.178410585087177,-0.178410585087177,0.454346163691901,-0.392675451768886
"fac_1","125","BLUE_ID_2018_1",0.869744350873073,-0.0176852900965568,-0.0176852900965568,0.333870987410473,-0.0529704309851095
"fac_1","125","BLUE_ID_2019_1",-1.07162894633895,-0.0240669121071911,-0.0240669121071911,0.454346163691901,-0.0529704309851095
"fac_1","126","BLUE_ID_2018_1",0.3095369943865,-0.105503798727399,-0.105503798727399,0.333870987410473,-0.316001697379261
"fac_1","126","BLUE_ID_2019_1",-1.18287798250143,-0.143574158924396,-0.143574158924396,0.454346163691901,-0.316001697379261
"fac_1","127","BLUE_ID_2018_1",0.583003732552986,0.178644721681087,0.178644721681087,0.333870987410473,0.535071115542767
"fac_1","127","BLUE_ID_2019_1",0.820669194852009,0.243107508649202,0.243107508649202,0.454346163691901,0.535071115542767
"fac_1","128","BLUE_ID_2018_1",0.329663604029073,-0.00193621844785106,-0.00193621844785106,0.333870987410473,-0.00579930128960442
"fac_1","128","BLUE_ID_2019_1",-0.367672471655423,-0.00263489029302526,-0.00263489029302526,0.454346163691901,-0.00579930128960442
"fac_1","129","BLUE_ID_2018_1",0.971699306847788,0.0321301202324097,0.0321301202324097,0.333870987410473,0.0962351370558227
"fac_1","129","BLUE_ID_2019_1",-0.778054465728112,0.0437240653336773,0.0437240653336773,0.454346163691901,0.0962351370558227
"fac_1","13","BLUE_ID_2019_1",-0.115139103468718,0.062754110334973,0.062754110334973,0.454346163691901,0.138119599877435
"fac_1","13","BLUE_ID_2018_1",0.456698541378882,0.0461141271918187,0.0461141271918187,0.333870987410473,0.138119599877435
"fac_1","130","BLUE_ID_2018_1",-0.0471255005453166,0.146963116546382,0.146963116546382,0.333870987410473,0.440179356961316
"fac_1","130","BLUE_ID_2019_1",1.23760259372694,0.199993802171742,0.199993802171742,0.454346163691901,0.440179356961316
"fac_1","131","BLUE_ID_2018_1",0.43395083573812,0.125497523061366,0.125497523061366,0.333870987410473,0.375886278813064
"fac_1","131","BLUE_ID_2019_1",0.550471381331065,0.17078248876314,0.17078248876314,0.454346163691901,0.375886278813064
"fac_1","132","BLUE_ID_2018_1",0.254934704280795,-0.101830575401278,-0.101830575401278,0.333870987410473,-0.30499977308925
"fac_1","132","BLUE_ID_2019_1",-1.09489601087917,-0.138575476830001,-0.138575476830001,0.454346163691901,-0.30499977308925
"fac_1","133","BLUE_ID_2018_1",-0.268821281810703,-0.125799919259093,-0.125799919259093,0.333870987410473,-0.37679200650169
"fac_1","133","BLUE_ID_2019_1",-0.729247434680451,-0.171194002663817,-0.171194002663817,0.454346163691901,-0.37679200650169
"fac_1","134","BLUE_ID_2018_1",1.07568122582629,0.32250557884828,0.32250557884828,0.333870987410473,0.965958681674189
"fac_1","134","BLUE_ID_2019_1",1.45678247533408,0.438879621303554,0.438879621303554,0.454346163691901,0.965958681674189
"fac_1","135","BLUE_ID_2019_1",-0.624403674705123,-0.0637752041687809,-0.0637752041687809,0.454346163691901,-0.14036699165799
"fac_1","135","BLUE_ID_2018_1",0.230179918053029,-0.0468644661046908,-0.0468644661046908,0.333870987410473,-0.14036699165799
"fac_1","136","BLUE_ID_2018_1",-0.825969632287392,-0.123454402914428,-0.123454402914428,0.333870987410473,-0.369766788878391
"fac_1","136","BLUE_ID_2019_1",-0.115349483221115,-0.16800212198757,-0.16800212198757,0.454346163691901,-0.369766788878391
"fac_1","137","BLUE_ID_2018_1",-0.90410224702998,-0.119361649980966,-0.119361649980966,0.333870987410473,-0.357508302553462
"fac_1","137","BLUE_ID_2019_1",0.00114854954228987,-0.162432525753169,-0.162432525753169,0.454346163691901,-0.357508302553462
"fac_1","138","BLUE_ID_2018_1",-0.499917658009914,-0.154266949830206,-0.154266949830206,0.333870987410473,-0.462055571305284
"fac_1","138","BLUE_ID_2019_1",-0.712450221039084,-0.209933176235026,-0.209933176235026,0.454346163691901,-0.462055571305284
"fac_1","139","BLUE_ID_2018_1",-0.780930389653371,-0.197539652854353,-0.197539652854353,0.333870987410473,-0.591664625867866
"fac_1","139","BLUE_ID_2019_1",-0.761961464105017,-0.268820552955269,-0.268820552955269,0.454346163691901,-0.591664625867866
"fac_1","14","BLUE_ID_2018_1",0.0471671609037001,0.0697898512274154,0.0697898512274154,0.333870987410473,0.209032392328278
"fac_1","14","BLUE_ID_2019_1",0.513448171030036,0.0949730655416932,0.0949730655416932,0.454346163691901,0.209032392328278
"fac_1","140","BLUE_ID_2018_1",0.0857136149837398,-0.0150871653834909,-0.0150871653834909,0.333870987410473,-0.0451886086314597
"fac_1","140","BLUE_ID_2019_1",-0.213414601511421,-0.0205312709742784,-0.0205312709742784,0.454346163691901,-0.0451886086314597
"fac_1","141","BLUE_ID_2018_1",-0.240815626261588,0.0343285918558236,0.0343285918558236,0.333870987410473,0.102819930902288
"fac_1","141","BLUE_ID_2019_1",0.534486659670603,0.046715841156521,0.046715841156521,0.454346163691901,0.102819930902288
"fac_1","142","BLUE_ID_2018_1",0.414040021951453,-0.012425290653555,-0.012425290653555,0.333870987410473,-0.0372158442095445
"fac_1","142","BLUE_ID_2019_1",-0.542512259343369,-0.016908876045162,-0.016908876045162,0.454346163691901,-0.0372158442095445
"fac_1","143","BLUE_ID_2018_1",-0.124504518164283,-0.0300960707280222,-0.0300960707280222,0.333870987410473,-0.0901428152276705
"fac_1","143","BLUE_ID_2019_1",-0.110187186464378,-0.04095604228308,-0.04095604228308,0.454346163691901,-0.0901428152276705
"fac_1","144","BLUE_ID_2018_1",0.486276413477527,0.180345348588349,0.180345348588349,0.333870987410473,0.540164780375559
"fac_1","144","BLUE_ID_2019_1",0.937698110713164,0.245421795725113,0.245421795725113,0.454346163691901,0.540164780375559
"fac_1","145","BLUE_ID_2018_1",-0.577443496777039,-0.0930781804820104,-0.0930781804820104,0.333870987410473,-0.278784871976842
"fac_1","145","BLUE_ID_2019_1",-0.13533510645373,-0.126664837078016,-0.126664837078016,0.454346163691901,-0.278784871976842
"fac_1","146","BLUE_ID_2018_1",-0.619493668674104,-0.0427828768875653,-0.0427828768875653,0.333870987410473,-0.128141942549103
"fac_1","146","BLUE_ID_2019_1",0.315891732831981,-0.0582208000052131,-0.0582208000052131,0.454346163691901,-0.128141942549103
"fac_1","147","BLUE_ID_2018_1",-0.104642035498836,0.18575865790527,0.18575865790527,0.333870987410473,0.556378556118421
"fac_1","147","BLUE_ID_2019_1",1.61244131784255,0.252788462532844,0.252788462532844,0.454346163691901,0.556378556118421
"fac_1","148","BLUE_ID_2019_1",-0.0296284016752282,-0.151624973684691,-0.151624973684691,0.454346163691901,-0.333721258814259
"fac_1","148","BLUE_ID_2018_1",-0.815197285250206,-0.111419846200183,-0.111419846200183,0.333870987410473,-0.333721258814259
"fac_1","149","BLUE_ID_2018_1",2.30058583998343,0.339763475525741,0.339763475525741,0.333870987410473,1.01764899717993
"fac_1","149","BLUE_ID_2019_1",0.288194402660049,0.462364917853612,0.462364917853612,0.454346163691901,1.01764899717993
"fac_1","15","BLUE_ID_2018_1",0.453885363600265,0.107210408039458,0.107210408039458,0.333870987410473,0.321113280524881
"fac_1","15","BLUE_ID_2019_1",0.381447142184696,0.145896587117001,0.145896587117001,0.454346163691901,0.321113280524881
"fac_1","150","BLUE_ID_2018_1",-0.0307726312553794,0.100976842832818,0.100976842832818,0.333870987410473,0.302442699846434
"fac_1","150","BLUE_ID_2019_1",0.848628156139766,0.137413680411848,0.137413680411848,0.454346163691901,0.302442699846434
"fac_1","151","BLUE_ID_2018_1",0.365607146166608,0.0274094983681739,0.0274094983681739,0.333870987410473,0.0820960772325978
"fac_1","151","BLUE_ID_2019_1",-0.168977659003332,0.0373000377447848,0.0373000377447848,0.454346163691901,0.0820960772325978
"fac_1","152","BLUE_ID_2018_1",-0.907148698767277,-0.1303573705152,-0.1303573705152,0.333870987410473,-0.390442342793129
"fac_1","152","BLUE_ID_2019_1",-0.0844300962376952,-0.177395980590936,-0.177395980590936,0.454346163691901,-0.390442342793129
"fac_1","153","BLUE_ID_2018_1",-0.685152718342505,-0.147594865064056,-0.147594865064056,0.333870987410473,-0.442071550477662
"fac_1","153","BLUE_ID_2019_1",-0.460745380300318,-0.200853513036856,-0.200853513036856,0.454346163691901,-0.442071550477662
"fac_1","154","BLUE_ID_2018_1",-0.0383505850285952,0.0409909318663006,0.0409909318663006,0.333870987410473,0.122774764540726
"fac_1","154","BLUE_ID_2019_1",0.372108459154859,0.0557822432672554,0.0557822432672554,0.454346163691901,0.122774764540726
"fac_1","155","BLUE_ID_2018_1",-0.350455609969015,-0.419571596191738,-0.419571596191738,0.333870987410473,-1.25668779861936
"fac_1","155","BLUE_ID_2019_1",-3.01538541265946,-0.570971280261125,-0.570971280261125,0.454346163691901,-1.25668779861936
"fac_1","156","BLUE_ID_2018_1",-0.487187187977867,-0.0962489574994466,-0.0962489574994466,0.333870987410473,-0.288281884706306
"fac_1","156","BLUE_ID_2019_1",-0.257330964864358,-0.130979768378181,-0.130979768378181,0.454346163691901,-0.288281884706306
"fac_1","157","BLUE_ID_2018_1",0.180256645887787,-0.0190175638753664,-0.0190175638753664,0.333870987410473,-0.0569608159812507
"fac_1","157","BLUE_ID_2019_1",-0.346124822179244,-0.0258799282218416,-0.0258799282218416,0.454346163691901,-0.0569608159812507
"fac_1","158","BLUE_ID_2018_1",1.15207982104801,0.187837073631536,0.187837073631536,0.333870987410473,0.562603762274804
"fac_1","158","BLUE_ID_2019_1",0.287245917730283,0.255616861068187,0.255616861068187,0.454346163691901,0.562603762274804
"fac_1","159","BLUE_ID_2018_1",0.393491956010242,0.165840820404638,0.165840820404638,0.333870987410473,0.49672126856817
"fac_1","159","BLUE_ID_2019_1",0.919599092233916,0.225683402798122,0.225683402798122,0.454346163691901,0.49672126856817
"fac_1","16","BLUE_ID_2018_1",0.221583107345359,-0.0136140103557066,-0.0136140103557066,0.333870987410473,-0.0407762604989965
"fac_1","16","BLUE_ID_2019_1",-0.346601138938576,-0.0185265375274207,-0.0185265375274207,0.454346163691901,-0.0407762604989965
"fac_1","160","BLUE_ID_2018_1",-1.06083086575645,0.00829487412987218,0.00829487412987218,0.333870987410473,0.0248445490703095
"fac_1","160","BLUE_ID_2019_1",1.19981715233139,0.0112880255587503,0.0112880255587503,0.454346163691901,0.0248445490703095
"fac_1","161","BLUE_ID_2019_1",0.617793862644021,0.211066317215263,0.211066317215263,0.454346163691901,0.464549574932453
"fac_1","161","BLUE_ID_2018_1",0.594859500800124,0.155099625283813,0.155099625283813,0.333870987410473,0.464549574932453
"fac_1","162","BLUE_ID_2019_1",-0.0917191541278902,-0.135144548855466,-0.135144548855466,0.454346163691901,-0.297448420731268
"fac_1","162","BLUE_ID_2018_1",-0.665430334663645,-0.0993093979332341,-0.0993093979332341,0.333870987410473,-0.297448420731268
"fac_1","163","BLUE_ID_2018_1",0.272146492805801,0.0227338429740421,0.0227338429740421,0.333870987410473,0.0680916995824267
"fac_1","163","BLUE_ID_2019_1",-0.10694949744636,0.030937202484537,0.030937202484537,0.454346163691901,0.0680916995824267
"fac_1","164","BLUE_ID_2018_1",0.634004933108414,0.0736509108576604,0.0736509108576604,0.333870987410473,0.220596918075758
"fac_1","164","BLUE_ID_2019_1",-0.0820120956052105,0.100227363449977,0.100227363449977,0.454346163691901,0.220596918075758
"fac_1","165","BLUE_ID_2018_1",0.746254604838661,0.0675415143942159,0.0675415143942159,0.333870987410473,0.202298243755987
"fac_1","165","BLUE_ID_2019_1",-0.251233898262461,0.0919134309721417,0.0919134309721417,0.454346163691901,0.202298243755987
"fac_1","166","BLUE_ID_2018_1",-0.607652855018054,0.0511615112888017,0.0511615112888017,0.333870987410473,0.153237367779734
"fac_1","166","BLUE_ID_2019_1",1.06220174300481,0.0696228101849672,0.0696228101849672,0.454346163691901,0.153237367779734
"fac_1","167","BLUE_ID_2018_1",1.09801053017791,0.180490295186888,0.180490295186888,0.333870987410473,0.540598919920486
"fac_1","167","BLUE_ID_2019_1",0.285630775991079,0.245619045361858,0.245619045361858,0.454346163691901,0.540598919920486
"fac_1","168","BLUE_ID_2018_1",0.620096197184161,0.155453086301201,0.155453086301201,0.333870987410473,0.465608250381101
"fac_1","168","BLUE_ID_2019_1",0.593700463782761,0.211547322343951,0.211547322343951,0.454346163691901,0.465608250381101
"fac_1","169","BLUE_ID_2018_1",-0.748357885057361,-0.254097332145511,-0.254097332145511,0.333870987410473,-0.761064428258076
"fac_1","169","BLUE_ID_2019_1",-1.25365983822518,-0.345786703301427,-0.345786703301427,0.454346163691901,-0.761064428258076
"fac_1","17","BLUE_ID_2018_1",0.609518115243466,0.115847247500372,0.115847247500372,0.333870987410473,0.346982073521546
"fac_1","17","BLUE_ID_2019_1",0.285030160190185,0.157649973974376,0.157649973974376,0.454346163691901,0.346982073521546
"fac_1","170","BLUE_ID_2018_1",1.56914834632981,0.227437259816921,0.227437259816921,0.333870987410473,0.681213008596346
"fac_1","170","BLUE_ID_2019_1",0.161801033011871,0.309506517112768,0.309506517112768,0.454346163691901,0.681213008596346
"fac_1","171","BLUE_ID_2018_1",-0.103202296172932,0.0180016829662934,0.0180016829662934,0.333870987410473,0.0539180810705227
"fac_1","171","BLUE_ID_2019_1",0.255635522567858,0.0244974732880209,0.0244974732880209,0.454346163691901,0.0539180810705227
"fac_1","172","BLUE_ID_2018_1",0.461384066833856,-0.0760836556697341,-0.0760836556697341,0.333870987410473,-0.227883399692331
"fac_1","172","BLUE_ID_2019_1",-1.10734911290483,-0.103537948419279,-0.103537948419279,0.454346163691901,-0.227883399692331
"fac_1","173","BLUE_ID_2018_1",-1.50093298003727,-0.284553260037524,-0.284553260037524,0.333870987410473,-0.852285076473817
"fac_1","173","BLUE_ID_2019_1",-0.696071064113233,-0.387232454867737,-0.387232454867737,0.454346163691901,-0.852285076473817
"fac_1","174","BLUE_ID_2018_1",-0.282580800604708,-0.172004791323947,-0.172004791323947,0.333870987410473,-0.515183402601191
"fac_1","174","BLUE_ID_2019_1",-1.08783245844965,-0.234071602569591,-0.234071602569591,0.454346163691901,-0.515183402601191
"fac_1","175","BLUE_ID_2019_1",0.495667553039885,0.112015092039332,0.112015092039332,0.454346163691901,0.246541296022235
"fac_1","175","BLUE_ID_2018_1",0.15856143543195,0.0823129859404013,0.0823129859404013,0.333870987410473,0.246541296022235
"fac_1","176","BLUE_ID_2018_1",-0.751564839952478,-0.276120797113054,-0.276120797113054,0.333870987410473,-0.82702842572416
"fac_1","176","BLUE_ID_2019_1",-1.42815759416391,-0.375757192491924,-0.375757192491924,0.454346163691901,-0.82702842572416
"fac_1","177","BLUE_ID_2018_1",-0.557343094360249,-0.149850420130113,-0.149850420130113,0.333870987410473,-0.448827318876562
"fac_1","177","BLUE_ID_2019_1",-0.615448567753967,-0.203922970491687,-0.203922970491687,0.454346163691901,-0.448827318876562
"fac_1","178","BLUE_ID_2018_1",0.118230476970169,0.0674907899648593,0.0674907899648593,0.333870987410473,0.20214631552242
"fac_1","178","BLUE_ID_2019_1",0.418989871190404,0.091844402962064,0.091844402962064,0.454346163691901,0.20214631552242
"fac_1","179","BLUE_ID_2018_1",-0.283487100953259,0.0146261659038639,0.0146261659038639,0.333870987410473,0.0438078373245471
"fac_1","179","BLUE_ID_2019_1",0.420882082851679,0.0199039228280468,0.0199039228280468,0.454346163691901,0.0438078373245471
"fac_1","18","BLUE_ID_2018_1",-0.829659509122181,-0.139956525962638,-0.139956525962638,0.333870987410473,-0.419193434710068
"fac_1","18","BLUE_ID_2019_1",-0.244725955099813,-0.190458928905351,-0.190458928905351,0.454346163691901,-0.419193434710068
"fac_1","180","BLUE_ID_2018_1",0.699078370299819,0.196452182884406,0.196452182884406,0.333870987410473,0.588407469628022
"fac_1","180","BLUE_ID_2019_1",0.84058147253244,0.267340676513151,0.267340676513151,0.454346163691901,0.588407469628022
"fac_1","181","BLUE_ID_2018_1",-0.901731995835532,-0.00983431099374813,-0.00983431099374813,0.333870987410473,-0.0294554224972458
"fac_1","181","BLUE_ID_2019_1",0.88346259258318,-0.0133829582115478,-0.0133829582115478,0.454346163691901,-0.0294554224972458
"fac_1","182","BLUE_ID_2018_1",0.531086817543767,0.210643788225264,0.210643788225264,0.333870987410473,0.630913724666622
"fac_1","182","BLUE_ID_2019_1",1.13462129237985,0.286653230422848,0.286653230422848,0.454346163691901,0.630913724666622
"fac_1","183","BLUE_ID_2018_1",0.503248104262213,0.110776845724942,0.110776845724942,0.333870987410473,0.331795363784482
"fac_1","183","BLUE_ID_2019_1",0.357547692029196,0.150749950666238,0.150749950666238,0.454346163691901,0.331795363784482
"fac_1","184","BLUE_ID_2018_1",0.254604996618653,0.0643648245560979,0.0643648245560979,0.333870987410473,0.192783521129871
"fac_1","184","BLUE_ID_2019_1",0.248108850799551,0.0875904532483735,0.0875904532483735,0.454346163691901,0.192783521129871
"fac_1","185","BLUE_ID_2018_1",-0.436964237366235,-0.0940883293961157,-0.0940883293961157,0.333870987410473,-0.281810438594475
"fac_1","185","BLUE_ID_2019_1",-0.293506185984725,-0.128039491663732,-0.128039491663732,0.454346163691901,-0.281810438594475
"fac_1","186","BLUE_ID_2018_1",0.0406332117755378,0.0861035226158869,0.0861035226158869,0.333870987410473,0.257894593608483
"fac_1","186","BLUE_ID_2019_1",0.652219667052968,0.117173419242896,0.117173419242896,0.454346163691901,0.257894593608483
"fac_1","187","BLUE_ID_2018_1",-0.205553390602956,0.0406794799864236,0.0406794799864236,0.333870987410473,0.121841913554503
"fac_1","187","BLUE_ID_2019_1",0.548139296231645,0.0553584060003689,0.0553584060003689,0.454346163691901,0.121841913554503
"fac_1","188","BLUE_ID_2019_1",-0.415641816690919,-0.159787511710528,-0.159787511710528,0.454346163691901,-0.351686719245378
"fac_1","188","BLUE_ID_2018_1",-0.499088430212007,-0.117417992213604,-0.117417992213604,0.333870987410473,-0.351686719245378
"fac_1","189","BLUE_ID_2018_1",-0.274286552769091,0.0574134548868232,0.0574134548868232,0.333870987410473,0.171962994844584
"fac_1","189","BLUE_ID_2019_1",0.756725554612577,0.0781307270046067,0.0781307270046067,0.454346163691901,0.171962994844584
"fac_1","19","BLUE_ID_2018_1",-0.407708286929005,-0.128659928763374,-0.128659928763374,0.333870987410473,-0.385358218038859
"fac_1","19","BLUE_ID_2019_1",-0.604042720652579,-0.175086028013103,-0.175086028013103,0.454346163691901,-0.385358218038859
"fac_1","190","BLUE_ID_2018_1",1.01647931816921,0.275163619521285,0.275163619521285,0.333870987410473,0.82416151716408
"fac_1","190","BLUE_ID_2019_1",1.13753670610617,0.374454623585997,0.374454623585997,0.454346163691901,0.82416151716408
"fac_1","191","BLUE_ID_2018_1",-0.372256777334633,-0.00438797497855278,-0.00438797497855278,0.333870987410473,-0.0131427262146562
"fac_1","191","BLUE_ID_2019_1",0.362063813570471,-0.00597134723608203,-0.00597134723608203,0.454346163691901,-0.0131427262146562
"fac_1","192","BLUE_ID_2018_1",-0.225880959293772,-0.0142336116225339,-0.0142336116225339,0.333870987410473,-0.0426320709473164
"fac_1","192","BLUE_ID_2019_1",0.126216326015645,-0.0193697178851542,-0.0193697178851542,0.454346163691901,-0.0426320709473164
"fac_1","193","BLUE_ID_2018_1",-0.324908528767764,0.00189057262744248,0.00189057262744248,0.333870987410473,0.00566258434764248
"fac_1","193","BLUE_ID_2019_1",0.362226018080677,0.00257277347493317,0.00257277347493317,0.454346163691901,0.00566258434764248
"fac_1","194","BLUE_ID_2018_1",-0.568860124527048,-0.0522736645934872,-0.0522736645934872,0.333870987410473,-0.156568454776276
"fac_1","194","BLUE_ID_2019_1",0.185149066275621,-0.0711362767827698,-0.0711362767827698,0.454346163691901,-0.156568454776276
"fac_1","195","BLUE_ID_2018_1",0.419592229295378,0.149301065949659,0.149301065949659,0.333870987410473,0.447181910317062
"fac_1","195","BLUE_ID_2019_1",0.758107288544114,0.203175385424973,0.203175385424973,0.454346163691901,0.447181910317062
"fac_1","196","BLUE_ID_2018_1",-0.736268885020895,-0.0715727188410053,-0.0715727188410053,0.333870987410473,-0.214372381967443
"fac_1","196","BLUE_ID_2019_1",0.208003545148253,-0.0973992693484026,-0.0973992693484026,0.454346163691901,-0.214372381967443
"fac_1","197","BLUE_ID_2018_1",-0.530351874339348,0.0201248173113531,0.0201248173113531,0.333870987410473,0.0602772270434235
"fac_1","197","BLUE_ID_2019_1",0.728918129191469,0.0273867268651652,0.0273867268651652,0.454346163691901,0.0602772270434235
"fac_1","198","BLUE_ID_2018_1",-0.0929571870796615,0.0846358909039136,0.0846358909039136,0.333870987410473,0.253498788739793
"fac_1","198","BLUE_ID_2019_1",0.783017103299386,0.115176202164469,0.115176202164469,0.454346163691901,0.253498788739793
"fac_1","2","BLUE_ID_2018_1",-0.233605273336652,0.0571000910467773,0.0571000910467773,0.333870987410473,0.171024417214714
"fac_1","2","BLUE_ID_2019_1",0.710752588924625,0.0777042878591484,0.0777042878591484,0.454346163691901,0.171024417214714
"fac_1","20","BLUE_ID_2018_1",-0.038389329850324,-0.0243360131785706,-0.0243360131785706,0.333870987410473,-0.072890469960635
"fac_1","20","BLUE_ID_2019_1",-0.155610891636767,-0.0331175053963143,-0.0331175053963143,0.454346163691901,-0.072890469960635
"fac_1","201","BLUE_ID_2018_1",0.372949471044684,0.042189197715331,0.042189197715331,0.333870987410473,0.126363773152478
"fac_1","201","BLUE_ID_2019_1",-0.0574164901693986,0.0574128955614622,0.0574128955614622,0.454346163691901,0.126363773152478
"fac_1","202","BLUE_ID_2018_1",-0.579577201858457,-0.0524595450634729,-0.0524595450634729,0.333870987410473,-0.15712519818015
"fac_1","202","BLUE_ID_2019_1",0.195091579344411,-0.0713892310124808,-0.0713892310124808,0.454346163691901,-0.15712519818015
"fac_1","21","BLUE_ID_2018_1",0.876347331738654,0.103938353292468,0.103938353292468,0.333870987410473,0.311312923889019
"fac_1","21","BLUE_ID_2019_1",-0.0961116674644159,0.141443832676684,0.141443832676684,0.454346163691901,0.311312923889019
"fac_1","22","BLUE_ID_2018_1",0.429729090749739,-0.00919330222782762,-0.00919330222782762,0.333870987410473,-0.0275354929732934
"fac_1","22","BLUE_ID_2019_1",-0.533155321875959,-0.0125106455977812,-0.0125106455977812,0.454346163691901,-0.0275354929732934
"fac_1","23","BLUE_ID_2018_1",-0.24874145710597,-0.0568337740787642,-0.0568337740787642,0.333870987410473,-0.170226752913067
"fac_1","23","BLUE_ID_2019_1",-0.193528661806312,-0.0773418721437809,-0.0773418721437809,0.454346163691901,-0.170226752913067
"fac_1","24","BLUE_ID_2018_1",-0.204838275281497,-0.125400104307351,-0.125400104307351,0.333870987410473,-0.375594493190209
"fac_1","24","BLUE_ID_2019_1",-0.794341474810751,-0.170649917084775,-0.170649917084775,0.454346163691901,-0.375594493190209
"fac_1","25","BLUE_ID_2018_1",0.744321826149803,0.143490508494742,0.143490508494742,0.333870987410473,0.429778309303436
"fac_1","25","BLUE_ID_2019_1",0.364403724884458,0.195268126070008,0.195268126070008,0.454346163691901,0.429778309303436
"fac_1","26","BLUE_ID_2019_1",0.680710082392683,0.273731698383718,0.273731698383718,0.454346163691901,0.602473885020717
"fac_1","26","BLUE_ID_2018_1",0.88432237689585,0.20114855088089,0.20114855088089,0.333870987410473,0.602473885020717
"fac_1","27","BLUE_ID_2018_1",-0.0838869614742097,-0.0374367004168876,-0.0374367004168876,0.333870987410473,-0.11212924101986
"fac_1","27","BLUE_ID_2019_1",-0.212863701755937,-0.050945490495058,-0.050945490495058,0.454346163691901,-0.11212924101986
"fac_1","28","BLUE_ID_2018_1",-1.26942571002019,-0.27441329510708,-0.27441329510708,0.333870987410473,-0.821914168809481
"fac_1","28","BLUE_ID_2019_1",-0.861367018085954,-0.373433549482605,-0.373433549482605,0.454346163691901,-0.821914168809481
"fac_1","29","BLUE_ID_2018_1",-0.358396247129386,-0.060146021839961,-0.060146021839961,0.333870987410473,-0.180147494415306
"fac_1","29","BLUE_ID_2019_1",-0.1031929997784,-0.0818493229863026,-0.0818493229863026,0.454346163691901,-0.180147494415306
"fac_1","3","BLUE_ID_2018_1",0.354326711320199,0.123969742875847,0.123969742875847,0.333870987410473,0.371310319106687
"fac_1","3","BLUE_ID_2019_1",0.623155178614111,0.168703419025339,0.168703419025339,0.454346163691901,0.371310319106687
"fac_1","30","BLUE_ID_2018_1",0.819832088401481,0.0555375431213872,0.0555375431213872,0.333870987410473,0.166344322254953
"fac_1","30","BLUE_ID_2019_1",-0.426780584677506,0.0755779046684674,0.0755779046684674,0.454346163691901,0.166344322254953
"fac_1","31","BLUE_ID_2018_1",0.0952465887186527,-0.0767702366994151,-0.0767702366994151,0.333870987410473,-0.22993982584366
"fac_1","31","BLUE_ID_2019_1",-0.721917099310866,-0.104472277752051,-0.104472277752051,0.454346163691901,-0.22993982584366
"fac_1","32","BLUE_ID_2018_1",0.499884997132177,0.0444081604028468,0.0444081604028468,0.333870987410473,0.133009941196986
"fac_1","32","BLUE_ID_2019_1",-0.175037718986344,0.060432556515736,0.060432556515736,0.454346163691901,0.133009941196986
"fac_1","33","BLUE_ID_2018_1",-0.723207396151097,-0.148027291010921,-0.148027291010921,0.333870987410473,-0.443366739227721
"fac_1","33","BLUE_ID_2019_1",-0.423602279627037,-0.201441977076702,-0.201441977076702,0.454346163691901,-0.443366739227721
"fac_1","34","BLUE_ID_2018_1",-0.847971215760153,-0.189706630060675,-0.189706630060675,0.333870987410473,-0.568203399558774
"fac_1","34","BLUE_ID_2019_1",-0.627091019100817,-0.258161034786225,-0.258161034786225,0.454346163691901,-0.568203399558774
"fac_1","35","BLUE_ID_2018_1",-0.251102299969864,-0.0124765171317177,-0.0124765171317177,0.333870987410473,-0.0373692761640851
"fac_1","35","BLUE_ID_2019_1",0.167343999195697,-0.0169785872650952,-0.0169785872650952,0.454346163691901,-0.0373692761640851
"fac_1","36","BLUE_ID_2018_1",0.384760305074621,-0.0442722726904063,-0.0442722726904063,0.333870987410473,-0.132602934546021
"fac_1","36","BLUE_ID_2019_1",-0.76853013846843,-0.0602476346052728,-0.0602476346052728,0.454346163691901,-0.132602934546021
"fac_1","37","BLUE_ID_2018_1",0.926746616318329,0.10225894553353,0.10225894553353,0.333870987410473,0.306282813989493
"fac_1","37","BLUE_ID_2019_1",-0.163497915181994,0.139158421540886,0.139158421540886,0.454346163691901,0.306282813989493
"fac_1","38","BLUE_ID_2018_1",0.184434433022583,0.0275246173662715,0.0275246173662715,0.333870987410473,0.0824408780761527
"fac_1","38","BLUE_ID_2019_1",0.0254170631083744,0.0374566966852917,0.0374566966852917,0.454346163691901,0.0824408780761527
"fac_1","39","BLUE_ID_2019_1",-0.990973675196694,-0.32007427127783,-0.32007427127783,0.454346163691901,-0.704472265545257
"fac_1","39","BLUE_ID_2018_1",-0.851408415316369,-0.235202850900888,-0.235202850900888,0.333870987410473,-0.704472265545257
"fac_1","4","BLUE_ID_2018_1",0.00520726675789393,0.0275183468513725,0.0275183468513725,0.333870987410473,0.0824220968249045
"fac_1","4","BLUE_ID_2019_1",0.216753562428598,0.0374481634958378,0.0374481634958378,0.454346163691901,0.0824220968249045
"fac_1","40","BLUE_ID_2019_1",-0.575025835796982,-0.179672378051952,-0.179672378051952,0.454346163691901,-0.395452613910019
"fac_1","40","BLUE_ID_2018_1",-0.46037888677618,-0.132030154680191,-0.132030154680191,0.333870987410473,-0.395452613910019
"fac_1","41","BLUE_ID_2018_1",0.365020721216821,-0.3135336620128,-0.3135336620128,0.333870987410473,-0.939086275344226
"fac_1","41","BLUE_ID_2019_1",-2.92274948524497,-0.426670246578365,-0.426670246578365,0.454346163691901,-0.939086275344226
"fac_1","42","BLUE_ID_2018_1",0.180193015858512,-0.0302111595669668,-0.0302111595669668,0.333870987410473,-0.090487525739468
"fac_1","42","BLUE_ID_2019_1",-0.436487250545425,-0.0411126601816994,-0.0411126601816994,0.454346163691901,-0.090487525739468
"fac_1","43","BLUE_ID_2018_1",-0.418001718487984,-0.0740832614107115,-0.0740832614107115,0.333870987410473,-0.221891881008609
"fac_1","43","BLUE_ID_2019_1",-0.152139103974218,-0.100815724890641,-0.100815724890641,0.454346163691901,-0.221891881008609
"fac_1","44","BLUE_ID_2018_1",-0.118911070543571,-0.0151197246700787,-0.0151197246700787,0.333870987410473,-0.0452861291942386
"fac_1","44","BLUE_ID_2019_1",0.00483017698817722,-0.0205755790678581,-0.0205755790678581,0.454346163691901,-0.0452861291942386
"fac_1","45","BLUE_ID_2018_1",1.02580614121842,0.12693554041988,0.12693554041988,0.333870987410473,0.38019338369111
"fac_1","45","BLUE_ID_2019_1",-0.0699220196879586,0.172739405341099,0.172739405341099,0.454346163691901,0.38019338369111
"fac_1","46","BLUE_ID_2018_1",-0.932138960849643,-0.31905852816956,-0.31905852816956,0.333870987410473,-0.955634182664989
"fac_1","46","BLUE_ID_2019_1",-1.58221572885741,-0.434188724786683,-0.434188724786683,0.454346163691901,-0.955634182664989
"fac_1","47","BLUE_ID_2018_1",-0.0452525916869882,0.0539835710673137,0.0539835710673137,0.333870987410473,0.161689913478299
"fac_1","47","BLUE_ID_2019_1",0.484443161541375,0.0734631918965406,0.0734631918965406,0.454346163691901,0.161689913478299
"fac_1","48","BLUE_ID_2018_1",-0.467748992701746,-0.0480430549420598,-0.0480430549420598,0.333870987410473,-0.143897064296257
"fac_1","48","BLUE_ID_2019_1",0.111355947876593,-0.0653790791295314,-0.0653790791295314,0.454346163691901,-0.143897064296257
"fac_1","49","BLUE_ID_2018_1",0.345724085789105,-0.0627068454366882,-0.0627068454366882,0.333870987410473,-0.187817593625151
"fac_1","49","BLUE_ID_2019_1",-0.875773929135884,-0.0853342031374318,-0.0853342031374318,0.454346163691901,-0.187817593625151
"fac_1","5","BLUE_ID_2018_1",-0.727112882416747,0.0322362424447171,0.0322362424447171,0.333870987410473,0.0965529910063276
"fac_1","5","BLUE_ID_2019_1",1.03687404296452,0.0438684810567035,0.0438684810567035,0.454346163691901,0.0965529910063276
"fac_1","50","BLUE_ID_2018_1",-0.750147486372615,-0.0987916519269123,-0.0987916519269123,0.333870987410473,-0.295897683992093
"fac_1","50","BLUE_ID_2019_1",0.00292853169714858,-0.134439977567126,-0.134439977567126,0.454346163691901,-0.295897683992093
"fac_1","51","BLUE_ID_2018_1",-0.129999898429481,-0.0401569115246543,-0.0401569115246543,0.333870987410473,-0.120276732746724
"fac_1","51","BLUE_ID_2019_1",-0.185598082508057,-0.05464727210487,-0.05464727210487,0.454346163691901,-0.120276732746724
"fac_1","52","BLUE_ID_2018_1",-0.995338736129688,-0.166589273600854,-0.166589273600854,0.333870987410473,-0.498963012308831
"fac_1","52","BLUE_ID_2019_1",-0.282965503402413,-0.226701930466672,-0.226701930466672,0.454346163691901,-0.498963012308831
"fac_1","53","BLUE_ID_2019_1",0.144208498639939,-0.314888934048527,-0.314888934048527,0.454346163691901,-0.693059519837958
"fac_1","53","BLUE_ID_2018_1",-1.88563821493739,-0.231392466222528,-0.231392466222528,0.333870987410473,-0.693059519837958
"fac_1","54","BLUE_ID_2018_1",0.877556039489547,0.233625831348936,0.233625831348936,0.333870987410473,0.699748825619604
"fac_1","54","BLUE_ID_2019_1",0.950311655392546,0.31792819446818,0.31792819446818,0.454346163691901,0.699748825619604
"fac_1","55","BLUE_ID_2018_1",0.108303271003913,0.0533379967181881,0.0533379967181881,0.333870987410473,0.159756309261494
"fac_1","55","BLUE_ID_2019_1",0.31525358343471,0.0725846662385369,0.0725846662385369,0.454346163691901,0.159756309261494
"fac_1","56","BLUE_ID_2018_1",0.0936457507606985,0.15020191999374,0.15020191999374,0.333870987410473,0.449880120338448
"fac_1","56","BLUE_ID_2019_1",1.11344597885849,0.204401306797025,0.204401306797025,0.454346163691901,0.449880120338448
"fac_1","57","BLUE_ID_2018_1",-0.253473957877249,-0.152006060320719,-0.152006060320719,0.333870987410473,-0.455283825347296
"fac_1","57","BLUE_ID_2019_1",-0.957349155234861,-0.206856459437517,-0.206856459437517,0.454346163691901,-0.455283825347296
"fac_1","58","BLUE_ID_2018_1",1.01728568842748,0.168387212110716,0.168387212110716,0.333870987410473,0.504348141827892
"fac_1","58","BLUE_ID_2019_1",0.27405463455272,0.229148643404641,0.229148643404641,0.454346163691901,0.504348141827892
"fac_1","59","BLUE_ID_2018_1",-0.326357296212512,-0.0642729864781639,-0.0642729864781639,0.333870987410473,-0.192508450574486
"fac_1","59","BLUE_ID_2019_1",-0.170746448940223,-0.0874654759967896,-0.0874654759967896,0.454346163691901,-0.192508450574486
"fac_1","6","BLUE_ID_2018_1",1.01399183568155,0.277532621520508,0.277532621520508,0.333870987410473,0.831257078289643
"fac_1","6","BLUE_ID_2019_1",1.15933155543002,0.377678464562637,0.377678464562637,0.454346163691901,0.831257078289643
"fac_1","60","BLUE_ID_2018_1",0.59117444783734,0.197093175152879,0.197093175152879,0.333870987410473,0.590327349739334
"fac_1","60","BLUE_ID_2019_1",0.96098475448081,0.268212966676473,0.268212966676473,0.454346163691901,0.590327349739334
"fac_1","61","BLUE_ID_2018_1",-0.824463574818852,-0.061158408098386,-0.061158408098386,0.333870987410473,-0.183179762257077
"fac_1","61","BLUE_ID_2019_1",0.38631668233529,-0.0832270222474973,-0.0832270222474973,0.454346163691901,-0.183179762257077
"fac_1","62","BLUE_ID_2018_1",0.0529541059367508,0.101816632931776,0.101816632931776,0.333870987410473,0.304958013038128
"fac_1","62","BLUE_ID_2019_1",0.766005289966744,0.138556503310978,0.138556503310978,0.454346163691901,0.304958013038128
"fac_1","63","BLUE_ID_2018_1",0.703166881607344,0.0338720914985106,0.0338720914985106,0.333870987410473,0.101452635226633
"fac_1","63","BLUE_ID_2019_1",-0.477230004581606,0.0460946156116547,0.0460946156116547,0.454346163691901,0.101452635226633
"fac_1","64","BLUE_ID_2018_1",0.364560683137703,0.0212919248871639,0.0212919248871639,0.333870987410473,0.0637729113640739
"fac_1","64","BLUE_ID_2019_1",-0.217282606024209,0.0289749776257306,0.0289749776257306,0.454346163691901,0.0637729113640739
"fac_1","65","BLUE_ID_2018_1",1.35048911276908,0.299763861174415,0.299763861174415,0.333870987410473,0.897843396035709
"fac_1","65","BLUE_ID_2019_1",0.979604866726081,0.407931702584932,0.407931702584932,0.454346163691901,0.897843396035709
"fac_1","66","BLUE_ID_2019_1",0.968252344164244,0.276433898864003,0.276433898864003,0.454346163691901,0.608421333676005
"fac_1","66","BLUE_ID_2018_1",0.630072026739068,0.203134231436005,0.203134231436005,0.333870987410473,0.608421333676005
"fac_1","67","BLUE_ID_2018_1",-0.0784737107781932,0.0970228587529269,0.0970228587529269,0.333870987410473,0.290599849676796
"fac_1","67","BLUE_ID_2019_1",0.867622312361753,0.132032926870095,0.132032926870095,0.454346163691901,0.290599849676796
"fac_1","68","BLUE_ID_2018_1",0.982907390832238,0.0689845003487679,0.0689845003487679,0.333870987410473,0.206620230418392
"fac_1","68","BLUE_ID_2019_1",-0.492285282748592,0.0938771090317329,0.0938771090317329,0.454346163691901,0.206620230418392
"fac_1","69","BLUE_ID_2018_1",-0.214846487537962,0.0589608407366079,0.0589608407366079,0.333870987410473,0.176597676826945
"fac_1","69","BLUE_ID_2019_1",0.705753629954183,0.0802364769832248,0.0802364769832248,0.454346163691901,0.176597676826945
"fac_1","7","BLUE_ID_2018_1",0.45107628555154,0.0048330419036695,0.0048330419036695,0.333870987410473,0.0144757768297117
"fac_1","7","BLUE_ID_2019_1",-0.442635384819938,0.00657701366903963,0.00657701366903963,0.454346163691901,0.0144757768297117
"fac_1","70","BLUE_ID_2018_1",-0.361814747414593,0.0897461905127576,0.0897461905127576,0.333870987410473,0.268804999226903
"fac_1","70","BLUE_ID_2019_1",1.11140067591101,0.122130520179948,0.122130520179948,0.454346163691901,0.268804999226903
"fac_1","71","BLUE_ID_2018_1",0.927066290286363,0.0858586671556583,0.0858586671556583,0.333870987410473,0.257161210147621
"fac_1","71","BLUE_ID_2019_1",-0.296333194414435,0.116840209280938,0.116840209280938,0.454346163691901,0.257161210147621
"fac_1","72","BLUE_ID_2018_1",-0.169394418550475,-0.129104812192224,-0.129104812192224,0.333870987410473,-0.386690719051601
"fac_1","72","BLUE_ID_2019_1",-0.862119530718352,-0.175691444736358,-0.175691444736358,0.454346163691901,-0.386690719051601
"fac_1","73","BLUE_ID_2018_1",-0.263726368698319,0.026825877984986,0.026825877984986,0.333870987410473,0.0803480356081533
"fac_1","73","BLUE_ID_2019_1",0.498339196545064,0.0365058217387447,0.0365058217387447,0.454346163691901,0.0803480356081533
"fac_1","74","BLUE_ID_2018_1",0.398237760330854,0.0847520696416361,0.0847520696416361,0.333870987410473,0.25384676368252
"fac_1","74","BLUE_ID_2019_1",0.25943472702849,0.115334303244758,0.115334303244758,0.454346163691901,0.25384676368252
"fac_1","75","BLUE_ID_2018_1",-0.540320930908086,-0.0558192163211746,-0.0558192163211746,0.333870987410473,-0.167187981064519
"fac_1","75","BLUE_ID_2019_1",0.126029917258827,-0.0759612178120586,-0.0759612178120586,0.454346163691901,-0.167187981064519
"fac_1","76","BLUE_ID_2018_1",-1.34563007816816,-0.219029949150169,-0.219029949150169,0.333870987410473,-0.656031693106912
"fac_1","76","BLUE_ID_2019_1",-0.332563655183146,-0.298065483023428,-0.298065483023428,0.454346163691901,-0.656031693106912
"fac_1","77","BLUE_ID_2018_1",0.385646420301888,-0.00117027799766536,-0.00117027799766536,0.333870987410473,-0.00350518026960688
"fac_1","77","BLUE_ID_2019_1",-0.421265694052317,-0.00159256520854443,-0.00159256520854443,0.454346163691901,-0.00350518026960688
"fac_1","78","BLUE_ID_2018_1",-0.307061995348751,-0.138057354936035,-0.138057354936035,0.333870987410473,-0.413505096704622
"fac_1","78","BLUE_ID_2019_1",-0.787437094447829,-0.187874454354793,-0.187874454354793,0.454346163691901,-0.413505096704622
"fac_1","79","BLUE_ID_2019_1",-1.50326618679807,-0.432320524393073,-0.432320524393073,0.454346163691901,-0.951522339002814
"fac_1","79","BLUE_ID_2018_1",-0.995686292869666,-0.317685702865993,-0.317685702865993,0.333870987410473,-0.951522339002814
"fac_1","8","BLUE_ID_2018_1",-0.280395527653717,-0.0387267571093319,-0.0387267571093319,0.333870987410473,-0.115993178711632
"fac_1","8","BLUE_ID_2019_1",-0.0134447153985834,-0.0527010557620589,-0.0527010557620589,0.454346163691901,-0.115993178711632
"fac_1","80","BLUE_ID_2019_1",-0.438908389875174,-0.0797465501530167,-0.0797465501530167,0.454346163691901,-0.175519365025593
"fac_1","80","BLUE_ID_2018_1",-0.0323207531285393,-0.0586008237107541,-0.0586008237107541,0.333870987410473,-0.175519365025593
"fac_1","81","BLUE_ID_2019_1",-0.689398648666129,-0.231869138058238,-0.231869138058238,0.454346163691901,-0.510335855318175
"fac_1","81","BLUE_ID_2018_1",-0.643455313707617,-0.170386335926047,-0.170386335926047,0.333870987410473,-0.510335855318175
"fac_1","82","BLUE_ID_2018_1",0.0842668582122251,0.0971428432680211,0.0971428432680211,0.333870987410473,0.290959223565569
"fac_1","82","BLUE_ID_2019_1",0.694809641446992,0.13219620701779,0.13219620701779,0.454346163691901,0.290959223565569
"fac_1","83","BLUE_ID_2018_1",0.114742180305979,-0.0144706617319938,-0.0144706617319938,0.333870987410473,-0.0433420760642586
"fac_1","83","BLUE_ID_2019_1",-0.239432077146456,-0.0196923059862385,-0.0196923059862385,0.454346163691901,-0.0433420760642586
"fac_1","84","BLUE_ID_2018_1",0.80743817162104,0.122479023953541,0.122479023953541,0.333870987410473,0.366845364143489
"fac_1","84","BLUE_ID_2019_1",0.127258391591588,0.166674783866753,0.166674783866753,0.454346163691901,0.366845364143489
"fac_1","85","BLUE_ID_2019_1",-1.45364223418998,-0.481983041333941,-0.481983041333941,0.454346163691901,-1.06082780014575
"fac_1","85","BLUE_ID_2018_1",-1.31825091275782,-0.354179625107142,-0.354179625107142,0.333870987410473,-1.06082780014575
"fac_1","86","BLUE_ID_2018_1",-0.743002564025916,-0.267788849964975,-0.267788849964975,0.333870987410473,-0.802072836702476
"fac_1","86","BLUE_ID_2019_1",-1.36998899007778,-0.364418716357251,-0.364418716357251,0.454346163691901,-0.802072836702476
"fac_1","87","BLUE_ID_2018_1",-0.30893968997571,-0.0292335561547891,-0.0292335561547891,0.333870987410473,-0.0875594383972283
"fac_1","87","BLUE_ID_2019_1",0.0937293713539777,-0.039782294930798,-0.039782294930798,0.454346163691901,-0.0875594383972283
"fac_1","88","BLUE_ID_2018_1",0.178011086470584,0.0297886839031465,0.0297886839031465,0.333870987410473,0.0892221397677875
"fac_1","88","BLUE_ID_2019_1",0.0505670638700126,0.0405377369198769,0.0405377369198769,0.454346163691901,0.0892221397677875
"fac_1","89","BLUE_ID_2019_1",0.282854587115117,-0.002048988803137,-0.002048988803137,0.454346163691901,-0.0045097526222901
"fac_1","89","BLUE_ID_2018_1",-0.276274252885006,-0.00150567556098097,-0.00150567556098097,0.333870987410473,-0.0045097526222901
"fac_1","9","BLUE_ID_2018_1",-1.18450595347286,-0.278612954199201,-0.278612954199201,0.333870987410473,-0.834492857136653
"fac_1","9","BLUE_ID_2019_1",-0.985976347778226,-0.379148628268332,-0.379148628268332,0.454346163691901,-0.834492857136653
"fac_1","90","BLUE_ID_2018_1",-0.366588774531934,-0.210742476286324,-0.210742476286324,0.333870987410473,-0.63120931207847
"fac_1","90","BLUE_ID_2019_1",-1.31107727962503,-0.286787529429457,-0.286787529429457,0.454346163691901,-0.63120931207847
"fac_1","91","BLUE_ID_2018_1",-0.163589059915451,0.0726802318159877,0.0726802318159877,0.333870987410473,0.217689570392746
"fac_1","91","BLUE_ID_2019_1",0.761854220278067,0.0989064211836821,0.0989064211836821,0.454346163691901,0.217689570392746
"fac_1","92","BLUE_ID_2018_1",0.314521165950681,0.119584076899319,0.119584076899319,0.333870987410473,0.358174508743099
"fac_1","92","BLUE_ID_2019_1",0.630230659366985,0.162735213979658,0.162735213979658,0.454346163691901,0.358174508743099
"fac_1","93","BLUE_ID_2019_1",0.289656717556653,0.13866413783774,0.13866413783774,0.454346163691901,0.305194912863335
"fac_1","93","BLUE_ID_2018_1",0.499635737012621,0.101895726910335,0.101895726910335,0.333870987410473,0.305194912863335
"fac_1","94","BLUE_ID_2019_1",1.18268777094315,0.22033650422252,0.22033650422252,0.454346163691901,0.484952931993795
"fac_1","94","BLUE_ID_2018_1",0.117393377922325,0.161911714252372,0.161911714252372,0.333870987410473,0.484952931993795
"fac_1","95","BLUE_ID_2018_1",0.262549095088686,0.00983563157165026,0.00983563157165026,0.333870987410473,0.0294593778511158
"fac_1","95","BLUE_ID_2019_1",-0.200902504003137,0.0133847553114046,0.0133847553114046,0.454346163691901,0.0294593778511158
"fac_1","96","BLUE_ID_2018_1",-1.18643209814765,-0.172514375065358,-0.172514375065358,0.333870987410473,-0.516709691978306
"fac_1","96","BLUE_ID_2019_1",-0.126774540800824,-0.234765066292767,-0.234765066292767,0.454346163691901,-0.516709691978306
"fac_1","97","BLUE_ID_2018_1",-0.290945596409281,-0.101811504862434,-0.101811504862434,0.333870987410473,-0.304942653604289
"fac_1","97","BLUE_ID_2019_1",-0.511825408219595,-0.138549524811137,-0.138549524811137,0.454346163691901,-0.304942653604289
"fac_1","98","BLUE_ID_2019_1",0.973432724558593,0.129954738757734,0.129954738757734,0.454346163691901,0.286025830397146
"fac_1","98","BLUE_ID_2018_1",-0.189114813324271,0.0954957264195958,0.0954957264195958,0.333870987410473,0.286025830397146
"fac_1","99","BLUE_ID_2018_1",0.805816375191405,0.0433463023621246,0.0433463023621246,0.333870987410473,0.129829497011171
"fac_1","99","BLUE_ID_2019_1",-0.510304060838796,0.0589875339010745,0.0589875339010745,0.454346163691901,0.129829497011171
