env,block,id,row,col,resp,cov1,cov2
ID_2018_1,1,103,1,1,2.3,1.5,2.2
ID_2018_1,1,202,1,2,2.2,1.5,2.2
ID_2018_1,1,132,1,3,2.3,1.5,2.2
ID_2018_1,1,80,1,4,2,1.5,2.2
ID_2018_1,1,154,2,1,1.8,1.5,2.2
ID_2018_1,1,43,2,2,1.9,1.5,2.2
ID_2018_1,1,104,2,3,1.8,1.5,2.2
ID_2018_1,1,201,2,4,1.5,1.5,2.2
ID_2018_1,1,48,3,1,2.5,1.5,2.2
ID_2018_1,1,91,3,2,1.8,1.5,2.2
ID_2018_1,1,78,3,3,2.4,1.5,2.2
ID_2018_1,1,40,3,4,2.1,1.5,2.2
ID_2018_1,1,16,4,1,2.3,1.5,2.2
ID_2018_1,1,110,4,2,2.4,1.5,2.2
ID_2018_1,1,178,4,3,1.8,1.5,2.2
ID_2018_1,1,72,4,4,2.2,1.5,2.2
ID_2018_1,1,166,5,1,1.9,1.5,2.2
ID_2018_1,1,130,5,2,2,1.5,2.2
ID_2018_1,1,51,5,3,2,1.5,2.2
ID_2018_1,1,44,5,4,2.1,1.5,2.2
ID_2018_1,2,6,6,1,2.4,2.2,1.8
ID_2018_1,2,201,6,2,2.2,2.2,1.8
ID_2018_1,2,15,6,3,2,2.2,1.8
ID_2018_1,2,54,6,4,2.4,2.2,1.8
ID_2018_1,2,126,7,1,2.6,2.2,1.8
ID_2018_1,2,179,7,2,2,2.2,1.8
ID_2018_1,2,100,7,3,2,2.2,1.8
ID_2018_1,2,33,7,4,2.2,2.2,1.8
ID_2018_1,2,144,8,1,2.2,2.2,1.8
ID_2018_1,2,28,8,2,1.4,2.2,1.8
ID_2018_1,2,174,8,3,2,2.2,1.8
ID_2018_1,2,92,8,4,3.2,2.2,1.8
ID_2018_1,2,68,9,1,2,2.2,1.8
ID_2018_1,2,90,9,2,1.8,2.2,1.8
ID_2018_1,2,66,9,3,2.2,2.2,1.8
ID_2018_1,2,202,9,4,1.8,2.2,1.8
ID_2018_1,2,164,10,1,1.9,2.2,1.8
ID_2018_1,2,168,10,2,2.4,2.2,1.8
ID_2018_1,2,102,10,3,2.2,2.2,1.8
ID_2018_1,2,149,10,4,1.8,2.2,1.8
ID_2018_1,3,109,11,1,1.8,2,2.4
ID_2018_1,3,147,11,2,2,2,2.4
ID_2018_1,3,159,11,3,2,2,2.4
ID_2018_1,3,186,11,4,2.2,2,2.4
ID_2018_1,3,127,12,1,2.2,2,2.4
ID_2018_1,3,161,12,2,1.9,2,2.4
ID_2018_1,3,75,12,3,2,2,2.4
ID_2018_1,3,29,12,4,2,2,2.4
ID_2018_1,3,151,13,1,2.6,2,2.4
ID_2018_1,3,41,13,2,2,2,2.4
ID_2018_1,3,155,13,3,2.4,2,2.4
ID_2018_1,3,120,13,4,2,2,2.4
ID_2018_1,3,108,14,1,2.3,2,2.4
ID_2018_1,3,195,14,2,2,2,2.4
ID_2018_1,3,201,14,3,2,2,2.4
ID_2018_1,3,150,14,4,1.9,2,2.4
ID_2018_1,3,202,15,1,2.4,2,2.4
ID_2018_1,3,134,15,2,2,2,2.4
ID_2018_1,3,60,15,3,1.8,2,2.4
ID_2018_1,3,162,15,4,2.1,2,2.4
ID_2018_1,4,23,16,1,2.1,2.3,2.2
ID_2018_1,4,56,16,2,1.8,2.3,2.2
ID_2018_1,4,97,16,3,1.5,2.3,2.2
ID_2018_1,4,34,16,4,1.9,2.3,2.2
ID_2018_1,4,111,17,1,1.8,2.3,2.2
ID_2018_1,4,187,17,2,2.5,2.3,2.2
ID_2018_1,4,129,17,3,2,2.3,2.2
ID_2018_1,4,202,17,4,2.2,2.3,2.2
ID_2018_1,4,39,18,1,2.2,2.3,2.2
ID_2018_1,4,201,18,2,2.3,2.3,2.2
ID_2018_1,4,158,18,3,1.5,2.3,2.2
ID_2018_1,4,76,18,4,2.1,2.3,2.2
ID_2018_1,4,169,19,1,1.2,2.3,2.2
ID_2018_1,4,157,19,2,3,2.3,2.2
ID_2018_1,4,172,19,3,2.8,2.3,2.2
ID_2018_1,4,87,19,4,2.7,2.3,2.2
ID_2018_1,4,180,20,1,2.2,2.3,2.2
ID_2018_1,4,61,20,2,2.3,2.3,2.2
ID_2018_1,4,22,20,3,2,2.3,2.2
ID_2018_1,4,177,20,4,2,2.3,2.2
ID_2018_1,5,201,21,1,3,3,3.1
ID_2018_1,5,148,21,2,2.6,3,3.1
ID_2018_1,5,202,21,3,3.1,3,3.1
ID_2018_1,5,152,21,4,1.6,3,3.1
ID_2018_1,5,89,22,1,3,3,3.1
ID_2018_1,5,79,22,2,2,3,3.1
ID_2018_1,5,193,22,3,2.2,3,3.1
ID_2018_1,5,85,22,4,1.5,3,3.1
ID_2018_1,5,119,23,1,1.8,3,3.1
ID_2018_1,5,196,23,2,3,3,3.1
ID_2018_1,5,73,23,3,2,3,3.1
ID_2018_1,5,2,23,4,2.4,3,3.1
ID_2018_1,5,125,24,1,1.8,3,3.1
ID_2018_1,5,63,24,2,1,3,3.1
ID_2018_1,5,9,24,3,1.6,3,3.1
ID_2018_1,5,59,24,4,1.7,3,3.1
ID_2018_1,5,183,25,1,1.7,3,3.1
ID_2018_1,5,191,25,2,1.8,3,3.1
ID_2018_1,5,138,25,3,2.5,3,3.1
ID_2018_1,5,122,25,4,2.7,3,3.1
ID_2018_1,6,133,26,1,2.4,2.2,2.8
ID_2018_1,6,8,26,2,2,2.2,2.8
ID_2018_1,6,26,26,3,2.1,2.2,2.8
ID_2018_1,6,3,26,4,2,2.2,2.8
ID_2018_1,6,145,27,1,1.9,2.2,2.8
ID_2018_1,6,42,27,2,1,2.2,2.8
ID_2018_1,6,64,27,3,1.2,2.2,2.8
ID_2018_1,6,96,27,4,1.7,2.2,2.8
ID_2018_1,6,188,28,1,2.2,2.2,2.8
ID_2018_1,6,167,28,2,2.4,2.2,2.8
ID_2018_1,6,74,28,3,1.5,2.2,2.8
ID_2018_1,6,10,28,4,2,2.2,2.8
ID_2018_1,6,202,29,1,2.8,2.2,2.8
ID_2018_1,6,201,29,2,2.2,2.2,2.8
ID_2018_1,6,4,29,3,1.7,2.2,2.8
ID_2018_1,6,69,29,4,1.3,2.2,2.8
ID_2018_1,6,83,30,1,1.4,2.2,2.8
ID_2018_1,6,30,30,2,1.1,2.2,2.8
ID_2018_1,6,112,30,3,1.8,2.2,2.8
ID_2018_1,6,153,30,4,2.4,2.2,2.8
ID_2018_1,7,57,31,1,2,2.7,2.3
ID_2018_1,7,47,31,2,2.6,2.7,2.3
ID_2018_1,7,170,31,3,2.5,2.7,2.3
ID_2018_1,7,184,31,4,2.3,2.7,2.3
ID_2018_1,7,7,32,1,3,2.7,2.3
ID_2018_1,7,93,32,2,2.9,2.7,2.3
ID_2018_1,7,113,32,3,2.7,2.7,2.3
ID_2018_1,7,88,32,4,2.5,2.7,2.3
ID_2018_1,7,107,33,1,2.8,2.7,2.3
ID_2018_1,7,140,33,2,2.5,2.7,2.3
ID_2018_1,7,165,33,3,2,2.7,2.3
ID_2018_1,7,36,33,4,2.4,2.7,2.3
ID_2018_1,7,198,34,1,3,2.7,2.3
ID_2018_1,7,71,34,2,2.4,2.7,2.3
ID_2018_1,7,202,34,3,2.3,2.7,2.3
ID_2018_1,7,182,34,4,2.7,2.7,2.3
ID_2018_1,7,201,35,1,2.7,2.7,2.3
ID_2018_1,7,190,35,2,2.9,2.7,2.3
ID_2018_1,7,65,35,3,2.5,2.7,2.3
ID_2018_1,7,192,35,4,3,2.7,2.3
ID_2018_1,8,185,36,1,2.9,2.1,3.5
ID_2018_1,8,21,36,2,2.6,2.1,3.5
ID_2018_1,8,117,36,3,2.3,2.1,3.5
ID_2018_1,8,135,36,4,1.5,2.1,3.5
ID_2018_1,8,46,37,1,2.7,2.1,3.5
ID_2018_1,8,176,37,2,2.4,2.1,3.5
ID_2018_1,8,114,37,3,2.5,2.1,3.5
ID_2018_1,8,20,37,4,2.2,2.1,3.5
ID_2018_1,8,194,38,1,3,2.1,3.5
ID_2018_1,8,201,38,2,2.1,2.1,3.5
ID_2018_1,8,171,38,3,1.9,2.1,3.5
ID_2018_1,8,81,38,4,2.6,2.1,3.5
ID_2018_1,8,202,39,1,3.5,2.1,3.5
ID_2018_1,8,163,39,2,2.6,2.1,3.5
ID_2018_1,8,45,39,3,1.5,2.1,3.5
ID_2018_1,8,11,39,4,2.9,2.1,3.5
ID_2018_1,8,19,40,1,2.6,2.1,3.5
ID_2018_1,8,143,40,2,2.6,2.1,3.5
ID_2018_1,8,49,40,3,2.5,2.1,3.5
ID_2018_1,8,141,40,4,2.8,2.1,3.5
ID_2018_1,9,86,41,1,2.4,2.2,2.5
ID_2018_1,9,35,41,2,2,2.2,2.5
ID_2018_1,9,123,41,3,2.1,2.2,2.5
ID_2018_1,9,1,41,4,2.6,2.2,2.5
ID_2018_1,9,70,42,1,3.2,2.2,2.5
ID_2018_1,9,181,42,2,2.9,2.2,2.5
ID_2018_1,9,131,42,3,3,2.2,2.5
ID_2018_1,9,27,42,4,2.7,2.2,2.5
ID_2018_1,9,53,43,1,3,2.2,2.5
ID_2018_1,9,106,43,2,2.3,2.2,2.5
ID_2018_1,9,121,43,3,2.5,2.2,2.5
ID_2018_1,9,14,43,4,2.1,2.2,2.5
ID_2018_1,9,5,44,1,2.5,2.2,2.5
ID_2018_1,9,115,44,2,3,2.2,2.5
ID_2018_1,9,38,44,3,2.7,2.2,2.5
ID_2018_1,9,201,44,4,2.2,2.2,2.5
ID_2018_1,9,118,45,1,1.5,2.2,2.5
ID_2018_1,9,202,45,2,2.5,2.2,2.5
ID_2018_1,9,175,45,3,2.6,2.2,2.5
ID_2018_1,9,160,45,4,3,2.2,2.5
ID_2018_1,10,201,46,1,1.8,1.8,1.9
ID_2018_1,10,62,46,2,2,1.8,1.9
ID_2018_1,10,58,46,3,2.2,1.8,1.9
ID_2018_1,10,128,47,1,1.3,1.8,1.9
ID_2018_1,10,12,47,2,2,1.8,1.9
ID_2018_1,10,82,47,3,1.7,1.8,1.9
ID_2018_1,10,95,47,4,1.9,1.8,1.9
ID_2018_1,10,142,48,1,1.8,1.8,1.9
ID_2018_1,10,98,48,2,3.7,1.8,1.9
ID_2018_1,10,101,48,3,1.3,1.8,1.9
ID_2018_1,10,136,48,4,1,1.8,1.9
ID_2018_1,10,37,49,1,2.4,1.8,1.9
ID_2018_1,10,52,49,2,2.5,1.8,1.9
ID_2018_1,10,139,49,3,2.2,1.8,1.9
ID_2018_1,10,202,49,4,1.9,1.8,1.9
ID_2018_1,10,124,50,1,2.1,1.8,1.9
ID_2018_1,10,13,50,2,2.2,1.8,1.9
ID_2018_1,10,116,50,3,2.4,1.8,1.9
ID_2018_1,10,77,50,4,1.1,1.8,1.9
ID_2018_1,11,201,51,1,2.2,2.2,2.7
ID_2018_1,11,197,51,2,2.5,2.2,2.7
ID_2018_1,11,17,51,3,2.2,2.2,2.7
ID_2018_1,11,189,51,4,1.8,2.2,2.7
ID_2018_1,11,84,52,1,1.9,2.2,2.7
ID_2018_1,11,173,52,2,2.3,2.2,2.7
ID_2018_1,11,25,52,3,2.4,2.2,2.7
ID_2018_1,11,156,52,4,3.4,2.2,2.7
ID_2018_1,11,18,53,1,1.8,2.2,2.7
ID_2018_1,11,146,53,2,2.1,2.2,2.7
ID_2018_1,11,94,53,3,2.4,2.2,2.7
ID_2018_1,11,202,53,4,2.7,2.2,2.7
ID_2018_1,11,99,54,1,3,2.2,2.7
ID_2018_1,11,24,54,2,2.9,2.2,2.7
ID_2018_1,11,31,54,3,2.7,2.2,2.7
ID_2018_1,11,55,54,4,2.9,2.2,2.7
ID_2018_1,11,32,55,1,2.2,2.2,2.7
ID_2018_1,11,50,55,2,2.9,2.2,2.7
ID_2018_1,11,67,55,3,2.4,2.2,2.7
ID_2018_1,11,137,55,4,2.4,2.2,2.7
ID_2019_1,1,103,1,1,2.8,2.6,2.4
ID_2019_1,1,202,1,2,2.4,2.6,2.4
ID_2019_1,1,132,1,3,2.9,2.6,2.4
ID_2019_1,1,80,1,4,2.7,2.6,2.4
ID_2019_1,1,154,2,1,2.8,2.6,2.4
ID_2019_1,1,43,2,2,2.2,2.6,2.4
ID_2019_1,1,104,2,3,2.4,2.6,2.4
ID_2019_1,1,201,2,4,2.6,2.6,2.4
ID_2019_1,1,48,3,1,2.7,2.6,2.4
ID_2019_1,1,91,3,2,3,2.6,2.4
ID_2019_1,1,78,3,3,2.4,2.6,2.4
ID_2019_1,1,40,3,4,2.6,2.6,2.4
ID_2019_1,1,16,4,1,2.8,2.6,2.4
ID_2019_1,1,110,4,2,2.1,2.6,2.4
ID_2019_1,1,178,4,3,2.4,2.6,2.4
ID_2019_1,1,72,4,4,2.4,2.6,2.4
ID_2019_1,1,166,5,1,2.4,2.6,2.4
ID_2019_1,1,130,5,2,2.5,2.6,2.4
ID_2019_1,1,51,5,3,2.3,2.6,2.4
ID_2019_1,1,44,5,4,2.7,2.6,2.4
ID_2019_1,2,6,6,1,3,2.5,2.8
ID_2019_1,2,201,6,2,2.5,2.5,2.8
ID_2019_1,2,15,6,3,2.3,2.5,2.8
ID_2019_1,2,54,6,4,2.3,2.5,2.8
ID_2019_1,2,126,7,1,3,2.5,2.8
ID_2019_1,2,179,7,2,2.3,2.5,2.8
ID_2019_1,2,100,7,3,2.7,2.5,2.8
ID_2019_1,2,33,7,4,2.4,2.5,2.8
ID_2019_1,2,144,8,1,2.6,2.5,2.8
ID_2019_1,2,28,8,2,2.3,2.5,2.8
ID_2019_1,2,174,8,3,2.8,2.5,2.8
ID_2019_1,2,92,8,4,2.6,2.5,2.8
ID_2019_1,2,68,9,1,2.3,2.5,2.8
ID_2019_1,2,90,9,2,2.7,2.5,2.8
ID_2019_1,2,66,9,3,2,2.5,2.8
ID_2019_1,2,202,9,4,2.8,2.5,2.8
ID_2019_1,2,164,10,1,2.8,2.5,2.8
ID_2019_1,2,168,10,2,2.5,2.5,2.8
ID_2019_1,2,102,10,3,2.7,2.5,2.8
ID_2019_1,2,149,10,4,2.8,2.5,2.8
ID_2019_1,3,109,11,1,2.1,2.4,2.2
ID_2019_1,3,147,11,2,2.4,2.4,2.2
ID_2019_1,3,159,11,3,2.3,2.4,2.2
ID_2019_1,3,186,11,4,2.5,2.4,2.2
ID_2019_1,3,127,12,1,2.4,2.4,2.2
ID_2019_1,3,161,12,2,2,2.4,2.2
ID_2019_1,3,75,12,3,2.1,2.4,2.2
ID_2019_1,3,29,12,4,2.9,2.4,2.2
ID_2019_1,3,151,13,1,2.1,2.4,2.2
ID_2019_1,3,41,13,2,2.2,2.4,2.2
ID_2019_1,3,155,13,3,2.5,2.4,2.2
ID_2019_1,3,120,13,4,2.2,2.4,2.2
ID_2019_1,3,108,14,1,2.4,2.4,2.2
ID_2019_1,3,195,14,2,2.3,2.4,2.2
ID_2019_1,3,201,14,3,2.4,2.4,2.2
ID_2019_1,3,150,14,4,2.4,2.4,2.2
ID_2019_1,3,202,15,1,2.2,2.4,2.2
ID_2019_1,3,134,15,2,2.2,2.4,2.2
ID_2019_1,3,60,15,3,2.3,2.4,2.2
ID_2019_1,3,162,15,4,2.4,2.4,2.2
ID_2019_1,4,23,16,1,2.1,2.5,2.5
ID_2019_1,4,56,16,2,2.1,2.5,2.5
ID_2019_1,4,97,16,3,2.1,2.5,2.5
ID_2019_1,4,34,16,4,2.3,2.5,2.5
ID_2019_1,4,111,17,1,2.5,2.5,2.5
ID_2019_1,4,187,17,2,2.6,2.5,2.5
ID_2019_1,4,129,17,3,2.3,2.5,2.5
ID_2019_1,4,202,17,4,2.5,2.5,2.5
ID_2019_1,4,39,18,1,2.2,2.5,2.5
ID_2019_1,4,201,18,2,2.5,2.5,2.5
ID_2019_1,4,158,18,3,2.5,2.5,2.5
ID_2019_1,4,76,18,4,2.2,2.5,2.5
ID_2019_1,4,169,19,1,2.8,2.5,2.5
ID_2019_1,4,157,19,2,2.5,2.5,2.5
ID_2019_1,4,172,19,3,2.2,2.5,2.5
ID_2019_1,4,87,19,4,2.6,2.5,2.5
ID_2019_1,4,180,20,1,2.6,2.5,2.5
ID_2019_1,4,61,20,2,2.9,2.5,2.5
ID_2019_1,4,22,20,3,2,2.5,2.5
ID_2019_1,4,177,20,4,2.3,2.5,2.5
ID_2019_1,5,201,21,1,2.5,2.5,2.5
ID_2019_1,5,148,21,2,2.6,2.5,2.5
ID_2019_1,5,202,21,3,2.5,2.5,2.5
ID_2019_1,5,152,21,4,2.4,2.5,2.5
ID_2019_1,5,89,22,1,2.4,2.5,2.5
ID_2019_1,5,79,22,2,2.1,2.5,2.5
ID_2019_1,5,193,22,3,2.4,2.5,2.5
ID_2019_1,5,85,22,4,2.3,2.5,2.5
ID_2019_1,5,119,23,1,2.1,2.5,2.5
ID_2019_1,5,196,23,2,2.5,2.5,2.5
ID_2019_1,5,73,23,3,2.1,2.5,2.5
ID_2019_1,5,2,23,4,2.2,2.5,2.5
ID_2019_1,5,125,24,1,2,2.5,2.5
ID_2019_1,5,63,24,2,2.2,2.5,2.5
ID_2019_1,5,9,24,3,2.1,2.5,2.5
ID_2019_1,5,59,24,4,2.2,2.5,2.5
ID_2019_1,5,183,25,1,2.3,2.5,2.5
ID_2019_1,5,191,25,2,2.5,2.5,2.5
ID_2019_1,5,138,25,3,2.1,2.5,2.5
ID_2019_1,5,122,25,4,2,2.5,2.5
ID_2019_1,6,133,26,1,2.2,2.4,2.4
ID_2019_1,6,8,26,2,2,2.4,2.4
ID_2019_1,6,26,26,3,2.4,2.4,2.4
ID_2019_1,6,3,26,4,2.3,2.4,2.4
ID_2019_1,6,145,27,1,2.3,2.4,2.4
ID_2019_1,6,42,27,2,2.5,2.4,2.4
ID_2019_1,6,64,27,3,2.3,2.4,2.4
ID_2019_1,6,96,27,4,2.3,2.4,2.4
ID_2019_1,6,188,28,1,2.1,2.4,2.4
ID_2019_1,6,167,28,2,2.1,2.4,2.4
ID_2019_1,6,74,28,3,2.2,2.4,2.4
ID_2019_1,6,10,28,4,2.4,2.4,2.4
ID_2019_1,6,202,29,1,2.4,2.4,2.4
ID_2019_1,6,201,29,2,2.4,2.4,2.4
ID_2019_1,6,4,29,3,2.2,2.4,2.4
ID_2019_1,6,69,29,4,2.1,2.4,2.4
ID_2019_1,6,83,30,1,2.2,2.4,2.4
ID_2019_1,6,30,30,2,2.1,2.4,2.4
ID_2019_1,6,112,30,3,2.4,2.4,2.4
ID_2019_1,6,153,30,4,2.4,2.4,2.4
ID_2019_1,7,57,31,1,2.3,2.3,2.5
ID_2019_1,7,47,31,2,2.5,2.3,2.5
ID_2019_1,7,170,31,3,2.7,2.3,2.5
ID_2019_1,7,184,31,4,2.6,2.3,2.5
ID_2019_1,7,7,32,1,2.7,2.3,2.5
ID_2019_1,7,93,32,2,2.4,2.3,2.5
ID_2019_1,7,113,32,3,2.4,2.3,2.5
ID_2019_1,7,88,32,4,2,2.3,2.5
ID_2019_1,7,107,33,1,2.1,2.3,2.5
ID_2019_1,7,140,33,2,2.1,2.3,2.5
ID_2019_1,7,165,33,3,2.2,2.3,2.5
ID_2019_1,7,36,33,4,2.1,2.3,2.5
ID_2019_1,7,198,34,1,2.1,2.3,2.5
ID_2019_1,7,71,34,2,2.2,2.3,2.5
ID_2019_1,7,202,34,3,2.5,2.3,2.5
ID_2019_1,7,182,34,4,2.3,2.3,2.5
ID_2019_1,7,201,35,1,2.3,2.3,2.5
ID_2019_1,7,190,35,2,2.4,2.3,2.5
ID_2019_1,7,65,35,3,2.2,2.3,2.5
ID_2019_1,7,192,35,4,2.3,2.3,2.5
ID_2019_1,8,185,36,1,2.1,2.7,2.5
ID_2019_1,8,21,36,2,2.3,2.7,2.5
ID_2019_1,8,117,36,3,2,2.7,2.5
ID_2019_1,8,135,36,4,2.4,2.7,2.5
ID_2019_1,8,46,37,1,2.4,2.7,2.5
ID_2019_1,8,176,37,2,2.2,2.7,2.5
ID_2019_1,8,114,37,3,2.1,2.7,2.5
ID_2019_1,8,20,37,4,2.1,2.7,2.5
ID_2019_1,8,194,38,1,2.6,2.7,2.5
ID_2019_1,8,201,38,2,2.7,2.7,2.5
ID_2019_1,8,171,38,3,2.4,2.7,2.5
ID_2019_1,8,81,38,4,2.2,2.7,2.5
ID_2019_1,8,202,39,1,2.5,2.7,2.5
ID_2019_1,8,163,39,2,2.3,2.7,2.5
ID_2019_1,8,45,39,3,2.1,2.7,2.5
ID_2019_1,8,11,39,4,2,2.7,2.5
ID_2019_1,8,19,40,1,2.5,2.7,2.5
ID_2019_1,8,143,40,2,2.2,2.7,2.5
ID_2019_1,8,49,40,3,2.1,2.7,2.5
ID_2019_1,8,141,40,4,2.2,2.7,2.5
ID_2019_1,9,86,41,1,2.1,2.3,2.7
ID_2019_1,9,35,41,2,2.3,2.3,2.7
ID_2019_1,9,123,41,3,2.3,2.3,2.7
ID_2019_1,9,1,41,4,2.2,2.3,2.7
ID_2019_1,9,70,42,1,2.2,2.3,2.7
ID_2019_1,9,181,42,2,2.8,2.3,2.7
ID_2019_1,9,131,42,3,2.2,2.3,2.7
ID_2019_1,9,27,42,4,2.1,2.3,2.7
ID_2019_1,9,53,43,1,2.5,2.3,2.7
ID_2019_1,9,106,43,2,2.7,2.3,2.7
ID_2019_1,9,121,43,3,2.2,2.3,2.7
ID_2019_1,9,14,43,4,2.3,2.3,2.7
ID_2019_1,9,5,44,1,2.5,2.3,2.7
ID_2019_1,9,115,44,2,2.2,2.3,2.7
ID_2019_1,9,38,44,3,2.3,2.3,2.7
ID_2019_1,9,201,44,4,2.3,2.3,2.7
ID_2019_1,9,118,45,1,2.3,2.3,2.7
ID_2019_1,9,202,45,2,2.7,2.3,2.7
ID_2019_1,9,175,45,3,2.2,2.3,2.7
ID_2019_1,9,160,45,4,2.6,2.3,2.7
ID_2019_1,10,201,46,1,2.3,2.3,2.4
ID_2019_1,10,62,46,2,2.9,2.3,2.4
ID_2019_1,10,58,46,3,2.3,2.3,2.4
ID_2019_1,10,128,47,1,2.4,2.3,2.4
ID_2019_1,10,12,47,2,2.3,2.3,2.4
ID_2019_1,10,82,47,3,2.2,2.3,2.4
ID_2019_1,10,95,47,4,2.4,2.3,2.4
ID_2019_1,10,142,48,1,2.1,2.3,2.4
ID_2019_1,10,98,48,2,2.4,2.3,2.4
ID_2019_1,10,101,48,3,2.3,2.3,2.4
ID_2019_1,10,136,48,4,2.5,2.3,2.4
ID_2019_1,10,37,49,1,2.4,2.3,2.4
ID_2019_1,10,52,49,2,2.7,2.3,2.4
ID_2019_1,10,139,49,3,2.6,2.3,2.4
ID_2019_1,10,202,49,4,2.4,2.3,2.4
ID_2019_1,10,124,50,1,2.4,2.3,2.4
ID_2019_1,10,13,50,2,2.4,2.3,2.4
ID_2019_1,10,116,50,3,2.3,2.3,2.4
ID_2019_1,10,77,50,4,2.4,2.3,2.4
ID_2019_1,11,201,51,1,2.7,2.7,2.5
ID_2019_1,11,197,51,2,2.7,2.7,2.5
ID_2019_1,11,17,51,3,2.1,2.7,2.5
ID_2019_1,11,189,51,4,2.9,2.7,2.5
ID_2019_1,11,84,52,1,2.1,2.7,2.5
ID_2019_1,11,173,52,2,2.4,2.7,2.5
ID_2019_1,11,25,52,3,2.2,2.7,2.5
ID_2019_1,11,156,52,4,2.7,2.7,2.5
ID_2019_1,11,18,53,1,2.5,2.7,2.5
ID_2019_1,11,146,53,2,2.5,2.7,2.5
ID_2019_1,11,94,53,3,2.7,2.7,2.5
ID_2019_1,11,202,53,4,2.5,2.7,2.5
ID_2019_1,11,99,54,1,2.6,2.7,2.5
ID_2019_1,11,24,54,2,2.1,2.7,2.5
ID_2019_1,11,31,54,3,2.2,2.7,2.5
ID_2019_1,11,55,54,4,2.2,2.7,2.5
ID_2019_1,11,32,55,1,2.4,2.7,2.5
ID_2019_1,11,50,55,2,2.5,2.7,2.5
ID_2019_1,11,67,55,3,3,2.7,2.5
ID_2019_1,11,137,55,4,2,2.7,2.5
OR_2018_1,1,90,1,1,1.9,2.3,2
OR_2018_1,1,34,1,2,2.4,2.3,2
OR_2018_1,1,55,2,1,2.1,2.3,2
OR_2018_1,1,201,2,2,2.3,2.3,2
OR_2018_1,1,192,3,1,2.2,2.3,2
OR_2018_1,1,10,3,2,2.1,2.3,2
OR_2018_1,1,48,4,1,2,2.3,2
OR_2018_1,1,145,4,2,2.1,2.3,2
OR_2018_1,1,159,5,1,2.2,2.3,2
OR_2018_1,1,74,5,2,2,2.3,2
OR_2018_1,1,95,6,1,2.5,2.3,2
OR_2018_1,1,176,6,2,2.5,2.3,2
OR_2018_1,1,81,7,1,2.7,2.3,2
OR_2018_1,1,190,7,2,2.2,2.3,2
OR_2018_1,1,123,8,1,2.4,2.3,2
OR_2018_1,1,167,8,2,2.6,2.3,2
OR_2018_1,1,160,9,1,2.2,2.3,2
OR_2018_1,1,46,9,2,2,2.3,2
OR_2018_1,1,202,10,1,2,2.3,2
OR_2018_1,1,18,10,2,2.1,2.3,2
OR_2018_1,2,121,11,1,2.4,2.2,2.7
OR_2018_1,2,178,11,2,3.2,2.2,2.7
OR_2018_1,2,65,12,1,2.5,2.2,2.7
OR_2018_1,2,173,12,2,2.2,2.2,2.7
OR_2018_1,2,25,13,1,2.5,2.2,2.7
OR_2018_1,2,181,13,2,2.2,2.2,2.7
OR_2018_1,2,40,14,1,2.3,2.2,2.7
OR_2018_1,2,153,14,2,2.6,2.2,2.7
OR_2018_1,2,201,15,1,2.2,2.2,2.7
OR_2018_1,2,78,15,2,2.4,2.2,2.7
OR_2018_1,2,21,16,1,2.4,2.2,2.7
OR_2018_1,2,179,16,2,2.1,2.2,2.7
OR_2018_1,2,92,17,1,2.2,2.2,2.7
OR_2018_1,2,59,17,2,2.6,2.2,2.7
OR_2018_1,2,193,18,1,2.5,2.2,2.7
OR_2018_1,2,27,18,2,2.1,2.2,2.7
OR_2018_1,2,94,19,1,2.4,2.2,2.7
OR_2018_1,2,202,19,2,2.7,2.2,2.7
OR_2018_1,2,51,20,1,2.3,2.2,2.7
OR_2018_1,2,99,20,2,2.6,2.2,2.7
OR_2018_1,3,113,21,1,2.2,2.2,2.3
OR_2018_1,3,139,21,2,2,2.2,2.3
OR_2018_1,3,37,22,1,2,2.2,2.3
OR_2018_1,3,183,22,2,2.5,2.2,2.3
OR_2018_1,3,84,23,1,2,2.2,2.3
OR_2018_1,3,189,23,2,2.5,2.2,2.3
OR_2018_1,3,187,24,1,2.2,2.2,2.3
OR_2018_1,3,133,24,2,2.1,2.2,2.3
OR_2018_1,3,110,25,1,2.2,2.2,2.3
OR_2018_1,3,202,25,2,2.3,2.2,2.3
OR_2018_1,3,79,26,1,2.5,2.2,2.3
OR_2018_1,3,144,26,2,2.6,2.2,2.3
OR_2018_1,3,77,27,1,2.1,2.2,2.3
OR_2018_1,3,195,27,2,2.7,2.2,2.3
OR_2018_1,3,161,28,1,2.6,2.2,2.3
OR_2018_1,3,54,28,2,2.4,2.2,2.3
OR_2018_1,3,177,29,1,2,2.2,2.3
OR_2018_1,3,104,29,2,2.2,2.2,2.3
OR_2018_1,3,201,30,1,2.2,2.2,2.3
OR_2018_1,3,4,30,2,2.3,2.2,2.3
OR_2018_1,4,197,31,1,2,2.6,2.7
OR_2018_1,4,108,31,2,3,2.6,2.7
OR_2018_1,4,49,32,1,2,2.6,2.7
OR_2018_1,4,100,32,2,2.5,2.6,2.7
OR_2018_1,4,201,33,1,2.6,2.6,2.7
OR_2018_1,4,15,33,2,2.2,2.6,2.7
OR_2018_1,4,63,34,1,2,2.6,2.7
OR_2018_1,4,13,34,2,2.4,2.6,2.7
OR_2018_1,4,44,35,1,2.9,2.6,2.7
OR_2018_1,4,191,35,2,2.7,2.6,2.7
OR_2018_1,4,115,36,1,2,2.6,2.7
OR_2018_1,4,102,36,2,3,2.6,2.7
OR_2018_1,4,112,37,1,2.2,2.6,2.7
OR_2018_1,4,202,37,2,2.7,2.6,2.7
OR_2018_1,4,85,38,1,2.2,2.6,2.7
OR_2018_1,4,131,38,2,2.2,2.6,2.7
OR_2018_1,4,67,39,1,2.3,2.6,2.7
OR_2018_1,4,126,39,2,2.4,2.6,2.7
OR_2018_1,4,182,40,1,2.2,2.6,2.7
OR_2018_1,4,47,40,2,2.2,2.6,2.7
OR_2018_1,5,171,41,1,3.2,2.7,2.6
OR_2018_1,5,75,41,2,2.7,2.7,2.6
OR_2018_1,5,119,42,1,3.3,2.7,2.6
OR_2018_1,5,154,42,2,2.7,2.7,2.6
OR_2018_1,5,17,43,1,2,2.7,2.6
OR_2018_1,5,201,43,2,2.7,2.7,2.6
OR_2018_1,5,202,44,1,2.6,2.7,2.6
OR_2018_1,5,22,44,2,2.6,2.7,2.6
OR_2018_1,5,50,45,1,2.1,2.7,2.6
OR_2018_1,5,82,45,2,2.3,2.7,2.6
OR_2018_1,5,62,46,1,2.9,2.7,2.6
OR_2018_1,5,134,46,2,2.5,2.7,2.6
OR_2018_1,5,122,47,1,2.7,2.7,2.6
OR_2018_1,5,29,47,2,2.7,2.7,2.6
OR_2018_1,5,71,48,1,2.7,2.7,2.6
OR_2018_1,5,137,48,2,2.8,2.7,2.6
OR_2018_1,5,39,49,1,2.2,2.7,2.6
OR_2018_1,5,41,49,2,2.8,2.7,2.6
OR_2018_1,5,38,50,1,2.1,2.7,2.6
OR_2018_1,5,28,50,2,2.1,2.7,2.6
OR_2018_1,6,116,51,1,2,2.5,2.2
OR_2018_1,6,201,51,2,2.5,2.5,2.2
OR_2018_1,6,156,52,1,2.6,2.5,2.2
OR_2018_1,6,60,52,2,2.1,2.5,2.2
OR_2018_1,6,140,53,1,2,2.5,2.2
OR_2018_1,6,188,53,2,2.6,2.5,2.2
OR_2018_1,6,109,54,1,2,2.5,2.2
OR_2018_1,6,76,54,2,2.6,2.5,2.2
OR_2018_1,6,185,55,1,2.4,2.5,2.2
OR_2018_1,6,101,55,2,2.6,2.5,2.2
OR_2018_1,6,202,56,1,2.2,2.5,2.2
OR_2018_1,6,146,56,2,2.6,2.5,2.2
OR_2018_1,6,87,57,1,3.3,2.5,2.2
OR_2018_1,6,129,57,2,2.6,2.5,2.2
OR_2018_1,6,155,58,1,2.7,2.5,2.2
OR_2018_1,6,150,58,2,2.5,2.5,2.2
OR_2018_1,6,3,59,1,2.3,2.5,2.2
OR_2018_1,6,98,59,2,3,2.5,2.2
OR_2018_1,6,69,60,1,2,2.5,2.2
OR_2018_1,6,88,60,2,2.8,2.5,2.2
OR_2018_1,7,165,61,1,2.1,2.4,2.7
OR_2018_1,7,149,61,2,2.7,2.4,2.7
OR_2018_1,7,201,62,1,2.4,2.4,2.7
OR_2018_1,7,138,62,2,2.7,2.4,2.7
OR_2018_1,7,152,63,1,2.3,2.4,2.7
OR_2018_1,7,31,63,2,2.1,2.4,2.7
OR_2018_1,7,151,64,1,2.3,2.4,2.7
OR_2018_1,7,70,64,2,2.3,2.4,2.7
OR_2018_1,7,117,65,1,2.2,2.4,2.7
OR_2018_1,7,142,65,2,2.3,2.4,2.7
OR_2018_1,7,166,66,1,2.1,2.4,2.7
OR_2018_1,7,111,66,2,2.5,2.4,2.7
OR_2018_1,7,24,67,1,2.1,2.4,2.7
OR_2018_1,7,186,67,2,2.2,2.4,2.7
OR_2018_1,7,168,68,1,2.1,2.4,2.7
OR_2018_1,7,143,68,2,2.5,2.4,2.7
OR_2018_1,7,174,69,1,2.6,2.4,2.7
OR_2018_1,7,132,69,2,2.8,2.4,2.7
OR_2018_1,7,20,70,1,2,2.4,2.7
OR_2018_1,7,202,70,2,2.7,2.4,2.7
OR_2018_1,8,66,71,1,2.1,3.1,3.5
OR_2018_1,8,58,71,2,2.5,3.1,3.5
OR_2018_1,8,19,72,1,2.5,3.1,3.5
OR_2018_1,8,36,72,2,2.5,3.1,3.5
OR_2018_1,8,118,73,1,2.3,3.1,3.5
OR_2018_1,8,169,73,2,2.7,3.1,3.5
OR_2018_1,8,91,74,1,3,3.1,3.5
OR_2018_1,8,201,74,2,3.1,3.1,3.5
OR_2018_1,8,72,75,1,2.3,3.1,3.5
OR_2018_1,8,105,75,2,2.2,3.1,3.5
OR_2018_1,8,141,76,1,2.1,3.1,3.5
OR_2018_1,8,158,76,2,2.9,3.1,3.5
OR_2018_1,8,162,77,1,2.9,3.1,3.5
OR_2018_1,8,135,77,2,2.7,3.1,3.5
OR_2018_1,8,12,78,1,2.2,3.1,3.5
OR_2018_1,8,57,78,2,2.5,3.1,3.5
OR_2018_1,8,202,79,1,3.5,3.1,3.5
OR_2018_1,8,56,79,2,2,3.1,3.5
OR_2018_1,8,184,80,1,3.2,3.1,3.5
OR_2018_1,8,61,80,2,2.3,3.1,3.5
OR_2018_1,9,114,81,1,2.8,2.6,2.6
OR_2018_1,9,96,81,2,3.1,2.6,2.6
OR_2018_1,9,164,82,1,2.5,2.6,2.6
OR_2018_1,9,64,82,2,3.5,2.6,2.6
OR_2018_1,9,68,83,1,2.5,2.6,2.6
OR_2018_1,9,196,83,2,2.8,2.6,2.6
OR_2018_1,9,30,84,1,2.1,2.6,2.6
OR_2018_1,9,202,84,2,2.6,2.6,2.6
OR_2018_1,9,120,85,1,2.6,2.6,2.6
OR_2018_1,9,170,85,2,3.1,2.6,2.6
OR_2018_1,9,86,86,1,2.5,2.6,2.6
OR_2018_1,9,16,86,2,2.2,2.6,2.6
OR_2018_1,9,8,87,1,2.7,2.6,2.6
OR_2018_1,9,33,87,2,2.5,2.6,2.6
OR_2018_1,9,201,88,1,2.6,2.6,2.6
OR_2018_1,9,23,88,2,2.7,2.6,2.6
OR_2018_1,9,194,89,1,3.1,2.6,2.6
OR_2018_1,9,128,89,2,2.8,2.6,2.6
OR_2018_1,9,73,90,1,2.2,2.6,2.6
OR_2018_1,9,52,90,2,2.4,2.6,2.6
OR_2018_1,10,157,91,1,2.3,3.2,2.4
OR_2018_1,10,148,91,2,2.7,3.2,2.4
OR_2018_1,10,6,92,1,2.5,3.2,2.4
OR_2018_1,10,80,92,2,3,3.2,2.4
OR_2018_1,10,45,93,1,2.2,3.2,2.4
OR_2018_1,10,93,93,2,2.2,3.2,2.4
OR_2018_1,10,147,94,1,2.3,3.2,2.4
OR_2018_1,10,83,94,2,2.9,3.2,2.4
OR_2018_1,10,202,95,1,2.4,3.2,2.4
OR_2018_1,10,125,95,2,2.6,3.2,2.4
OR_2018_1,10,106,96,1,2.5,3.2,2.4
OR_2018_1,10,172,96,2,3.2,3.2,2.4
OR_2018_1,10,127,97,1,3,3.2,2.4
OR_2018_1,10,89,97,2,2.6,3.2,2.4
OR_2018_1,10,103,98,1,2.4,3.2,2.4
OR_2018_1,10,107,98,2,2.3,3.2,2.4
OR_2018_1,10,7,99,1,2.5,3.2,2.4
OR_2018_1,10,201,99,2,3.2,3.2,2.4
OR_2018_1,10,175,100,1,2.6,3.2,2.4
OR_2018_1,10,32,100,2,2.8,3.2,2.4
OR_2018_1,11,11,101,1,2.5,2.8,2.6
OR_2018_1,11,2,101,2,2.7,2.8,2.6
OR_2018_1,11,5,102,1,2.4,2.8,2.6
OR_2018_1,11,201,102,2,2.8,2.8,2.6
OR_2018_1,11,136,103,1,2.3,2.8,2.6
OR_2018_1,11,180,103,2,2.6,2.8,2.6
OR_2018_1,11,26,104,1,2.1,2.8,2.6
OR_2018_1,11,9,104,2,2.7,2.8,2.6
OR_2018_1,11,1,105,1,2.4,2.8,2.6
OR_2018_1,11,53,105,2,3.1,2.8,2.6
OR_2018_1,11,42,106,1,2.6,2.8,2.6
OR_2018_1,11,198,106,2,2.6,2.8,2.6
OR_2018_1,11,14,107,1,2.4,2.8,2.6
OR_2018_1,11,43,107,2,2.6,2.8,2.6
OR_2018_1,11,130,108,1,2.5,2.8,2.6
OR_2018_1,11,163,108,2,2.7,2.8,2.6
OR_2018_1,11,202,109,1,2.6,2.8,2.6
OR_2018_1,11,97,109,2,2.7,2.8,2.6
OR_2018_1,11,35,110,1,2.4,2.8,2.6
OR_2018_1,11,124,110,2,2.2,2.8,2.6
OR_2019_1,1,90,1,1,2.8,3.1,3.4
OR_2019_1,1,34,1,2,3.1,3.1,3.4
OR_2019_1,1,55,2,1,3.1,3.1,3.4
OR_2019_1,1,201,2,2,3.1,3.1,3.4
OR_2019_1,1,192,3,1,3.3,3.1,3.4
OR_2019_1,1,10,3,2,3.1,3.1,3.4
OR_2019_1,1,48,4,1,3.4,3.1,3.4
OR_2019_1,1,145,4,2,2.6,3.1,3.4
OR_2019_1,1,159,5,1,3.6,3.1,3.4
OR_2019_1,1,74,5,2,2.4,3.1,3.4
OR_2019_1,1,95,6,1,3.4,3.1,3.4
OR_2019_1,1,176,6,2,2.5,3.1,3.4
OR_2019_1,1,81,7,1,3.6,3.1,3.4
OR_2019_1,1,190,7,2,2.7,3.1,3.4
OR_2019_1,1,123,8,1,3.3,3.1,3.4
OR_2019_1,1,167,8,2,2.6,3.1,3.4
OR_2019_1,1,160,9,1,3.2,3.1,3.4
OR_2019_1,1,46,9,2,2.5,3.1,3.4
OR_2019_1,1,202,10,1,3.4,3.1,3.4
OR_2019_1,1,18,10,2,2.6,3.1,3.4
OR_2019_1,2,121,11,1,3.2,3,2.7
OR_2019_1,2,178,11,2,3.1,3,2.7
OR_2019_1,2,65,12,1,3.3,3,2.7
OR_2019_1,2,173,12,2,2.8,3,2.7
OR_2019_1,2,25,13,1,3.3,3,2.7
OR_2019_1,2,181,13,2,2.7,3,2.7
OR_2019_1,2,40,14,1,3.3,3,2.7
OR_2019_1,2,153,14,2,2.8,3,2.7
OR_2019_1,2,201,15,1,3,3,2.7
OR_2019_1,2,78,15,2,2.8,3,2.7
OR_2019_1,2,21,16,1,3,3,2.7
OR_2019_1,2,179,16,2,2.4,3,2.7
OR_2019_1,2,92,17,1,3.3,3,2.7
OR_2019_1,2,59,17,2,3.6,3,2.7
OR_2019_1,2,193,18,1,3.5,3,2.7
OR_2019_1,2,27,18,2,2.5,3,2.7
OR_2019_1,2,94,19,1,2.8,3,2.7
OR_2019_1,2,202,19,2,2.7,3,2.7
OR_2019_1,2,51,20,1,3.3,3,2.7
OR_2019_1,2,99,20,2,2.8,3,2.7
OR_2019_1,3,113,21,1,3.1,3.4,3.4
OR_2019_1,3,139,21,2,2.8,3.4,3.4
OR_2019_1,3,37,22,1,3.4,3.4,3.4
OR_2019_1,3,183,22,2,2.6,3.4,3.4
OR_2019_1,3,84,23,1,2.2,3.4,3.4
OR_2019_1,3,189,23,2,2.8,3.4,3.4
OR_2019_1,3,187,24,1,3.1,3.4,3.4
OR_2019_1,3,133,24,2,2.2,3.4,3.4
OR_2019_1,3,110,25,1,2.3,3.4,3.4
OR_2019_1,3,202,25,2,3.4,3.4,3.4
OR_2019_1,3,79,26,1,3.4,3.4,3.4
OR_2019_1,3,144,26,2,2.6,3.4,3.4
OR_2019_1,3,77,27,1,3.8,3.4,3.4
OR_2019_1,3,195,27,2,2.2,3.4,3.4
OR_2019_1,3,161,28,1,3.1,3.4,3.4
OR_2019_1,3,54,28,2,2.8,3.4,3.4
OR_2019_1,3,177,29,1,3.4,3.4,3.4
OR_2019_1,3,104,29,2,2.8,3.4,3.4
OR_2019_1,3,201,30,1,3.4,3.4,3.4
OR_2019_1,3,4,30,2,2.2,3.4,3.4
OR_2019_1,4,197,31,1,2.7,3.4,3
OR_2019_1,4,108,31,2,3.3,3.4,3
OR_2019_1,4,49,32,1,3.1,3.4,3
OR_2019_1,4,100,32,2,3,3.4,3
OR_2019_1,4,201,33,1,3.4,3.4,3
OR_2019_1,4,15,33,2,2.4,3.4,3
OR_2019_1,4,63,34,1,3.3,3.4,3
OR_2019_1,4,13,34,2,2.6,3.4,3
OR_2019_1,4,44,35,1,3.5,3.4,3
OR_2019_1,4,191,35,2,3,3.4,3
OR_2019_1,4,115,36,1,3.7,3.4,3
OR_2019_1,4,102,36,2,3.4,3.4,3
OR_2019_1,4,112,37,1,2.8,3.4,3
OR_2019_1,4,202,37,2,3,3.4,3
OR_2019_1,4,85,38,1,3.2,3.4,3
OR_2019_1,4,131,38,2,2.6,3.4,3
OR_2019_1,4,67,39,1,3.2,3.4,3
OR_2019_1,4,126,39,2,2.4,3.4,3
OR_2019_1,4,182,40,1,3.2,3.4,3
OR_2019_1,4,47,40,2,3,3.4,3
OR_2019_1,5,171,41,1,3,3.4,3.3
OR_2019_1,5,75,41,2,2.7,3.4,3.3
OR_2019_1,5,119,42,1,2.1,3.4,3.3
OR_2019_1,5,154,42,2,2.9,3.4,3.3
OR_2019_1,5,17,43,1,2.9,3.4,3.3
OR_2019_1,5,201,43,2,3.4,3.4,3.3
OR_2019_1,5,202,44,1,3.3,3.4,3.3
OR_2019_1,5,22,44,2,2.6,3.4,3.3
OR_2019_1,5,50,45,1,2.8,3.4,3.3
OR_2019_1,5,82,45,2,2.8,3.4,3.3
OR_2019_1,5,62,46,1,2.6,3.4,3.3
OR_2019_1,5,134,46,2,2.9,3.4,3.3
OR_2019_1,5,122,47,1,2.7,3.4,3.3
OR_2019_1,5,29,47,2,3.5,3.4,3.3
OR_2019_1,5,71,48,1,2.2,3.4,3.3
OR_2019_1,5,137,48,2,2.6,3.4,3.3
OR_2019_1,5,39,49,1,2.8,3.4,3.3
OR_2019_1,5,41,49,2,3.2,3.4,3.3
OR_2019_1,5,38,50,1,2.5,3.4,3.3
OR_2019_1,5,28,50,2,2.6,3.4,3.3
OR_2019_1,6,116,51,1,2.7,2.9,2.6
OR_2019_1,6,201,51,2,2.9,2.9,2.6
OR_2019_1,6,156,52,1,3.3,2.9,2.6
OR_2019_1,6,60,52,2,2.9,2.9,2.6
OR_2019_1,6,140,53,1,3.2,2.9,2.6
OR_2019_1,6,188,53,2,2.9,2.9,2.6
OR_2019_1,6,109,54,1,2.7,2.9,2.6
OR_2019_1,6,76,54,2,3.3,2.9,2.6
OR_2019_1,6,185,55,1,3.4,2.9,2.6
OR_2019_1,6,101,55,2,3.4,2.9,2.6
OR_2019_1,6,202,56,1,2.6,2.9,2.6
OR_2019_1,6,146,56,2,3.6,2.9,2.6
OR_2019_1,6,87,57,1,2.9,2.9,2.6
OR_2019_1,6,129,57,2,2.9,2.9,2.6
OR_2019_1,6,155,58,1,3.2,2.9,2.6
OR_2019_1,6,150,58,2,3.5,2.9,2.6
OR_2019_1,6,3,59,1,2.8,2.9,2.6
OR_2019_1,6,98,59,2,2.7,2.9,2.6
OR_2019_1,6,69,60,1,2.9,2.9,2.6
OR_2019_1,6,88,60,2,3,2.9,2.6
OR_2019_1,7,165,61,1,3.1,2.8,3
OR_2019_1,7,149,61,2,3.6,2.8,3
OR_2019_1,7,201,62,1,2.8,2.8,3
OR_2019_1,7,138,62,2,3.4,2.8,3
OR_2019_1,7,152,63,1,2.5,2.8,3
OR_2019_1,7,31,63,2,2.4,2.8,3
OR_2019_1,7,151,64,1,3,2.8,3
OR_2019_1,7,70,64,2,2.8,2.8,3
OR_2019_1,7,117,65,1,2.8,2.8,3
OR_2019_1,7,142,65,2,3.6,2.8,3
OR_2019_1,7,166,66,1,2.9,2.8,3
OR_2019_1,7,111,66,2,2.6,2.8,3
OR_2019_1,7,24,67,1,3,2.8,3
OR_2019_1,7,186,67,2,3,2.8,3
OR_2019_1,7,168,68,1,2.6,2.8,3
OR_2019_1,7,143,68,2,3.6,2.8,3
OR_2019_1,7,174,69,1,3.5,2.8,3
OR_2019_1,7,132,69,2,2.8,2.8,3
OR_2019_1,7,20,70,1,3.3,2.8,3
OR_2019_1,7,202,70,2,3,2.8,3
OR_2019_1,8,66,71,1,3,2.8,3.4
OR_2019_1,8,58,71,2,2.5,2.8,3.4
OR_2019_1,8,19,72,1,3.3,2.8,3.4
OR_2019_1,8,36,72,2,2.9,2.8,3.4
OR_2019_1,8,118,73,1,2.9,2.8,3.4
OR_2019_1,8,169,73,2,3.4,2.8,3.4
OR_2019_1,8,91,74,1,2.9,2.8,3.4
OR_2019_1,8,201,74,2,2.8,2.8,3.4
OR_2019_1,8,72,75,1,2.8,2.8,3.4
OR_2019_1,8,105,75,2,3.1,2.8,3.4
OR_2019_1,8,141,76,1,2.6,2.8,3.4
OR_2019_1,8,158,76,2,2.8,2.8,3.4
OR_2019_1,8,162,77,1,2.7,2.8,3.4
OR_2019_1,8,135,77,2,3.1,2.8,3.4
OR_2019_1,8,12,78,1,3.3,2.8,3.4
OR_2019_1,8,57,78,2,3.2,2.8,3.4
OR_2019_1,8,202,79,1,3.4,2.8,3.4
OR_2019_1,8,56,79,2,3,2.8,3.4
OR_2019_1,8,184,80,1,2.8,2.8,3.4
OR_2019_1,8,61,80,2,3.7,2.8,3.4
OR_2019_1,9,114,81,1,2.9,3,3.3
OR_2019_1,9,96,81,2,3.6,3,3.3
OR_2019_1,9,164,82,1,3,3,3.3
OR_2019_1,9,64,82,2,2.8,3,3.3
OR_2019_1,9,68,83,1,2.5,3,3.3
OR_2019_1,9,196,83,2,3.6,3,3.3
OR_2019_1,9,30,84,1,3.1,3,3.3
OR_2019_1,9,202,84,2,3.3,3,3.3
OR_2019_1,9,120,85,1,2.4,3,3.3
OR_2019_1,9,170,85,2,3.2,3,3.3
OR_2019_1,9,86,86,1,2.4,3,3.3
OR_2019_1,9,16,86,2,3.4,3,3.3
OR_2019_1,9,8,87,1,2.9,3,3.3
OR_2019_1,9,33,87,2,2.8,3,3.3
OR_2019_1,9,201,88,1,3,3,3.3
OR_2019_1,9,23,88,2,3.4,3,3.3
OR_2019_1,9,194,89,1,3.2,3,3.3
OR_2019_1,9,128,89,2,2.6,3,3.3
OR_2019_1,9,73,90,1,3.1,3,3.3
OR_2019_1,9,52,90,2,2,3,3.3
OR_2019_1,10,157,91,1,3,2.9,3.5
OR_2019_1,10,148,91,2,2.9,2.9,3.5
OR_2019_1,10,6,92,1,2.7,2.9,3.5
OR_2019_1,10,80,92,2,2.8,2.9,3.5
OR_2019_1,10,45,93,1,2.8,2.9,3.5
OR_2019_1,10,93,93,2,2.4,2.9,3.5
OR_2019_1,10,147,94,1,3.4,2.9,3.5
OR_2019_1,10,83,94,2,3.6,2.9,3.5
OR_2019_1,10,202,95,1,3.5,2.9,3.5
OR_2019_1,10,125,95,2,2.8,2.9,3.5
OR_2019_1,10,106,96,1,3.2,2.9,3.5
OR_2019_1,10,172,96,2,3.1,2.9,3.5
OR_2019_1,10,127,97,1,3.5,2.9,3.5
OR_2019_1,10,89,97,2,3.1,2.9,3.5
OR_2019_1,10,103,98,1,3,2.9,3.5
OR_2019_1,10,107,98,2,3.1,2.9,3.5
OR_2019_1,10,7,99,1,3.1,2.9,3.5
OR_2019_1,10,201,99,2,2.9,2.9,3.5
OR_2019_1,10,175,100,1,3.3,2.9,3.5
OR_2019_1,10,32,100,2,2.7,2.9,3.5
OR_2019_1,11,11,101,1,3.3,2.6,2.8
OR_2019_1,11,2,101,2,2.3,2.6,2.8
OR_2019_1,11,5,102,1,3.2,2.6,2.8
OR_2019_1,11,201,102,2,2.6,2.6,2.8
OR_2019_1,11,136,103,1,3.5,2.6,2.8
OR_2019_1,11,180,103,2,2.6,2.6,2.8
OR_2019_1,11,26,104,1,3.2,2.6,2.8
OR_2019_1,11,9,104,2,2.2,2.6,2.8
OR_2019_1,11,1,105,1,3.2,2.6,2.8
OR_2019_1,11,53,105,2,2.8,2.6,2.8
OR_2019_1,11,42,106,1,2.8,2.6,2.8
OR_2019_1,11,198,106,2,3,2.6,2.8
OR_2019_1,11,14,107,1,2.3,2.6,2.8
OR_2019_1,11,43,107,2,3.5,2.6,2.8
OR_2019_1,11,130,108,1,3.1,2.6,2.8
OR_2019_1,11,163,108,2,2.9,2.6,2.8
OR_2019_1,11,202,109,1,2.8,2.6,2.8
OR_2019_1,11,97,109,2,3,2.6,2.8
OR_2019_1,11,35,110,1,2.6,2.6,2.8
OR_2019_1,11,124,110,2,3.6,2.6,2.8
OR_2020_1,1,90,1,1,3.4,3.9,4
OR_2020_1,1,34,1,2,3.6,3.9,4
OR_2020_1,1,55,2,1,3.8,3.9,4
OR_2020_1,1,201,2,2,3.9,3.9,4
OR_2020_1,1,192,3,1,3.5,3.9,4
OR_2020_1,1,10,3,2,3.8,3.9,4
OR_2020_1,1,48,4,1,4.1,3.9,4
OR_2020_1,1,145,4,2,3.6,3.9,4
OR_2020_1,1,159,5,1,3.6,3.9,4
OR_2020_1,1,74,5,2,3.7,3.9,4
OR_2020_1,1,95,6,1,3.9,3.9,4
OR_2020_1,1,176,6,2,3.7,3.9,4
OR_2020_1,1,81,7,1,3.8,3.9,4
OR_2020_1,1,190,7,2,3.8,3.9,4
OR_2020_1,1,123,8,1,3.8,3.9,4
OR_2020_1,1,167,8,2,3.8,3.9,4
OR_2020_1,1,160,9,1,3.8,3.9,4
OR_2020_1,1,46,9,2,4.6,3.9,4
OR_2020_1,1,202,10,1,4,3.9,4
OR_2020_1,1,18,10,2,3.6,3.9,4
OR_2020_1,2,121,11,1,3.8,3.7,3.9
OR_2020_1,2,178,11,2,3.8,3.7,3.9
OR_2020_1,2,65,12,1,3.8,3.7,3.9
OR_2020_1,2,173,12,2,3.9,3.7,3.9
OR_2020_1,2,25,13,1,3.9,3.7,3.9
OR_2020_1,2,181,13,2,4,3.7,3.9
OR_2020_1,2,40,14,1,3.9,3.7,3.9
OR_2020_1,2,153,14,2,4.2,3.7,3.9
OR_2020_1,2,201,15,1,3.7,3.7,3.9
OR_2020_1,2,78,15,2,4.1,3.7,3.9
OR_2020_1,2,21,16,1,4,3.7,3.9
OR_2020_1,2,179,16,2,2.9,3.7,3.9
OR_2020_1,2,92,17,1,3.9,3.7,3.9
OR_2020_1,2,59,17,2,3.5,3.7,3.9
OR_2020_1,2,193,18,1,3.8,3.7,3.9
OR_2020_1,2,27,18,2,3.8,3.7,3.9
OR_2020_1,2,94,19,1,3.9,3.7,3.9
OR_2020_1,2,202,19,2,3.9,3.7,3.9
OR_2020_1,2,51,20,1,4.2,3.7,3.9
OR_2020_1,2,99,20,2,3.4,3.7,3.9
OR_2020_1,3,113,21,1,3.9,3.9,3.8
OR_2020_1,3,139,21,2,3.7,3.9,3.8
OR_2020_1,3,37,22,1,3.9,3.9,3.8
OR_2020_1,3,183,22,2,3.9,3.9,3.8
OR_2020_1,3,84,23,1,3.9,3.9,3.8
OR_2020_1,3,189,23,2,3.7,3.9,3.8
OR_2020_1,3,187,24,1,3.9,3.9,3.8
OR_2020_1,3,133,24,2,4,3.9,3.8
OR_2020_1,3,110,25,1,3.8,3.9,3.8
OR_2020_1,3,202,25,2,3.8,3.9,3.8
OR_2020_1,3,79,26,1,3.9,3.9,3.8
OR_2020_1,3,144,26,2,3.9,3.9,3.8
OR_2020_1,3,77,27,1,4,3.9,3.8
OR_2020_1,3,195,27,2,3.8,3.9,3.8
OR_2020_1,3,161,28,1,4,3.9,3.8
OR_2020_1,3,54,28,2,4.2,3.9,3.8
OR_2020_1,3,177,29,1,3.9,3.9,3.8
OR_2020_1,3,104,29,2,4,3.9,3.8
OR_2020_1,3,201,30,1,3.9,3.9,3.8
OR_2020_1,3,4,30,2,3.7,3.9,3.8
OR_2020_1,4,197,31,1,3.9,3.8,3.9
OR_2020_1,4,108,31,2,4.5,3.8,3.9
OR_2020_1,4,49,32,1,4,3.8,3.9
OR_2020_1,4,100,32,2,4.2,3.8,3.9
OR_2020_1,4,201,33,1,3.8,3.8,3.9
OR_2020_1,4,15,33,2,3.8,3.8,3.9
OR_2020_1,4,63,34,1,3.8,3.8,3.9
OR_2020_1,4,13,34,2,3.8,3.8,3.9
OR_2020_1,4,44,35,1,3.9,3.8,3.9
OR_2020_1,4,191,35,2,3.9,3.8,3.9
OR_2020_1,4,115,36,1,3.8,3.8,3.9
OR_2020_1,4,102,36,2,3.8,3.8,3.9
OR_2020_1,4,112,37,1,3.8,3.8,3.9
OR_2020_1,4,202,37,2,3.9,3.8,3.9
OR_2020_1,4,85,38,1,3.9,3.8,3.9
OR_2020_1,4,131,38,2,3.8,3.8,3.9
OR_2020_1,4,67,39,1,3.9,3.8,3.9
OR_2020_1,4,126,39,2,3.9,3.8,3.9
OR_2020_1,4,182,40,1,3.7,3.8,3.9
OR_2020_1,4,47,40,2,3.8,3.8,3.9
OR_2020_1,5,171,41,1,3.9,3.9,3.9
OR_2020_1,5,75,41,2,3.9,3.9,3.9
OR_2020_1,5,119,42,1,3.8,3.9,3.9
OR_2020_1,5,154,42,2,3.8,3.9,3.9
OR_2020_1,5,17,43,1,3.8,3.9,3.9
OR_2020_1,5,201,43,2,3.9,3.9,3.9
OR_2020_1,5,202,44,1,3.9,3.9,3.9
OR_2020_1,5,22,44,2,3.8,3.9,3.9
OR_2020_1,5,50,45,1,4,3.9,3.9
OR_2020_1,5,82,45,2,3.9,3.9,3.9
OR_2020_1,5,62,46,1,3.9,3.9,3.9
OR_2020_1,5,134,46,2,3.8,3.9,3.9
OR_2020_1,5,122,47,1,3.7,3.9,3.9
OR_2020_1,5,29,47,2,4.1,3.9,3.9
OR_2020_1,5,71,48,1,3.8,3.9,3.9
OR_2020_1,5,137,48,2,3.9,3.9,3.9
OR_2020_1,5,39,49,1,3.9,3.9,3.9
OR_2020_1,5,41,49,2,3.9,3.9,3.9
OR_2020_1,5,38,50,1,3.8,3.9,3.9
OR_2020_1,5,28,50,2,3.8,3.9,3.9
OR_2020_1,6,116,51,1,3.8,4.1,3.8
OR_2020_1,6,201,51,2,4.1,4.1,3.8
OR_2020_1,6,156,52,1,3.9,4.1,3.8
OR_2020_1,6,60,52,2,4,4.1,3.8
OR_2020_1,6,140,53,1,4,4.1,3.8
OR_2020_1,6,188,53,2,4,4.1,3.8
OR_2020_1,6,109,54,1,4,4.1,3.8
OR_2020_1,6,76,54,2,3.6,4.1,3.8
OR_2020_1,6,185,55,1,4,4.1,3.8
OR_2020_1,6,101,55,2,4,4.1,3.8
OR_2020_1,6,202,56,1,3.8,4.1,3.8
OR_2020_1,6,146,56,2,3.9,4.1,3.8
OR_2020_1,6,87,57,1,3.8,4.1,3.8
OR_2020_1,6,129,57,2,4.2,4.1,3.8
OR_2020_1,6,155,58,1,3.9,4.1,3.8
OR_2020_1,6,150,58,2,3.8,4.1,3.8
OR_2020_1,6,3,59,1,4,4.1,3.8
OR_2020_1,6,98,59,2,3.9,4.1,3.8
OR_2020_1,6,69,60,1,4,4.1,3.8
OR_2020_1,6,88,60,2,4,4.1,3.8
OR_2020_1,7,165,61,1,4,4.1,3.8
OR_2020_1,7,149,61,2,3.9,4.1,3.8
OR_2020_1,7,201,62,1,4.1,4.1,3.8
OR_2020_1,7,138,62,2,4,4.1,3.8
OR_2020_1,7,152,63,1,4,4.1,3.8
OR_2020_1,7,31,63,2,4.1,4.1,3.8
OR_2020_1,7,151,64,1,3.9,4.1,3.8
OR_2020_1,7,70,64,2,4.1,4.1,3.8
OR_2020_1,7,117,65,1,4,4.1,3.8
OR_2020_1,7,142,65,2,4,4.1,3.8
OR_2020_1,7,166,66,1,3.8,4.1,3.8
OR_2020_1,7,111,66,2,3.9,4.1,3.8
OR_2020_1,7,24,67,1,3.6,4.1,3.8
OR_2020_1,7,186,67,2,4,4.1,3.8
OR_2020_1,7,168,68,1,3.8,4.1,3.8
OR_2020_1,7,143,68,2,3.9,4.1,3.8
OR_2020_1,7,174,69,1,4.1,4.1,3.8
OR_2020_1,7,132,69,2,4,4.1,3.8
OR_2020_1,7,20,70,1,3.8,4.1,3.8
OR_2020_1,7,202,70,2,3.8,4.1,3.8
OR_2020_1,8,66,71,1,3.9,4,3.9
OR_2020_1,8,58,71,2,4.3,4,3.9
OR_2020_1,8,19,72,1,3.8,4,3.9
OR_2020_1,8,36,72,2,3.8,4,3.9
OR_2020_1,8,118,73,1,3.9,4,3.9
OR_2020_1,8,169,73,2,4,4,3.9
OR_2020_1,8,91,74,1,4,4,3.9
OR_2020_1,8,201,74,2,4,4,3.9
OR_2020_1,8,72,75,1,3.9,4,3.9
OR_2020_1,8,105,75,2,4,4,3.9
OR_2020_1,8,141,76,1,3.9,4,3.9
OR_2020_1,8,158,76,2,4.1,4,3.9
OR_2020_1,8,162,77,1,3.9,4,3.9
OR_2020_1,8,135,77,2,4.2,4,3.9
OR_2020_1,8,12,78,1,4,4,3.9
OR_2020_1,8,57,78,2,4,4,3.9
OR_2020_1,8,202,79,1,3.9,4,3.9
OR_2020_1,8,56,79,2,3.9,4,3.9
OR_2020_1,8,184,80,1,3.8,4,3.9
OR_2020_1,8,61,80,2,4.1,4,3.9
OR_2020_1,9,114,81,1,3.9,4,4
OR_2020_1,9,96,81,2,3.8,4,4
OR_2020_1,9,164,82,1,4,4,4
OR_2020_1,9,64,82,2,3.9,4,4
OR_2020_1,9,68,83,1,3.9,4,4
OR_2020_1,9,196,83,2,4,4,4
OR_2020_1,9,30,84,1,4,4,4
OR_2020_1,9,202,84,2,4,4,4
OR_2020_1,9,120,85,1,3.9,4,4
OR_2020_1,9,170,85,2,4,4,4
OR_2020_1,9,86,86,1,4.2,4,4
OR_2020_1,9,16,86,2,4,4,4
OR_2020_1,9,8,87,1,3.9,4,4
OR_2020_1,9,33,87,2,3.9,4,4
OR_2020_1,9,201,88,1,4,4,4
OR_2020_1,9,23,88,2,3.8,4,4
OR_2020_1,9,194,89,1,3.9,4,4
OR_2020_1,9,128,89,2,4,4,4
OR_2020_1,9,73,90,1,3.8,4,4
OR_2020_1,9,52,90,2,3.9,4,4
OR_2020_1,10,157,91,1,3.7,4,3.8
OR_2020_1,10,148,91,2,3.6,4,3.8
OR_2020_1,10,6,92,1,3.9,4,3.8
OR_2020_1,10,80,92,2,3.9,4,3.8
OR_2020_1,10,45,93,1,4,4,3.8
OR_2020_1,10,93,93,2,4,4,3.8
OR_2020_1,10,147,94,1,3.9,4,3.8
OR_2020_1,10,83,94,2,3.8,4,3.8
OR_2020_1,10,202,95,1,3.8,4,3.8
OR_2020_1,10,125,95,2,3.8,4,3.8
OR_2020_1,10,106,96,1,3.8,4,3.8
OR_2020_1,10,172,96,2,4,4,3.8
OR_2020_1,10,127,97,1,4.3,4,3.8
OR_2020_1,10,89,97,2,4,4,3.8
OR_2020_1,10,103,98,1,4,4,3.8
OR_2020_1,10,107,98,2,3.7,4,3.8
OR_2020_1,10,7,99,1,3.8,4,3.8
OR_2020_1,10,201,99,2,4,4,3.8
OR_2020_1,10,175,100,1,3.7,4,3.8
OR_2020_1,10,32,100,2,3.9,4,3.8
OR_2020_1,11,11,101,1,3.8,3.5,4.3
OR_2020_1,11,2,101,2,4,3.5,4.3
OR_2020_1,11,5,102,1,4,3.5,4.3
OR_2020_1,11,201,102,2,3.5,3.5,4.3
OR_2020_1,11,136,103,1,3.9,3.5,4.3
OR_2020_1,11,180,103,2,4,3.5,4.3
OR_2020_1,11,26,104,1,3.9,3.5,4.3
OR_2020_1,11,9,104,2,4.1,3.5,4.3
OR_2020_1,11,1,105,1,4.1,3.5,4.3
OR_2020_1,11,53,105,2,3.9,3.5,4.3
OR_2020_1,11,42,106,1,3.9,3.5,4.3
OR_2020_1,11,198,106,2,4,3.5,4.3
OR_2020_1,11,14,107,1,3.2,3.5,4.3
OR_2020_1,11,43,107,2,3.7,3.5,4.3
OR_2020_1,11,130,108,1,3.3,3.5,4.3
OR_2020_1,11,163,108,2,3.8,3.5,4.3
OR_2020_1,11,202,109,1,4.3,3.5,4.3
OR_2020_1,11,97,109,2,4.2,3.5,4.3
OR_2020_1,11,35,110,1,4.1,3.5,4.3
OR_2020_1,11,124,110,2,4,3.5,4.3
WA_2018_1,1,201,1,1,5.2,5.2,4.4
WA_2018_1,1,162,1,2,3.8,5.2,4.4
WA_2018_1,1,29,1,3,4.8,5.2,4.4
WA_2018_1,1,123,1,4,4.1,5.2,4.4
WA_2018_1,1,139,2,1,2.7,5.2,4.4
WA_2018_1,1,159,2,2,3.7,5.2,4.4
WA_2018_1,1,191,2,3,4.2,5.2,4.4
WA_2018_1,1,126,2,4,5,5.2,4.4
WA_2018_1,1,84,3,1,3.7,5.2,4.4
WA_2018_1,1,121,3,2,4,5.2,4.4
WA_2018_1,1,69,3,3,3,5.2,4.4
WA_2018_1,1,77,3,4,4.1,5.2,4.4
WA_2018_1,1,32,4,1,4.4,5.2,4.4
WA_2018_1,1,202,4,2,4.4,5.2,4.4
WA_2018_1,1,125,4,3,4,5.2,4.4
WA_2018_1,1,133,4,4,4.5,5.2,4.4
WA_2018_1,1,164,5,1,3.9,5.2,4.4
WA_2018_1,1,116,5,2,3,5.2,4.4
WA_2018_1,1,13,5,3,4.1,5.2,4.4
WA_2018_1,1,37,5,4,5,5.2,4.4
WA_2018_1,2,24,6,1,3.4,4.5,5.2
WA_2018_1,2,43,6,2,4,4.5,5.2
WA_2018_1,2,146,6,3,4.3,4.5,5.2
WA_2018_1,2,35,6,4,5.3,4.5,5.2
WA_2018_1,2,107,7,1,4.4,4.5,5.2
WA_2018_1,2,76,7,2,3.8,4.5,5.2
WA_2018_1,2,104,7,3,4.2,4.5,5.2
WA_2018_1,2,202,7,4,5.2,4.5,5.2
WA_2018_1,2,3,8,1,3.5,4.5,5.2
WA_2018_1,2,78,8,2,5.4,4.5,5.2
WA_2018_1,2,195,8,3,3.6,4.5,5.2
WA_2018_1,2,158,8,4,4.9,4.5,5.2
WA_2018_1,2,156,9,1,5.1,4.5,5.2
WA_2018_1,2,34,9,2,3,4.5,5.2
WA_2018_1,2,201,9,3,4.5,4.5,5.2
WA_2018_1,2,82,9,4,5,4.5,5.2
WA_2018_1,2,140,10,1,2.9,4.5,5.2
WA_2018_1,2,90,10,2,2.7,4.5,5.2
WA_2018_1,2,52,10,3,3.6,4.5,5.2
WA_2018_1,2,6,10,4,4.6,4.5,5.2
WA_2018_1,3,177,11,1,4.9,4.8,4.8
WA_2018_1,3,40,11,2,4.3,4.8,4.8
WA_2018_1,3,201,11,3,4.8,4.8,4.8
WA_2018_1,3,91,11,4,4.7,4.8,4.8
WA_2018_1,3,186,12,1,4.6,4.8,4.8
WA_2018_1,3,145,12,2,4.6,4.8,4.8
WA_2018_1,3,189,12,3,4.8,4.8,4.8
WA_2018_1,3,119,12,4,4.7,4.8,4.8
WA_2018_1,3,202,13,1,4.8,4.8,4.8
WA_2018_1,3,111,13,2,3.8,4.8,4.8
WA_2018_1,3,50,13,3,4.5,4.8,4.8
WA_2018_1,3,114,13,4,4.8,4.8,4.8
WA_2018_1,3,185,14,1,4.2,4.8,4.8
WA_2018_1,3,197,14,2,3.6,4.8,4.8
WA_2018_1,3,12,14,3,3.7,4.8,4.8
WA_2018_1,3,66,14,4,4.5,4.8,4.8
WA_2018_1,3,36,15,1,4.5,4.8,4.8
WA_2018_1,3,33,15,2,4.1,4.8,4.8
WA_2018_1,3,182,15,3,4.4,4.8,4.8
WA_2018_1,3,26,15,4,5.2,4.8,4.8
WA_2018_1,4,22,16,1,3.4,3.9,3.9
WA_2018_1,4,136,16,2,3.3,3.9,3.9
WA_2018_1,4,115,16,3,3.9,3.9,3.9
WA_2018_1,4,149,16,4,4.6,3.9,3.9
WA_2018_1,4,56,17,1,3.1,3.9,3.9
WA_2018_1,4,202,17,2,3.9,3.9,3.9
WA_2018_1,4,165,17,3,4.1,3.9,3.9
WA_2018_1,4,53,17,4,3.9,3.9,3.9
WA_2018_1,4,94,18,1,3.8,3.9,3.9
WA_2018_1,4,89,18,2,3.6,3.9,3.9
WA_2018_1,4,131,18,3,3.2,3.9,3.9
WA_2018_1,4,73,18,4,3.5,3.9,3.9
WA_2018_1,4,196,19,1,3.6,3.9,3.9
WA_2018_1,4,68,19,2,3.6,3.9,3.9
WA_2018_1,4,190,19,3,4.1,3.9,3.9
WA_2018_1,4,201,19,4,3.9,3.9,3.9
WA_2018_1,4,179,20,1,4,3.9,3.9
WA_2018_1,4,61,20,2,4.6,3.9,3.9
WA_2018_1,4,120,20,3,3.7,3.9,3.9
WA_2018_1,4,100,20,4,3.6,3.9,3.9
WA_2018_1,5,103,21,1,3.6,4.3,3.4
WA_2018_1,5,128,21,2,4.1,4.3,3.4
WA_2018_1,5,174,21,3,4.2,4.3,3.4
WA_2018_1,5,124,21,4,4,4.3,3.4
WA_2018_1,5,201,22,1,4.3,4.3,3.4
WA_2018_1,5,14,22,2,2.9,4.3,3.4
WA_2018_1,5,108,22,3,4.4,4.3,3.4
WA_2018_1,5,181,22,4,3.7,4.3,3.4
WA_2018_1,5,23,23,1,3.1,4.3,3.4
WA_2018_1,5,172,23,2,3.6,4.3,3.4
WA_2018_1,5,17,23,3,2.8,4.3,3.4
WA_2018_1,5,127,23,4,4.3,4.3,3.4
WA_2018_1,5,138,24,1,4.4,4.3,3.4
WA_2018_1,5,67,24,2,3.6,4.3,3.4
WA_2018_1,5,202,24,3,3.4,4.3,3.4
WA_2018_1,5,99,24,4,3.5,4.3,3.4
WA_2018_1,5,106,25,1,3.4,4.3,3.4
WA_2018_1,5,161,25,2,4,4.3,3.4
WA_2018_1,5,87,25,3,3.6,4.3,3.4
WA_2018_1,5,130,25,4,4.1,4.3,3.4
WA_2018_1,6,202,26,1,3.8,4.2,3.8
WA_2018_1,6,19,26,2,3.7,4.2,3.8
WA_2018_1,6,151,26,3,4.1,4.2,3.8
WA_2018_1,6,188,26,4,3.4,4.2,3.8
WA_2018_1,6,176,27,1,4.7,4.2,3.8
WA_2018_1,6,80,27,2,3.8,4.2,3.8
WA_2018_1,6,5,27,3,3.3,4.2,3.8
WA_2018_1,6,154,27,4,3.7,4.2,3.8
WA_2018_1,6,79,28,1,3.9,4.2,3.8
WA_2018_1,6,118,28,2,4,4.2,3.8
WA_2018_1,6,117,28,3,4.7,4.2,3.8
WA_2018_1,6,183,28,4,3.5,4.2,3.8
WA_2018_1,6,25,29,1,3.9,4.2,3.8
WA_2018_1,6,113,29,2,3,4.2,3.8
WA_2018_1,6,46,29,3,3.8,4.2,3.8
WA_2018_1,6,201,29,4,4.2,4.2,3.8
WA_2018_1,6,171,30,1,3.3,4.2,3.8
WA_2018_1,6,95,30,2,3.7,4.2,3.8
WA_2018_1,6,41,30,3,4.1,4.2,3.8
WA_2018_1,6,71,30,4,3.1,4.2,3.8
WA_2018_1,7,143,31,1,4,4.4,3.3
WA_2018_1,7,150,31,2,3.5,4.4,3.3
WA_2018_1,7,202,31,3,3.3,4.4,3.3
WA_2018_1,7,38,31,4,3.1,4.4,3.3
WA_2018_1,7,54,32,1,3.4,4.4,3.3
WA_2018_1,7,135,32,2,3.9,4.4,3.3
WA_2018_1,7,11,32,3,3.3,4.4,3.3
WA_2018_1,7,72,32,4,3.2,4.4,3.3
WA_2018_1,7,163,33,1,3.4,4.4,3.3
WA_2018_1,7,64,33,2,3.4,4.4,3.3
WA_2018_1,7,45,33,3,3.3,4.4,3.3
WA_2018_1,7,27,33,4,3.2,4.4,3.3
WA_2018_1,7,192,34,1,3.3,4.4,3.3
WA_2018_1,7,201,34,2,4.4,4.4,3.3
WA_2018_1,7,51,34,3,3.9,4.4,3.3
WA_2018_1,7,8,34,4,3,4.4,3.3
WA_2018_1,7,70,35,1,2.8,4.4,3.3
WA_2018_1,7,74,35,2,3.3,4.4,3.3
WA_2018_1,7,129,35,3,3.6,4.4,3.3
WA_2018_1,7,18,35,4,3.8,4.4,3.3
WA_2018_1,8,98,36,1,4,4,4.2
WA_2018_1,8,93,36,2,3.5,4,4.2
WA_2018_1,8,112,36,3,3.4,4,4.2
WA_2018_1,8,170,36,4,3.8,4,4.2
WA_2018_1,8,193,37,1,3.8,4,4.2
WA_2018_1,8,137,37,2,3.4,4,4.2
WA_2018_1,8,180,37,3,3.6,4,4.2
WA_2018_1,8,44,37,4,3.6,4,4.2
WA_2018_1,8,58,38,1,5.3,4,4.2
WA_2018_1,8,141,38,2,2.9,4,4.2
WA_2018_1,8,169,38,3,3.1,4,4.2
WA_2018_1,8,10,38,4,2.9,4,4.2
WA_2018_1,8,201,39,1,4,4,4.2
WA_2018_1,8,47,39,2,3.8,4,4.2
WA_2018_1,8,28,39,3,3.3,4,4.2
WA_2018_1,8,75,39,4,3.8,4,4.2
WA_2018_1,8,194,40,1,4.2,4,4.2
WA_2018_1,8,42,40,2,3.5,4,4.2
WA_2018_1,8,48,40,3,3.1,4,4.2
WA_2018_1,8,202,40,4,4.2,4,4.2
WA_2018_1,9,110,41,1,3.4,4,3.7
WA_2018_1,9,63,41,2,2.9,4,3.7
WA_2018_1,9,31,41,3,3.1,4,3.7
WA_2018_1,9,97,41,4,3.5,4,3.7
WA_2018_1,9,55,42,1,3.4,4,3.7
WA_2018_1,9,201,42,2,4,4,3.7
WA_2018_1,9,16,42,3,2.7,4,3.7
WA_2018_1,9,184,42,4,3.4,4,3.7
WA_2018_1,9,7,43,1,3.5,4,3.7
WA_2018_1,9,102,43,2,3.6,4,3.7
WA_2018_1,9,202,43,3,3.7,4,3.7
WA_2018_1,9,4,43,4,2.9,4,3.7
WA_2018_1,9,155,44,1,3.5,4,3.7
WA_2018_1,9,173,44,2,3.7,4,3.7
WA_2018_1,9,122,44,3,3.8,4,3.7
WA_2018_1,9,132,44,4,3.3,4,3.7
WA_2018_1,9,187,45,1,3.3,4,3.7
WA_2018_1,9,175,45,2,3.6,4,3.7
WA_2018_1,9,20,45,3,3,4,3.7
WA_2018_1,9,86,45,4,3.5,4,3.7
WA_2018_1,10,96,46,1,3.4,4.3,4
WA_2018_1,10,198,46,2,3.5,4.3,4
WA_2018_1,10,92,46,3,2.7,4.3,4
WA_2018_1,10,49,46,4,2.8,4.3,4
WA_2018_1,10,101,47,1,3.7,4.3,4
WA_2018_1,10,166,47,2,3.6,4.3,4
WA_2018_1,10,1,47,3,3.5,4.3,4
WA_2018_1,10,57,47,4,3,4.3,4
WA_2018_1,10,142,48,1,3.5,4.3,4
WA_2018_1,10,88,48,2,3,4.3,4
WA_2018_1,10,21,48,3,2.9,4.3,4
WA_2018_1,10,178,48,4,3.9,4.3,4
WA_2018_1,10,202,49,1,4,4.3,4
WA_2018_1,10,148,49,2,3.1,4.3,4
WA_2018_1,10,15,49,3,2.5,4.3,4
WA_2018_1,10,85,49,4,3.4,4.3,4
WA_2018_1,10,153,50,1,4.2,4.3,4
WA_2018_1,10,201,50,2,4.3,4.3,4
WA_2018_1,10,105,50,3,3.1,4.3,4
WA_2018_1,10,59,50,4,3.3,4.3,4
WA_2018_1,11,152,51,1,3.4,4.2,3.1
WA_2018_1,11,134,51,2,2.7,4.2,3.1
WA_2018_1,11,202,51,3,3.1,4.2,3.1
WA_2018_1,11,167,51,4,3.2,4.2,3.1
WA_2018_1,11,39,52,1,3,4.2,3.1
WA_2018_1,11,83,52,2,3.4,4.2,3.1
WA_2018_1,11,109,52,3,2.9,4.2,3.1
WA_2018_1,11,2,52,4,4.1,4.2,3.1
WA_2018_1,11,160,53,1,3.1,4.2,3.1
WA_2018_1,11,168,53,2,3.1,4.2,3.1
WA_2018_1,11,147,53,3,3.8,4.2,3.1
WA_2018_1,11,9,53,4,3.2,4.2,3.1
WA_2018_1,11,81,54,1,3.7,4.2,3.1
WA_2018_1,11,62,54,2,3.4,4.2,3.1
WA_2018_1,11,157,54,3,3.4,4.2,3.1
WA_2018_1,11,60,54,4,3.7,4.2,3.1
WA_2018_1,11,144,55,1,4.4,4.2,3.1
WA_2018_1,11,30,55,2,2.7,4.2,3.1
WA_2018_1,11,65,55,3,3.5,4.2,3.1
WA_2018_1,11,201,55,4,4.2,4.2,3.1
WA_2019_1,1,201,1,1,2.9,2.9,2.9
WA_2019_1,1,162,1,2,2.8,2.9,2.9
WA_2019_1,1,29,1,3,2.9,2.9,2.9
WA_2019_1,1,123,1,4,2.7,2.9,2.9
WA_2019_1,1,139,2,1,2.8,2.9,2.9
WA_2019_1,1,159,2,2,2.8,2.9,2.9
WA_2019_1,1,191,2,3,2.6,2.9,2.9
WA_2019_1,1,126,2,4,3.2,2.9,2.9
WA_2019_1,1,84,3,1,3,2.9,2.9
WA_2019_1,1,121,3,2,2.7,2.9,2.9
WA_2019_1,1,69,3,3,2.6,2.9,2.9
WA_2019_1,1,77,3,4,2.6,2.9,2.9
WA_2019_1,1,32,4,1,2.2,2.9,2.9
WA_2019_1,1,202,4,2,2.9,2.9,2.9
WA_2019_1,1,125,4,3,2.5,2.9,2.9
WA_2019_1,1,133,4,4,2.9,2.9,2.9
WA_2019_1,1,164,5,1,2.3,2.9,2.9
WA_2019_1,1,116,5,2,2.6,2.9,2.9
WA_2019_1,1,13,5,3,2.9,2.9,2.9
WA_2019_1,1,37,5,4,2.6,2.9,2.9
WA_2019_1,2,24,6,1,3,2.7,2.8
WA_2019_1,2,43,6,2,2.6,2.7,2.8
WA_2019_1,2,146,6,3,2.7,2.7,2.8
WA_2019_1,2,35,6,4,2.6,2.7,2.8
WA_2019_1,2,107,7,1,3.1,2.7,2.8
WA_2019_1,2,76,7,2,2.8,2.7,2.8
WA_2019_1,2,104,7,3,2.7,2.7,2.8
WA_2019_1,2,202,7,4,2.8,2.7,2.8
WA_2019_1,2,3,8,1,3,2.7,2.8
WA_2019_1,2,78,8,2,3.1,2.7,2.8
WA_2019_1,2,195,8,3,2.8,2.7,2.8
WA_2019_1,2,158,8,4,3,2.7,2.8
WA_2019_1,2,156,9,1,3,2.7,2.8
WA_2019_1,2,34,9,2,3,2.7,2.8
WA_2019_1,2,201,9,3,2.7,2.7,2.8
WA_2019_1,2,82,9,4,3.1,2.7,2.8
WA_2019_1,2,140,10,1,2.8,2.7,2.8
WA_2019_1,2,90,10,2,2.7,2.7,2.8
WA_2019_1,2,52,10,3,2.7,2.7,2.8
WA_2019_1,2,6,10,4,2.6,2.7,2.8
WA_2019_1,3,177,11,1,2.6,3,3.4
WA_2019_1,3,40,11,2,2.9,3,3.4
WA_2019_1,3,201,11,3,3,3,3.4
WA_2019_1,3,91,11,4,2.8,3,3.4
WA_2019_1,3,186,12,1,2.9,3,3.4
WA_2019_1,3,145,12,2,2.5,3,3.4
WA_2019_1,3,189,12,3,2.8,3,3.4
WA_2019_1,3,119,12,4,2.8,3,3.4
WA_2019_1,3,202,13,1,3.4,3,3.4
WA_2019_1,3,111,13,2,2.7,3,3.4
WA_2019_1,3,50,13,3,2.6,3,3.4
WA_2019_1,3,114,13,4,2.8,3,3.4
WA_2019_1,3,185,14,1,2.6,3,3.4
WA_2019_1,3,197,14,2,2.8,3,3.4
WA_2019_1,3,12,14,3,2.5,3,3.4
WA_2019_1,3,66,14,4,2.9,3,3.4
WA_2019_1,3,36,15,1,3,3,3.4
WA_2019_1,3,33,15,2,2.8,3,3.4
WA_2019_1,3,182,15,3,3,3,3.4
WA_2019_1,3,26,15,4,3,3,3.4
WA_2019_1,4,22,16,1,2.7,2.9,2.8
WA_2019_1,4,136,16,2,2.8,2.9,2.8
WA_2019_1,4,115,16,3,2.8,2.9,2.8
WA_2019_1,4,149,16,4,2.7,2.9,2.8
WA_2019_1,4,56,17,1,3.3,2.9,2.8
WA_2019_1,4,202,17,2,2.8,2.9,2.8
WA_2019_1,4,165,17,3,3,2.9,2.8
WA_2019_1,4,53,17,4,2.8,2.9,2.8
WA_2019_1,4,94,18,1,2.8,2.9,2.8
WA_2019_1,4,89,18,2,2.7,2.9,2.8
WA_2019_1,4,131,18,3,2.7,2.9,2.8
WA_2019_1,4,73,18,4,2.7,2.9,2.8
WA_2019_1,4,196,19,1,3.2,2.9,2.8
WA_2019_1,4,68,19,2,2.6,2.9,2.8
WA_2019_1,4,190,19,3,2.6,2.9,2.8
WA_2019_1,4,201,19,4,2.9,2.9,2.8
WA_2019_1,4,179,20,1,2.9,2.9,2.8
WA_2019_1,4,61,20,2,3.1,2.9,2.8
WA_2019_1,4,120,20,3,2.6,2.9,2.8
WA_2019_1,4,100,20,4,2.7,2.9,2.8
WA_2019_1,5,103,21,1,2.9,3,2.8
WA_2019_1,5,128,21,2,2.6,3,2.8
WA_2019_1,5,174,21,3,2.8,3,2.8
WA_2019_1,5,124,21,4,3,3,2.8
WA_2019_1,5,201,22,1,3,3,2.8
WA_2019_1,5,14,22,2,2.9,3,2.8
WA_2019_1,5,108,22,3,2.9,3,2.8
WA_2019_1,5,181,22,4,2.6,3,2.8
WA_2019_1,5,23,23,1,3.1,3,2.8
WA_2019_1,5,172,23,2,2.6,3,2.8
WA_2019_1,5,17,23,3,2.6,3,2.8
WA_2019_1,5,127,23,4,3,3,2.8
WA_2019_1,5,138,24,1,3.1,3,2.8
WA_2019_1,5,67,24,2,2.5,3,2.8
WA_2019_1,5,202,24,3,2.8,3,2.8
WA_2019_1,5,99,24,4,3,3,2.8
WA_2019_1,5,106,25,1,2.8,3,2.8
WA_2019_1,5,161,25,2,2.5,3,2.8
WA_2019_1,5,87,25,3,2.8,3,2.8
WA_2019_1,5,130,25,4,3.1,3,2.8
WA_2019_1,6,202,26,1,3.2,3,3.2
WA_2019_1,6,19,26,2,2.7,3,3.2
WA_2019_1,6,151,26,3,2.9,3,3.2
WA_2019_1,6,188,26,4,2.6,3,3.2
WA_2019_1,6,176,27,1,3.1,3,3.2
WA_2019_1,6,80,27,2,2.5,3,3.2
WA_2019_1,6,5,27,3,2.7,3,3.2
WA_2019_1,6,154,27,4,3.1,3,3.2
WA_2019_1,6,79,28,1,2.9,3,3.2
WA_2019_1,6,118,28,2,2.7,3,3.2
WA_2019_1,6,117,28,3,2.7,3,3.2
WA_2019_1,6,183,28,4,3,3,3.2
WA_2019_1,6,25,29,1,2.6,3,3.2
WA_2019_1,6,113,29,2,2.9,3,3.2
WA_2019_1,6,46,29,3,3.2,3,3.2
WA_2019_1,6,201,29,4,3,3,3.2
WA_2019_1,6,171,30,1,2.5,3,3.2
WA_2019_1,6,95,30,2,2.6,3,3.2
WA_2019_1,6,41,30,3,2.8,3,3.2
WA_2019_1,6,71,30,4,2.6,3,3.2
WA_2019_1,7,143,31,1,3.1,2.6,3.1
WA_2019_1,7,150,31,2,2.6,2.6,3.1
WA_2019_1,7,202,31,3,3.1,2.6,3.1
WA_2019_1,7,38,31,4,3,2.6,3.1
WA_2019_1,7,54,32,1,2.7,2.6,3.1
WA_2019_1,7,135,32,2,2.5,2.6,3.1
WA_2019_1,7,11,32,3,2.7,2.6,3.1
WA_2019_1,7,72,32,4,2.9,2.6,3.1
WA_2019_1,7,163,33,1,3.1,2.6,3.1
WA_2019_1,7,64,33,2,2.7,2.6,3.1
WA_2019_1,7,45,33,3,3,2.6,3.1
WA_2019_1,7,27,33,4,2.7,2.6,3.1
WA_2019_1,7,192,34,1,2.8,2.6,3.1
WA_2019_1,7,201,34,2,2.6,2.6,3.1
WA_2019_1,7,51,34,3,2.9,2.6,3.1
WA_2019_1,7,8,34,4,2.9,2.6,3.1
WA_2019_1,7,70,35,1,2.9,2.6,3.1
WA_2019_1,7,74,35,2,2.9,2.6,3.1
WA_2019_1,7,129,35,3,3,2.6,3.1
WA_2019_1,7,18,35,4,2.6,2.6,3.1
WA_2019_1,8,98,36,1,2.8,2.7,3.2
WA_2019_1,8,93,36,2,2.8,2.7,3.2
WA_2019_1,8,112,36,3,3,2.7,3.2
WA_2019_1,8,170,36,4,2.9,2.7,3.2
WA_2019_1,8,193,37,1,3.1,2.7,3.2
WA_2019_1,8,137,37,2,2.8,2.7,3.2
WA_2019_1,8,180,37,3,2.8,2.7,3.2
WA_2019_1,8,44,37,4,2.8,2.7,3.2
WA_2019_1,8,58,38,1,2.9,2.7,3.2
WA_2019_1,8,141,38,2,2.4,2.7,3.2
WA_2019_1,8,169,38,3,2.8,2.7,3.2
WA_2019_1,8,10,38,4,2.7,2.7,3.2
WA_2019_1,8,201,39,1,2.7,2.7,3.2
WA_2019_1,8,47,39,2,2.1,2.7,3.2
WA_2019_1,8,28,39,3,2.6,2.7,3.2
WA_2019_1,8,75,39,4,2.8,2.7,3.2
WA_2019_1,8,194,40,1,3.1,2.7,3.2
WA_2019_1,8,42,40,2,2.5,2.7,3.2
WA_2019_1,8,48,40,3,3.1,2.7,3.2
WA_2019_1,8,202,40,4,3.2,2.7,3.2
WA_2019_1,9,110,41,1,2.7,2.5,2.8
WA_2019_1,9,63,41,2,2.9,2.5,2.8
WA_2019_1,9,31,41,3,2.8,2.5,2.8
WA_2019_1,9,97,41,4,2.9,2.5,2.8
WA_2019_1,9,55,42,1,2.6,2.5,2.8
WA_2019_1,9,201,42,2,2.5,2.5,2.8
WA_2019_1,9,16,42,3,2.8,2.5,2.8
WA_2019_1,9,184,42,4,2.8,2.5,2.8
WA_2019_1,9,7,43,1,2.6,2.5,2.8
WA_2019_1,9,102,43,2,2.8,2.5,2.8
WA_2019_1,9,202,43,3,2.8,2.5,2.8
WA_2019_1,9,4,43,4,2.6,2.5,2.8
WA_2019_1,9,155,44,1,2.8,2.5,2.8
WA_2019_1,9,173,44,2,2.9,2.5,2.8
WA_2019_1,9,122,44,3,2.9,2.5,2.8
WA_2019_1,9,132,44,4,2.6,2.5,2.8
WA_2019_1,9,187,45,1,2.7,2.5,2.8
WA_2019_1,9,175,45,2,2.9,2.5,2.8
WA_2019_1,9,20,45,3,2.6,2.5,2.8
WA_2019_1,9,86,45,4,3,2.5,2.8
WA_2019_1,10,96,46,1,2.9,2.9,3.2
WA_2019_1,10,198,46,2,2.9,2.9,3.2
WA_2019_1,10,92,46,3,2.8,2.9,3.2
WA_2019_1,10,49,46,4,2.9,2.9,3.2
WA_2019_1,10,101,47,1,2.9,2.9,3.2
WA_2019_1,10,166,47,2,2.9,2.9,3.2
WA_2019_1,10,1,47,3,2.8,2.9,3.2
WA_2019_1,10,57,47,4,2.3,2.9,3.2
WA_2019_1,10,142,48,1,2.8,2.9,3.2
WA_2019_1,10,88,48,2,3,2.9,3.2
WA_2019_1,10,21,48,3,2.8,2.9,3.2
WA_2019_1,10,178,48,4,2.8,2.9,3.2
WA_2019_1,10,202,49,1,3.2,2.9,3.2
WA_2019_1,10,148,49,2,3,2.9,3.2
WA_2019_1,10,15,49,3,2.7,2.9,3.2
WA_2019_1,10,85,49,4,2.4,2.9,3.2
WA_2019_1,10,153,50,1,3.1,2.9,3.2
WA_2019_1,10,201,50,2,2.9,2.9,3.2
WA_2019_1,10,105,50,3,2.9,2.9,3.2
WA_2019_1,10,59,50,4,2.8,2.9,3.2
WA_2019_1,11,152,51,1,2.9,2.7,2.6
WA_2019_1,11,134,51,2,2.9,2.7,2.6
WA_2019_1,11,202,51,3,2.6,2.7,2.6
WA_2019_1,11,167,51,4,2.5,2.7,2.6
WA_2019_1,11,39,52,1,2.9,2.7,2.6
WA_2019_1,11,83,52,2,3,2.7,2.6
WA_2019_1,11,109,52,3,2.7,2.7,2.6
WA_2019_1,11,2,52,4,2.3,2.7,2.6
WA_2019_1,11,160,53,1,2.7,2.7,2.6
WA_2019_1,11,168,53,2,2.6,2.7,2.6
WA_2019_1,11,147,53,3,2.9,2.7,2.6
WA_2019_1,11,9,53,4,3,2.7,2.6
WA_2019_1,11,81,54,1,2.8,2.7,2.6
WA_2019_1,11,62,54,2,2.5,2.7,2.6
WA_2019_1,11,157,54,3,2.9,2.7,2.6
WA_2019_1,11,60,54,4,2.7,2.7,2.6
WA_2019_1,11,144,55,1,2.8,2.7,2.6
WA_2019_1,11,30,55,2,2.8,2.7,2.6
WA_2019_1,11,65,55,3,2.9,2.7,2.6
WA_2019_1,11,201,55,4,2.7,2.7,2.6
WA_2019_2,1,201,1,1,2.3,2.3,2.3
WA_2019_2,1,162,1,2,2.6,2.3,2.3
WA_2019_2,1,29,1,3,1,2.3,2.3
WA_2019_2,1,123,1,4,2.3,2.3,2.3
WA_2019_2,1,139,2,1,2.4,2.3,2.3
WA_2019_2,1,159,2,2,2.4,2.3,2.3
WA_2019_2,1,191,2,3,2,2.3,2.3
WA_2019_2,1,126,2,4,2.1,2.3,2.3
WA_2019_2,1,84,3,1,2.3,2.3,2.3
WA_2019_2,1,121,3,2,2.4,2.3,2.3
WA_2019_2,1,69,3,3,2.1,2.3,2.3
WA_2019_2,1,77,3,4,2.4,2.3,2.3
WA_2019_2,1,32,4,1,2.3,2.3,2.3
WA_2019_2,1,202,4,2,2.3,2.3,2.3
WA_2019_2,1,125,4,3,1.3,2.3,2.3
WA_2019_2,1,133,4,4,2.1,2.3,2.3
WA_2019_2,1,164,5,1,2.3,2.3,2.3
WA_2019_2,1,116,5,2,1.6,2.3,2.3
WA_2019_2,1,13,5,3,1.9,2.3,2.3
WA_2019_2,1,37,5,4,1.2,2.3,2.3
WA_2019_2,2,24,6,1,2.2,2.7,2.3
WA_2019_2,2,43,6,2,1.9,2.7,2.3
WA_2019_2,2,146,6,3,2.6,2.7,2.3
WA_2019_2,2,35,6,4,2.8,2.7,2.3
WA_2019_2,2,107,7,1,2.6,2.7,2.3
WA_2019_2,2,76,7,2,1.9,2.7,2.3
WA_2019_2,2,104,7,3,2.5,2.7,2.3
WA_2019_2,2,202,7,4,2.3,2.7,2.3
WA_2019_2,2,3,8,1,2,2.7,2.3
WA_2019_2,2,78,8,2,1.2,2.7,2.3
WA_2019_2,2,195,8,3,2.2,2.7,2.3
WA_2019_2,2,158,8,4,2.8,2.7,2.3
WA_2019_2,2,156,9,1,2.2,2.7,2.3
WA_2019_2,2,34,9,2,2.3,2.7,2.3
WA_2019_2,2,201,9,3,2.7,2.7,2.3
WA_2019_2,2,82,9,4,1.9,2.7,2.3
WA_2019_2,2,140,10,1,1.9,2.7,2.3
WA_2019_2,2,90,10,2,1.3,2.7,2.3
WA_2019_2,2,52,10,3,0.9,2.7,2.3
WA_2019_2,2,6,10,4,2,2.7,2.3
WA_2019_2,3,177,11,1,2.5,1.7,1.5
WA_2019_2,3,40,11,2,1.6,1.7,1.5
WA_2019_2,3,201,11,3,1.7,1.7,1.5
WA_2019_2,3,91,11,4,2.1,1.7,1.5
WA_2019_2,3,186,12,1,2.5,1.7,1.5
WA_2019_2,3,145,12,2,1.8,1.7,1.5
WA_2019_2,3,189,12,3,2.6,1.7,1.5
WA_2019_2,3,119,12,4,1.9,1.7,1.5
WA_2019_2,3,202,13,1,1.5,1.7,1.5
WA_2019_2,3,111,13,2,1.6,1.7,1.5
WA_2019_2,3,50,13,3,2.3,1.7,1.5
WA_2019_2,3,114,13,4,2.4,1.7,1.5
WA_2019_2,3,185,14,1,2.6,1.7,1.5
WA_2019_2,3,197,14,2,2.4,1.7,1.5
WA_2019_2,3,12,14,3,1.2,1.7,1.5
WA_2019_2,3,66,14,4,2.7,1.7,1.5
WA_2019_2,3,36,15,1,1.9,1.7,1.5
WA_2019_2,3,33,15,2,1.8,1.7,1.5
WA_2019_2,3,182,15,3,2.4,1.7,1.5
WA_2019_2,3,26,15,4,1.9,1.7,1.5
WA_2019_2,4,22,16,1,2.4,1.8,2.6
WA_2019_2,4,136,16,2,1,1.8,2.6
WA_2019_2,4,115,16,3,2.4,1.8,2.6
WA_2019_2,4,149,16,4,2.3,1.8,2.6
WA_2019_2,4,56,17,1,2.9,1.8,2.6
WA_2019_2,4,202,17,2,2.6,1.8,2.6
WA_2019_2,4,165,17,3,2.5,1.8,2.6
WA_2019_2,4,53,17,4,2.7,1.8,2.6
WA_2019_2,4,94,18,1,2.2,1.8,2.6
WA_2019_2,4,89,18,2,2.2,1.8,2.6
WA_2019_2,4,131,18,3,2.5,1.8,2.6
WA_2019_2,4,73,18,4,2.2,1.8,2.6
WA_2019_2,4,196,19,1,2.4,1.8,2.6
WA_2019_2,4,68,19,2,2,1.8,2.6
WA_2019_2,4,190,19,3,2.9,1.8,2.6
WA_2019_2,4,201,19,4,1.8,1.8,2.6
WA_2019_2,4,179,20,1,2.2,1.8,2.6
WA_2019_2,4,61,20,2,2.6,1.8,2.6
WA_2019_2,4,120,20,3,2.5,1.8,2.6
WA_2019_2,4,100,20,4,2,1.8,2.6
WA_2019_2,5,103,21,1,2.3,2.1,2.7
WA_2019_2,5,128,21,2,1.7,2.1,2.7
WA_2019_2,5,174,21,3,2.3,2.1,2.7
WA_2019_2,5,124,21,4,2.2,2.1,2.7
WA_2019_2,5,201,22,1,2.1,2.1,2.7
WA_2019_2,5,14,22,2,2.4,2.1,2.7
WA_2019_2,5,108,22,3,2.6,2.1,2.7
WA_2019_2,5,181,22,4,2.5,2.1,2.7
WA_2019_2,5,23,23,1,2.3,2.1,2.7
WA_2019_2,5,172,23,2,2.1,2.1,2.7
WA_2019_2,5,17,23,3,2,2.1,2.7
WA_2019_2,5,127,23,4,1.7,2.1,2.7
WA_2019_2,5,138,24,1,2.2,2.1,2.7
WA_2019_2,5,67,24,2,2.9,2.1,2.7
WA_2019_2,5,202,24,3,2.7,2.1,2.7
WA_2019_2,5,99,24,4,2.5,2.1,2.7
WA_2019_2,5,106,25,1,2.4,2.1,2.7
WA_2019_2,5,161,25,2,2.5,2.1,2.7
WA_2019_2,5,87,25,3,2.2,2.1,2.7
WA_2019_2,5,130,25,4,2.5,2.1,2.7
WA_2019_2,6,202,26,1,2.5,2.3,2.5
WA_2019_2,6,19,26,2,1.9,2.3,2.5
WA_2019_2,6,151,26,3,2.5,2.3,2.5
WA_2019_2,6,188,26,4,2.2,2.3,2.5
WA_2019_2,6,176,27,1,2.5,2.3,2.5
WA_2019_2,6,80,27,2,2.5,2.3,2.5
WA_2019_2,6,5,27,3,2.5,2.3,2.5
WA_2019_2,6,154,27,4,2.6,2.3,2.5
WA_2019_2,6,79,28,1,2.6,2.3,2.5
WA_2019_2,6,118,28,2,2.1,2.3,2.5
WA_2019_2,6,117,28,3,2.4,2.3,2.5
WA_2019_2,6,183,28,4,2.1,2.3,2.5
WA_2019_2,6,25,29,1,2.7,2.3,2.5
WA_2019_2,6,113,29,2,2.4,2.3,2.5
WA_2019_2,6,46,29,3,1.6,2.3,2.5
WA_2019_2,6,201,29,4,2.3,2.3,2.5
WA_2019_2,6,171,30,1,2,2.3,2.5
WA_2019_2,6,95,30,2,2.5,2.3,2.5
WA_2019_2,6,41,30,3,2.3,2.3,2.5
WA_2019_2,6,71,30,4,2,2.3,2.5
WA_2019_2,7,143,31,1,2.1,2.4,2.5
WA_2019_2,7,150,31,2,2.5,2.4,2.5
WA_2019_2,7,202,31,3,2.5,2.4,2.5
WA_2019_2,7,38,31,4,2.1,2.4,2.5
WA_2019_2,7,54,32,1,2.5,2.4,2.5
WA_2019_2,7,135,32,2,2.2,2.4,2.5
WA_2019_2,7,11,32,3,2.1,2.4,2.5
WA_2019_2,7,72,32,4,2,2.4,2.5
WA_2019_2,7,163,33,1,2.4,2.4,2.5
WA_2019_2,7,64,33,2,2.7,2.4,2.5
WA_2019_2,7,45,33,3,1.9,2.4,2.5
WA_2019_2,7,27,33,4,1.4,2.4,2.5
WA_2019_2,7,192,34,1,2.3,2.4,2.5
WA_2019_2,7,201,34,2,2.4,2.4,2.5
WA_2019_2,7,51,34,3,1.9,2.4,2.5
WA_2019_2,7,8,34,4,1.2,2.4,2.5
WA_2019_2,7,70,35,1,2.6,2.4,2.5
WA_2019_2,7,74,35,2,1.4,2.4,2.5
WA_2019_2,7,129,35,3,2.3,2.4,2.5
WA_2019_2,7,18,35,4,2.1,2.4,2.5
WA_2019_2,8,98,36,1,2.3,2.5,2.8
WA_2019_2,8,93,36,2,2.4,2.5,2.8
WA_2019_2,8,112,36,3,1.7,2.5,2.8
WA_2019_2,8,170,36,4,2.4,2.5,2.8
WA_2019_2,8,193,37,1,2.5,2.5,2.8
WA_2019_2,8,137,37,2,1.8,2.5,2.8
WA_2019_2,8,180,37,3,2.7,2.5,2.8
WA_2019_2,8,44,37,4,2.2,2.5,2.8
WA_2019_2,8,58,38,1,2.2,2.5,2.8
WA_2019_2,8,141,38,2,2.6,2.5,2.8
WA_2019_2,8,169,38,3,2.5,2.5,2.8
WA_2019_2,8,10,38,4,2.2,2.5,2.8
WA_2019_2,8,201,39,1,2.5,2.5,2.8
WA_2019_2,8,47,39,2,2.7,2.5,2.8
WA_2019_2,8,28,39,3,1.2,2.5,2.8
WA_2019_2,8,75,39,4,1.4,2.5,2.8
WA_2019_2,8,194,40,1,2.3,2.5,2.8
WA_2019_2,8,42,40,2,1.3,2.5,2.8
WA_2019_2,8,48,40,3,2.1,2.5,2.8
WA_2019_2,8,202,40,4,2.8,2.5,2.8
WA_2019_2,9,110,41,1,2.8,2.4,1.8
WA_2019_2,9,63,41,2,1.7,2.4,1.8
WA_2019_2,9,31,41,3,1.9,2.4,1.8
WA_2019_2,9,97,41,4,1.3,2.4,1.8
WA_2019_2,9,55,42,1,2.6,2.4,1.8
WA_2019_2,9,201,42,2,2.4,2.4,1.8
WA_2019_2,9,16,42,3,1.8,2.4,1.8
WA_2019_2,9,184,42,4,2.5,2.4,1.8
WA_2019_2,9,7,43,1,2.3,2.4,1.8
WA_2019_2,9,102,43,2,2.3,2.4,1.8
WA_2019_2,9,202,43,3,1.8,2.4,1.8
WA_2019_2,9,4,43,4,2,2.4,1.8
WA_2019_2,9,155,44,1,2.4,2.4,1.8
WA_2019_2,9,173,44,2,2.5,2.4,1.8
WA_2019_2,9,122,44,3,2.4,2.4,1.8
WA_2019_2,9,132,44,4,1.3,2.4,1.8
WA_2019_2,9,187,45,1,2.3,2.4,1.8
WA_2019_2,9,175,45,2,2.4,2.4,1.8
WA_2019_2,9,20,45,3,2.5,2.4,1.8
WA_2019_2,9,86,45,4,2.5,2.4,1.8
WA_2019_2,10,96,46,1,2.4,1.6,2.1
WA_2019_2,10,198,46,2,2.3,1.6,2.1
WA_2019_2,10,92,46,3,2.5,1.6,2.1
WA_2019_2,10,49,46,4,2.1,1.6,2.1
WA_2019_2,10,101,47,1,2.4,1.6,2.1
WA_2019_2,10,166,47,2,3,1.6,2.1
WA_2019_2,10,1,47,3,2.7,1.6,2.1
WA_2019_2,10,57,47,4,1.2,1.6,2.1
WA_2019_2,10,142,48,1,2.8,1.6,2.1
WA_2019_2,10,88,48,2,2.1,1.6,2.1
WA_2019_2,10,21,48,3,1.9,1.6,2.1
WA_2019_2,10,178,48,4,0.9,1.6,2.1
WA_2019_2,10,202,49,1,2.1,1.6,2.1
WA_2019_2,10,148,49,2,1.6,1.6,2.1
WA_2019_2,10,15,49,3,2.6,1.6,2.1
WA_2019_2,10,85,49,4,2.5,1.6,2.1
WA_2019_2,10,153,50,1,2.5,1.6,2.1
WA_2019_2,10,201,50,2,1.6,1.6,2.1
WA_2019_2,10,105,50,3,2.1,1.6,2.1
WA_2019_2,10,59,50,4,2.4,1.6,2.1
WA_2019_2,11,152,51,1,2.5,2.2,2.3
WA_2019_2,11,134,51,2,2.3,2.2,2.3
WA_2019_2,11,202,51,3,2.3,2.2,2.3
WA_2019_2,11,167,51,4,1.9,2.2,2.3
WA_2019_2,11,39,52,1,2.3,2.2,2.3
WA_2019_2,11,83,52,2,1.8,2.2,2.3
WA_2019_2,11,109,52,3,2.5,2.2,2.3
WA_2019_2,11,2,52,4,1.9,2.2,2.3
WA_2019_2,11,160,53,1,2.6,2.2,2.3
WA_2019_2,11,168,53,2,2.8,2.2,2.3
WA_2019_2,11,147,53,3,2.1,2.2,2.3
WA_2019_2,11,9,53,4,1.4,2.2,2.3
WA_2019_2,11,81,54,1,2.3,2.2,2.3
WA_2019_2,11,62,54,2,2.4,2.2,2.3
WA_2019_2,11,157,54,3,2.3,2.2,2.3
WA_2019_2,11,60,54,4,2.6,2.2,2.3
WA_2019_2,11,144,55,1,1.9,2.2,2.3
WA_2019_2,11,30,55,2,2.4,2.2,2.3
WA_2019_2,11,65,55,3,1.9,2.2,2.3
WA_2019_2,11,201,55,4,2.2,2.2,2.3
WA_2020_1,1,201,1,1,3.5,3.5,3.5
WA_2020_1,1,162,1,2,3.2,3.5,3.5
WA_2020_1,1,29,1,3,4.3,3.5,3.5
WA_2020_1,1,123,1,4,3.1,3.5,3.5
WA_2020_1,1,139,2,1,2.8,3.5,3.5
WA_2020_1,1,159,2,2,3.1,3.5,3.5
WA_2020_1,1,191,2,3,3.7,3.5,3.5
WA_2020_1,1,126,2,4,3.4,3.5,3.5
WA_2020_1,1,84,3,1,3.8,3.5,3.5
WA_2020_1,1,121,3,2,3.4,3.5,3.5
WA_2020_1,1,69,3,3,3,3.5,3.5
WA_2020_1,1,77,3,4,3.8,3.5,3.5
WA_2020_1,1,32,4,1,3.5,3.5,3.5
WA_2020_1,1,202,4,2,3.5,3.5,3.5
WA_2020_1,1,125,4,3,3.4,3.5,3.5
WA_2020_1,1,133,4,4,3.7,3.5,3.5
WA_2020_1,1,164,5,1,3,3.5,3.5
WA_2020_1,1,116,5,2,3.3,3.5,3.5
WA_2020_1,1,13,5,3,3.4,3.5,3.5
WA_2020_1,1,37,5,4,3.8,3.5,3.5
WA_2020_1,2,24,6,1,3.8,3.7,3.7
WA_2020_1,2,43,6,2,3.6,3.7,3.7
WA_2020_1,2,146,6,3,3.4,3.7,3.7
WA_2020_1,2,35,6,4,3.9,3.7,3.7
WA_2020_1,2,107,7,1,3.3,3.7,3.7
WA_2020_1,2,76,7,2,3.6,3.7,3.7
WA_2020_1,2,104,7,3,3.5,3.7,3.7
WA_2020_1,2,202,7,4,3.7,3.7,3.7
WA_2020_1,2,3,8,1,3.1,3.7,3.7
WA_2020_1,2,78,8,2,3.7,3.7,3.7
WA_2020_1,2,195,8,3,3.4,3.7,3.7
WA_2020_1,2,158,8,4,3.7,3.7,3.7
WA_2020_1,2,156,9,1,3.9,3.7,3.7
WA_2020_1,2,34,9,2,3.3,3.7,3.7
WA_2020_1,2,201,9,3,3.7,3.7,3.7
WA_2020_1,2,82,9,4,3.6,3.7,3.7
WA_2020_1,2,140,10,1,3.3,3.7,3.7
WA_2020_1,2,90,10,2,3.7,3.7,3.7
WA_2020_1,2,52,10,3,3.4,3.7,3.7
WA_2020_1,2,6,10,4,3,3.7,3.7
WA_2020_1,3,177,11,1,3.4,3.5,3.5
WA_2020_1,3,40,11,2,3.6,3.5,3.5
WA_2020_1,3,201,11,3,3.5,3.5,3.5
WA_2020_1,3,91,11,4,3.6,3.5,3.5
WA_2020_1,3,186,12,1,3.5,3.5,3.5
WA_2020_1,3,145,12,2,3.5,3.5,3.5
WA_2020_1,3,189,12,3,3.5,3.5,3.5
WA_2020_1,3,119,12,4,3.7,3.5,3.5
WA_2020_1,3,202,13,1,3.5,3.5,3.5
WA_2020_1,3,111,13,2,3.7,3.5,3.5
WA_2020_1,3,50,13,3,3.3,3.5,3.5
WA_2020_1,3,114,13,4,3.8,3.5,3.5
WA_2020_1,3,185,14,1,3.2,3.5,3.5
WA_2020_1,3,197,14,2,3.3,3.5,3.5
WA_2020_1,3,12,14,3,3.8,3.5,3.5
WA_2020_1,3,66,14,4,3.9,3.5,3.5
WA_2020_1,3,36,15,1,3.2,3.5,3.5
WA_2020_1,3,33,15,2,3.5,3.5,3.5
WA_2020_1,3,182,15,3,3.8,3.5,3.5
WA_2020_1,3,26,15,4,3.6,3.5,3.5
WA_2020_1,4,22,16,1,3.6,3.5,3.4
WA_2020_1,4,136,16,2,3.2,3.5,3.4
WA_2020_1,4,115,16,3,3.7,3.5,3.4
WA_2020_1,4,149,16,4,3.6,3.5,3.4
WA_2020_1,4,56,17,1,3.7,3.5,3.4
WA_2020_1,4,202,17,2,3.4,3.5,3.4
WA_2020_1,4,165,17,3,3.3,3.5,3.4
WA_2020_1,4,53,17,4,4,3.5,3.4
WA_2020_1,4,94,18,1,3.2,3.5,3.4
WA_2020_1,4,89,18,2,3.1,3.5,3.4
WA_2020_1,4,131,18,3,3.4,3.5,3.4
WA_2020_1,4,73,18,4,3.6,3.5,3.4
WA_2020_1,4,196,19,1,3.8,3.5,3.4
WA_2020_1,4,68,19,2,3.7,3.5,3.4
WA_2020_1,4,190,19,3,3.7,3.5,3.4
WA_2020_1,4,201,19,4,3.5,3.5,3.4
WA_2020_1,4,179,20,1,3.8,3.5,3.4
WA_2020_1,4,61,20,2,4.2,3.5,3.4
WA_2020_1,4,120,20,3,4.1,3.5,3.4
WA_2020_1,4,100,20,4,3.2,3.5,3.4
WA_2020_1,5,103,21,1,3.8,3.4,3.9
WA_2020_1,5,128,21,2,4.1,3.4,3.9
WA_2020_1,5,174,21,3,3.909090909,3.4,3.9
WA_2020_1,5,124,21,4,3.7,3.4,3.9
WA_2020_1,5,201,22,1,3.4,3.4,3.9
WA_2020_1,5,14,22,2,3.2,3.4,3.9
WA_2020_1,5,108,22,3,3.5,3.4,3.9
WA_2020_1,5,181,22,4,3.5,3.4,3.9
WA_2020_1,5,23,23,1,3.5,3.4,3.9
WA_2020_1,5,172,23,2,3.5,3.4,3.9
WA_2020_1,5,17,23,3,3.5,3.4,3.9
WA_2020_1,5,127,23,4,3.8,3.4,3.9
WA_2020_1,5,138,24,1,3.8,3.4,3.9
WA_2020_1,5,67,24,2,3.9,3.4,3.9
WA_2020_1,5,202,24,3,3.9,3.4,3.9
WA_2020_1,5,99,24,4,4,3.4,3.9
WA_2020_1,5,106,25,1,3.7,3.4,3.9
WA_2020_1,5,161,25,2,3.5,3.4,3.9
WA_2020_1,5,87,25,3,3.5,3.4,3.9
WA_2020_1,5,130,25,4,3.7,3.4,3.9
WA_2020_1,6,202,26,1,3.6,4.1,3.6
WA_2020_1,6,19,26,2,3.6,4.1,3.6
WA_2020_1,6,151,26,3,3.6,4.1,3.6
WA_2020_1,6,188,26,4,3.6,4.1,3.6
WA_2020_1,6,176,27,1,3.9,4.1,3.6
WA_2020_1,6,80,27,2,3.5,4.1,3.6
WA_2020_1,6,5,27,3,3.2,4.1,3.6
WA_2020_1,6,154,27,4,3.5,4.1,3.6
WA_2020_1,6,79,28,1,3.6,4.1,3.6
WA_2020_1,6,118,28,2,3.3,4.1,3.6
WA_2020_1,6,117,28,3,3.4,4.1,3.6
WA_2020_1,6,183,28,4,3.8,4.1,3.6
WA_2020_1,6,25,29,1,3.4,4.1,3.6
WA_2020_1,6,113,29,2,3.4,4.1,3.6
WA_2020_1,6,46,29,3,4.5,4.1,3.6
WA_2020_1,6,201,29,4,4.1,4.1,3.6
WA_2020_1,6,171,30,1,3.7,4.1,3.6
WA_2020_1,6,95,30,2,3.8,4.1,3.6
WA_2020_1,6,41,30,3,4.4,4.1,3.6
WA_2020_1,6,71,30,4,3.5,4.1,3.6
WA_2020_1,7,143,31,1,3.9,3.7,3.5
WA_2020_1,7,150,31,2,3.8,3.7,3.5
WA_2020_1,7,202,31,3,3.5,3.7,3.5
WA_2020_1,7,38,31,4,3.6,3.7,3.5
WA_2020_1,7,54,32,1,3.7,3.7,3.5
WA_2020_1,7,135,32,2,4,3.7,3.5
WA_2020_1,7,11,32,3,4.2,3.7,3.5
WA_2020_1,7,72,32,4,3.7,3.7,3.5
WA_2020_1,7,163,33,1,4,3.7,3.5
WA_2020_1,7,64,33,2,4.2,3.7,3.5
WA_2020_1,7,45,33,3,3.5,3.7,3.5
WA_2020_1,7,27,33,4,3.5,3.7,3.5
WA_2020_1,7,192,34,1,3.9,3.7,3.5
WA_2020_1,7,201,34,2,3.7,3.7,3.5
WA_2020_1,7,51,34,3,3.9,3.7,3.5
WA_2020_1,7,8,34,4,3.2,3.7,3.5
WA_2020_1,7,70,35,1,3.3,3.7,3.5
WA_2020_1,7,74,35,2,3.3,3.7,3.5
WA_2020_1,7,129,35,3,3.2,3.7,3.5
WA_2020_1,7,18,35,4,3.090909091,3.7,3.5
WA_2020_1,8,98,36,1,3.8,3.8,3.1
WA_2020_1,8,93,36,2,3.7,3.8,3.1
WA_2020_1,8,112,36,3,3.8,3.8,3.1
WA_2020_1,8,170,36,4,3.5,3.8,3.1
WA_2020_1,8,193,37,1,3.6,3.8,3.1
WA_2020_1,8,137,37,2,3.6,3.8,3.1
WA_2020_1,8,180,37,3,3.9,3.8,3.1
WA_2020_1,8,44,37,4,3.7,3.8,3.1
WA_2020_1,8,58,38,1,3.5,3.8,3.1
WA_2020_1,8,141,38,2,3.1,3.8,3.1
WA_2020_1,8,169,38,3,2.9,3.8,3.1
WA_2020_1,8,10,38,4,2.9,3.8,3.1
WA_2020_1,8,201,39,1,3.8,3.8,3.1
WA_2020_1,8,47,39,2,4.2,3.8,3.1
WA_2020_1,8,28,39,3,3.2,3.8,3.1
WA_2020_1,8,75,39,4,2.8,3.8,3.1
WA_2020_1,8,194,40,1,3.7,3.8,3.1
WA_2020_1,8,42,40,2,3.8,3.8,3.1
WA_2020_1,8,48,40,3,3.3,3.8,3.1
WA_2020_1,8,202,40,4,3.1,3.8,3.1
WA_2020_1,9,110,41,1,3.3,3,3.2
WA_2020_1,9,63,41,2,2.8,3,3.2
WA_2020_1,9,31,41,3,3.4,3,3.2
WA_2020_1,9,97,41,4,3.5,3,3.2
WA_2020_1,9,55,42,1,4.1,3,3.2
WA_2020_1,9,201,42,2,3,3,3.2
WA_2020_1,9,16,42,3,3.7,3,3.2
WA_2020_1,9,184,42,4,3.8,3,3.2
WA_2020_1,9,7,43,1,4,3,3.2
WA_2020_1,9,102,43,2,3.6,3,3.2
WA_2020_1,9,202,43,3,3.2,3,3.2
WA_2020_1,9,4,43,4,3,3,3.2
WA_2020_1,9,155,44,1,3.6,3,3.2
WA_2020_1,9,173,44,2,2.7,3,3.2
WA_2020_1,9,122,44,3,2.8,3,3.2
WA_2020_1,9,132,44,4,3.2,3,3.2
WA_2020_1,9,187,45,1,3.5,3,3.2
WA_2020_1,9,175,45,2,3.4,3,3.2
WA_2020_1,9,20,45,3,3,3,3.2
WA_2020_1,9,86,45,4,3.7,3,3.2
WA_2020_1,10,96,46,1,3.3,3.1,3.5
WA_2020_1,10,198,46,2,2.9,3.1,3.5
WA_2020_1,10,92,46,3,2.9,3.1,3.5
WA_2020_1,10,49,46,4,3.4,3.1,3.5
WA_2020_1,10,101,47,1,2.9,3.1,3.5
WA_2020_1,10,166,47,2,2.9,3.1,3.5
WA_2020_1,10,1,47,3,3.7,3.1,3.5
WA_2020_1,10,57,47,4,3.2,3.1,3.5
WA_2020_1,10,142,48,1,2.8,3.1,3.5
WA_2020_1,10,88,48,2,2.7,3.1,3.5
WA_2020_1,10,21,48,3,3.1,3.1,3.5
WA_2020_1,10,178,48,4,3.5,3.1,3.5
WA_2020_1,10,202,49,1,3.5,3.1,3.5
WA_2020_1,10,148,49,2,3.4,3.1,3.5
WA_2020_1,10,15,49,3,2.6,3.1,3.5
WA_2020_1,10,85,49,4,3.2,3.1,3.5
WA_2020_1,10,153,50,1,3.2,3.1,3.5
WA_2020_1,10,201,50,2,3.1,3.1,3.5
WA_2020_1,10,105,50,3,3.3,3.1,3.5
WA_2020_1,10,59,50,4,3.9,3.1,3.5
WA_2020_1,11,152,51,1,3,2.9,3.2
WA_2020_1,11,134,51,2,3.5,2.9,3.2
WA_2020_1,11,202,51,3,3.2,2.9,3.2
WA_2020_1,11,167,51,4,3.4,2.9,3.2
WA_2020_1,11,39,52,1,3,2.9,3.2
WA_2020_1,11,83,52,2,3.5,2.9,3.2
WA_2020_1,11,109,52,3,3.2,2.9,3.2
WA_2020_1,11,2,52,4,3.4,2.9,3.2
WA_2020_1,11,160,53,1,3.2,2.9,3.2
WA_2020_1,11,168,53,2,3.1,2.9,3.2
WA_2020_1,11,147,53,3,3.2,2.9,3.2
WA_2020_1,11,9,53,4,3.4,2.9,3.2
WA_2020_1,11,81,54,1,3.4,2.9,3.2
WA_2020_1,11,62,54,2,3.4,2.9,3.2
WA_2020_1,11,157,54,3,3.3,2.9,3.2
WA_2020_1,11,60,54,4,3.3,2.9,3.2
WA_2020_1,11,144,55,1,3.3,2.9,3.2
WA_2020_1,11,30,55,2,3.1,2.9,3.2
WA_2020_1,11,65,55,3,3.5,2.9,3.2
WA_2020_1,11,201,55,4,2.9,2.9,3.2
WA_2020_2,1,201,1,1,3.1,3.1,2.4
WA_2020_2,1,162,1,2,3.3,3.1,2.4
WA_2020_2,1,29,1,3,2.6,3.1,2.4
WA_2020_2,1,123,1,4,2.6,3.1,2.4
WA_2020_2,1,139,2,1,2.2,3.1,2.4
WA_2020_2,1,159,2,2,3.1,3.1,2.4
WA_2020_2,1,191,2,3,3.3,3.1,2.4
WA_2020_2,1,126,2,4,2.4,3.1,2.4
WA_2020_2,1,84,3,1,2.8,3.1,2.4
WA_2020_2,1,121,3,2,2.9,3.1,2.4
WA_2020_2,1,69,3,3,3.1,3.1,2.4
WA_2020_2,1,77,3,4,2.2,3.1,2.4
WA_2020_2,1,32,4,1,2.7,3.1,2.4
WA_2020_2,1,202,4,2,2.4,3.1,2.4
WA_2020_2,1,125,4,3,2.3,3.1,2.4
WA_2020_2,1,133,4,4,2.5,3.1,2.4
WA_2020_2,1,164,5,1,3.2,3.1,2.4
WA_2020_2,1,116,5,2,2.2,3.1,2.4
WA_2020_2,1,13,5,3,2.2,3.1,2.4
WA_2020_2,1,37,5,4,2.8,3.1,2.4
WA_2020_2,2,24,6,1,2.5,2.9,2.8
WA_2020_2,2,43,6,2,2.5,2.9,2.8
WA_2020_2,2,146,6,3,3.3,2.9,2.8
WA_2020_2,2,35,6,4,3.4,2.9,2.8
WA_2020_2,2,107,7,1,3.2,2.9,2.8
WA_2020_2,2,76,7,2,2.4,2.9,2.8
WA_2020_2,2,104,7,3,2.6,2.9,2.8
WA_2020_2,2,202,7,4,2.8,2.9,2.8
WA_2020_2,2,3,8,1,3.2,2.9,2.8
WA_2020_2,2,78,8,2,2.9,2.9,2.8
WA_2020_2,2,195,8,3,2.7,2.9,2.8
WA_2020_2,2,158,8,4,3.1,2.9,2.8
WA_2020_2,2,156,9,1,3.4,2.9,2.8
WA_2020_2,2,34,9,2,3,2.9,2.8
WA_2020_2,2,201,9,3,2.9,2.9,2.8
WA_2020_2,2,82,9,4,2.7,2.9,2.8
WA_2020_2,2,140,10,1,2.6,2.9,2.8
WA_2020_2,2,90,10,2,2.3,2.9,2.8
WA_2020_2,2,52,10,3,2.1,2.9,2.8
WA_2020_2,2,6,10,4,3.2,2.9,2.8
WA_2020_2,3,177,11,1,2.9,3.2,2.9
WA_2020_2,3,40,11,2,2.6,3.2,2.9
WA_2020_2,3,201,11,3,3.2,3.2,2.9
WA_2020_2,3,91,11,4,3.1,3.2,2.9
WA_2020_2,3,186,12,1,2.9,3.2,2.9
WA_2020_2,3,145,12,2,3,3.2,2.9
WA_2020_2,3,189,12,3,3.2,3.2,2.9
WA_2020_2,3,119,12,4,2.7,3.2,2.9
WA_2020_2,3,202,13,1,2.9,3.2,2.9
WA_2020_2,3,111,13,2,2.7,3.2,2.9
WA_2020_2,3,50,13,3,2.7,3.2,2.9
WA_2020_2,3,114,13,4,2.8,3.2,2.9
WA_2020_2,3,185,14,1,3.4,3.2,2.9
WA_2020_2,3,197,14,2,3.6,3.2,2.9
WA_2020_2,3,12,14,3,1.5,3.2,2.9
WA_2020_2,3,66,14,4,2.8,3.2,2.9
WA_2020_2,3,36,15,1,2.9,3.2,2.9
WA_2020_2,3,33,15,2,2.7,3.2,2.9
WA_2020_2,3,182,15,3,2.8,3.2,2.9
WA_2020_2,3,26,15,4,2.8,3.2,2.9
WA_2020_2,4,22,16,1,2.6,2.7,3
WA_2020_2,4,136,16,2,2.1,2.7,3
WA_2020_2,4,115,16,3,2.6,2.7,3
WA_2020_2,4,149,16,4,2.7,2.7,3
WA_2020_2,4,56,17,1,3.1,2.7,3
WA_2020_2,4,202,17,2,3,2.7,3
WA_2020_2,4,165,17,3,3.1,2.7,3
WA_2020_2,4,53,17,4,2.7,2.7,3
WA_2020_2,4,94,18,1,3.1,2.7,3
WA_2020_2,4,89,18,2,3.1,2.7,3
WA_2020_2,4,131,18,3,3.1,2.7,3
WA_2020_2,4,73,18,4,3.4,2.7,3
WA_2020_2,4,196,19,1,3.2,2.7,3
WA_2020_2,4,68,19,2,2.7,2.7,3
WA_2020_2,4,190,19,3,3,2.7,3
WA_2020_2,4,201,19,4,2.7,2.7,3
WA_2020_2,4,179,20,1,3.2,2.7,3
WA_2020_2,4,61,20,2,3,2.7,3
WA_2020_2,4,120,20,3,2.8,2.7,3
WA_2020_2,4,100,20,4,2.3,2.7,3
WA_2020_2,5,103,21,1,3.4,3.2,2.9
WA_2020_2,5,128,21,2,3.2,3.2,2.9
WA_2020_2,5,174,21,3,3.1,3.2,2.9
WA_2020_2,5,124,21,4,2.6,3.2,2.9
WA_2020_2,5,201,22,1,3.2,3.2,2.9
WA_2020_2,5,14,22,2,2.7,3.2,2.9
WA_2020_2,5,108,22,3,3,3.2,2.9
WA_2020_2,5,181,22,4,3.3,3.2,2.9
WA_2020_2,5,23,23,1,3.1,3.2,2.9
WA_2020_2,5,172,23,2,3.2,3.2,2.9
WA_2020_2,5,17,23,3,2.5,3.2,2.9
WA_2020_2,5,127,23,4,2.8,3.2,2.9
WA_2020_2,5,138,24,1,2.7,3.2,2.9
WA_2020_2,5,67,24,2,3.4,3.2,2.9
WA_2020_2,5,202,24,3,2.9,3.2,2.9
WA_2020_2,5,99,24,4,3.3,3.2,2.9
WA_2020_2,5,106,25,1,2.9,3.2,2.9
WA_2020_2,5,161,25,2,3,3.2,2.9
WA_2020_2,5,87,25,3,3.4,3.2,2.9
WA_2020_2,5,130,25,4,2.9,3.2,2.9
WA_2020_2,6,202,26,1,3.4,2.8,3.4
WA_2020_2,6,19,26,2,3.3,2.8,3.4
WA_2020_2,6,151,26,3,3.181818182,2.8,3.4
WA_2020_2,6,188,26,4,3.3,2.8,3.4
WA_2020_2,6,176,27,1,3.5,2.8,3.4
WA_2020_2,6,80,27,2,3.1,2.8,3.4
WA_2020_2,6,5,27,3,3.2,2.8,3.4
WA_2020_2,6,154,27,4,2.7,2.8,3.4
WA_2020_2,6,79,28,1,2.6,2.8,3.4
WA_2020_2,6,118,28,2,2.7,2.8,3.4
WA_2020_2,6,117,28,3,2.5,2.8,3.4
WA_2020_2,6,183,28,4,3.5,2.8,3.4
WA_2020_2,6,25,29,1,3.1,2.8,3.4
WA_2020_2,6,113,29,2,2.7,2.8,3.4
WA_2020_2,6,46,29,3,2.4,2.8,3.4
WA_2020_2,6,201,29,4,2.8,2.8,3.4
WA_2020_2,6,171,30,1,3.2,2.8,3.4
WA_2020_2,6,95,30,2,3,2.8,3.4
WA_2020_2,6,41,30,3,2.7,2.8,3.4
WA_2020_2,6,71,30,4,2.7,2.8,3.4
WA_2020_2,7,143,31,1,3,2.4,2.5
WA_2020_2,7,150,31,2,3,2.4,2.5
WA_2020_2,7,202,31,3,2.5,2.4,2.5
WA_2020_2,7,38,31,4,2.8,2.4,2.5
WA_2020_2,7,54,32,1,2.8,2.4,2.5
WA_2020_2,7,135,32,2,2.8,2.4,2.5
WA_2020_2,7,11,32,3,2.4,2.4,2.5
WA_2020_2,7,72,32,4,2.2,2.4,2.5
WA_2020_2,7,163,33,1,2.7,2.4,2.5
WA_2020_2,7,64,33,2,3,2.4,2.5
WA_2020_2,7,45,33,3,2.4,2.4,2.5
WA_2020_2,7,27,33,4,2.1,2.4,2.5
WA_2020_2,7,192,34,1,2.9,2.4,2.5
WA_2020_2,7,201,34,2,2.4,2.4,2.5
WA_2020_2,7,51,34,3,2.3,2.4,2.5
WA_2020_2,7,8,34,4,1,2.4,2.5
WA_2020_2,7,70,35,1,3,2.4,2.5
WA_2020_2,7,74,35,2,2,2.4,2.5
WA_2020_2,7,129,35,3,2.4,2.4,2.5
WA_2020_2,7,18,35,4,2.4,2.4,2.5
WA_2020_2,8,98,36,1,2.7,2.9,3.3
WA_2020_2,8,93,36,2,3,2.9,3.3
WA_2020_2,8,112,36,3,2.5,2.9,3.3
WA_2020_2,8,170,36,4,3.1,2.9,3.3
WA_2020_2,8,193,37,1,3.1,2.9,3.3
WA_2020_2,8,137,37,2,3,2.9,3.3
WA_2020_2,8,180,37,3,2.9,2.9,3.3
WA_2020_2,8,44,37,4,3,2.9,3.3
WA_2020_2,8,58,38,1,3.3,2.9,3.3
WA_2020_2,8,141,38,2,3.2,2.9,3.3
WA_2020_2,8,169,38,3,3.2,2.9,3.3
WA_2020_2,8,10,38,4,2.9,2.9,3.3
WA_2020_2,8,201,39,1,2.9,2.9,3.3
WA_2020_2,8,47,39,2,3.1,2.9,3.3
WA_2020_2,8,28,39,3,2.1,2.9,3.3
WA_2020_2,8,75,39,4,1,2.9,3.3
WA_2020_2,8,194,40,1,3.1,2.9,3.3
WA_2020_2,8,42,40,2,2.4,2.9,3.3
WA_2020_2,8,48,40,3,2.8,2.9,3.3
WA_2020_2,8,202,40,4,3.3,2.9,3.3
WA_2020_2,9,110,41,1,3.1,2.4,3
WA_2020_2,9,63,41,2,2.2,2.4,3
WA_2020_2,9,31,41,3,3,2.4,3
WA_2020_2,9,97,41,4,2.6,2.4,3
WA_2020_2,9,55,42,1,3.2,2.4,3
WA_2020_2,9,201,42,2,2.4,2.4,3
WA_2020_2,9,16,42,3,2.3,2.4,3
WA_2020_2,9,184,42,4,2.9,2.4,3
WA_2020_2,9,7,43,1,3.1,2.4,3
WA_2020_2,9,102,43,2,2.6,2.4,3
WA_2020_2,9,202,43,3,3,2.4,3
WA_2020_2,9,4,43,4,2.1,2.4,3
WA_2020_2,9,155,44,1,3,2.4,3
WA_2020_2,9,173,44,2,2.8,2.4,3
WA_2020_2,9,122,44,3,2.6,2.4,3
WA_2020_2,9,132,44,4,2.5,2.4,3
WA_2020_2,9,187,45,1,2.9,2.4,3
WA_2020_2,9,175,45,2,3,2.4,3
WA_2020_2,9,20,45,3,2.3,2.4,3
WA_2020_2,9,86,45,4,2.8,2.4,3
WA_2020_2,10,96,46,1,2.4,2.7,3.2
WA_2020_2,10,198,46,2,3.3,2.7,3.2
WA_2020_2,10,92,46,3,2.7,2.7,3.2
WA_2020_2,10,49,46,4,3.5,2.7,3.2
WA_2020_2,10,101,47,1,3.2,2.7,3.2
WA_2020_2,10,166,47,2,2.9,2.7,3.2
WA_2020_2,10,1,47,3,3.4,2.7,3.2
WA_2020_2,10,57,47,4,2.3,2.7,3.2
WA_2020_2,10,142,48,1,1,2.7,3.2
WA_2020_2,10,88,48,2,2.5,2.7,3.2
WA_2020_2,10,21,48,3,2.6,2.7,3.2
WA_2020_2,10,178,48,4,3.3,2.7,3.2
WA_2020_2,10,202,49,1,3.2,2.7,3.2
WA_2020_2,10,148,49,2,2.8,2.7,3.2
WA_2020_2,10,15,49,3,2.9,2.7,3.2
WA_2020_2,10,85,49,4,2.8,2.7,3.2
WA_2020_2,10,153,50,1,3.2,2.7,3.2
WA_2020_2,10,201,50,2,2.7,2.7,3.2
WA_2020_2,10,105,50,3,2.6,2.7,3.2
WA_2020_2,10,59,50,4,2.7,2.7,3.2
WA_2020_2,11,152,51,1,2.5,2.9,3.2
WA_2020_2,11,134,51,2,3.1,2.9,3.2
WA_2020_2,11,202,51,3,3.2,2.9,3.2
WA_2020_2,11,167,51,4,2.9,2.9,3.2
WA_2020_2,11,39,52,1,2.7,2.9,3.2
WA_2020_2,11,83,52,2,3,2.9,3.2
WA_2020_2,11,109,52,3,2.4,2.9,3.2
WA_2020_2,11,2,52,4,2.6,2.9,3.2
WA_2020_2,11,160,53,1,3.1,2.9,3.2
WA_2020_2,11,168,53,2,2.8,2.9,3.2
WA_2020_2,11,147,53,3,2.3,2.9,3.2
WA_2020_2,11,9,53,4,2.8,2.9,3.2
WA_2020_2,11,81,54,1,2.6,2.9,3.2
WA_2020_2,11,62,54,2,2.9,2.9,3.2
WA_2020_2,11,157,54,3,2.8,2.9,3.2
WA_2020_2,11,60,54,4,3.3,2.9,3.2
WA_2020_2,11,144,55,1,2.7,2.9,3.2
WA_2020_2,11,30,55,2,2.6,2.9,3.2
WA_2020_2,11,65,55,3,2.9,2.9,3.2
WA_2020_2,11,201,55,4,2.9,2.9,3.2
WA_2020_3,1,201,1,1,3.4,3.4,2.8
WA_2020_3,1,162,1,2,3.2,3.4,2.8
WA_2020_3,1,29,1,3,4.3,3.4,2.8
WA_2020_3,1,123,1,4,3,3.4,2.8
WA_2020_3,1,139,2,1,3.1,3.4,2.8
WA_2020_3,1,159,2,2,3.7,3.4,2.8
WA_2020_3,1,191,2,3,3.6,3.4,2.8
WA_2020_3,1,126,2,4,3.6,3.4,2.8
WA_2020_3,1,84,3,1,3.3,3.4,2.8
WA_2020_3,1,121,3,2,3.9,3.4,2.8
WA_2020_3,1,69,3,3,3.4,3.4,2.8
WA_2020_3,1,77,3,4,4,3.4,2.8
WA_2020_3,1,32,4,1,3.3,3.4,2.8
WA_2020_3,1,202,4,2,2.8,3.4,2.8
WA_2020_3,1,125,4,3,2.7,3.4,2.8
WA_2020_3,1,133,4,4,4.3,3.4,2.8
WA_2020_3,1,164,5,1,3.6,3.4,2.8
WA_2020_3,1,116,5,2,2.4,3.4,2.8
WA_2020_3,1,13,5,3,3.5,3.4,2.8
WA_2020_3,1,37,5,4,4,3.4,2.8
WA_2020_3,2,24,6,1,2.7,3.4,4
WA_2020_3,2,43,6,2,3.5,3.4,4
WA_2020_3,2,146,6,3,3.8,3.4,4
WA_2020_3,2,35,6,4,4.4,3.4,4
WA_2020_3,2,107,7,1,3.2,3.4,4
WA_2020_3,2,76,7,2,3.2,3.4,4
WA_2020_3,2,104,7,3,3,3.4,4
WA_2020_3,2,202,7,4,4,3.4,4
WA_2020_3,2,3,8,1,3.1,3.4,4
WA_2020_3,2,78,8,2,3.5,3.4,4
WA_2020_3,2,195,8,3,3.6,3.4,4
WA_2020_3,2,158,8,4,4.2,3.4,4
WA_2020_3,2,156,9,1,3.5,3.4,4
WA_2020_3,2,34,9,2,3.8,3.4,4
WA_2020_3,2,201,9,3,3.4,3.4,4
WA_2020_3,2,82,9,4,3.2,3.4,4
WA_2020_3,2,140,10,1,2.8,3.4,4
WA_2020_3,2,90,10,2,2.7,3.4,4
WA_2020_3,2,52,10,3,2.9,3.4,4
WA_2020_3,2,6,10,4,3.4,3.4,4
WA_2020_3,3,177,11,1,3.2,4,4.2
WA_2020_3,3,40,11,2,3.2,4,4.2
WA_2020_3,3,201,11,3,4,4,4.2
WA_2020_3,3,91,11,4,3.8,4,4.2
WA_2020_3,3,186,12,1,3.7,4,4.2
WA_2020_3,3,145,12,2,3.2,4,4.2
WA_2020_3,3,189,12,3,3.7,4,4.2
WA_2020_3,3,119,12,4,3.9,4,4.2
WA_2020_3,3,202,13,1,4.2,4,4.2
WA_2020_3,3,111,13,2,3.6,4,4.2
WA_2020_3,3,50,13,3,4.2,4,4.2
WA_2020_3,3,114,13,4,3.9,4,4.2
WA_2020_3,3,185,14,1,4,4,4.2
WA_2020_3,3,197,14,2,3.2,4,4.2
WA_2020_3,3,12,14,3,4.5,4,4.2
WA_2020_3,3,66,14,4,4.5,4,4.2
WA_2020_3,3,36,15,1,3.5,4,4.2
WA_2020_3,3,33,15,2,3.9,4,4.2
WA_2020_3,3,182,15,3,3.6,4,4.2
WA_2020_3,3,26,15,4,3.7,4,4.2
WA_2020_3,4,22,16,1,4.1,4.1,3.4
WA_2020_3,4,136,16,2,4.2,4.1,3.4
WA_2020_3,4,115,16,3,4.2,4.1,3.4
WA_2020_3,4,149,16,4,4.2,4.1,3.4
WA_2020_3,4,56,17,1,3.6,4.1,3.4
WA_2020_3,4,202,17,2,3.4,4.1,3.4
WA_2020_3,4,165,17,3,3.7,4.1,3.4
WA_2020_3,4,53,17,4,4.3,4.1,3.4
WA_2020_3,4,94,18,1,3.5,4.1,3.4
WA_2020_3,4,89,18,2,3.6,4.1,3.4
WA_2020_3,4,131,18,3,3.5,4.1,3.4
WA_2020_3,4,73,18,4,3.8,4.1,3.4
WA_2020_3,4,196,19,1,3.5,4.1,3.4
WA_2020_3,4,68,19,2,3.5,4.1,3.4
WA_2020_3,4,190,19,3,3.4,4.1,3.4
WA_2020_3,4,201,19,4,4.1,4.1,3.4
WA_2020_3,4,179,20,1,3.5,4.1,3.4
WA_2020_3,4,61,20,2,4.1,4.1,3.4
WA_2020_3,4,120,20,3,4.1,4.1,3.4
WA_2020_3,4,100,20,4,4.2,4.1,3.4
WA_2020_3,5,103,21,1,3.6,3.6,3.5
WA_2020_3,5,128,21,2,3.8,3.6,3.5
WA_2020_3,5,174,21,3,3.5,3.6,3.5
WA_2020_3,5,124,21,4,4,3.6,3.5
WA_2020_3,5,201,22,1,3.6,3.6,3.5
WA_2020_3,5,14,22,2,3.4,3.6,3.5
WA_2020_3,5,108,22,3,3.6,3.6,3.5
WA_2020_3,5,181,22,4,3.4,3.6,3.5
WA_2020_3,5,23,23,1,3.5,3.6,3.5
WA_2020_3,5,172,23,2,3.2,3.6,3.5
WA_2020_3,5,17,23,3,3.3,3.6,3.5
WA_2020_3,5,127,23,4,4.1,3.6,3.5
WA_2020_3,5,138,24,1,4.4,3.6,3.5
WA_2020_3,5,67,24,2,3.9,3.6,3.5
WA_2020_3,5,202,24,3,3.5,3.6,3.5
WA_2020_3,5,99,24,4,4.3,3.6,3.5
WA_2020_3,5,106,25,1,3.818181818,3.6,3.5
WA_2020_3,5,161,25,2,3.9,3.6,3.5
WA_2020_3,5,87,25,3,4.1,3.6,3.5
WA_2020_3,5,130,25,4,4.2,3.6,3.5
WA_2020_3,6,202,26,1,3.4,4.2,3.4
WA_2020_3,6,19,26,2,3.9,4.2,3.4
WA_2020_3,6,151,26,3,4,4.2,3.4
WA_2020_3,6,188,26,4,3.5,4.2,3.4
WA_2020_3,6,176,27,1,3.4,4.2,3.4
WA_2020_3,6,80,27,2,3.3,4.2,3.4
WA_2020_3,6,5,27,3,3.8,4.2,3.4
WA_2020_3,6,154,27,4,3.6,4.2,3.4
WA_2020_3,6,79,28,1,4.2,4.2,3.4
WA_2020_3,6,118,28,2,3.8,4.2,3.4
WA_2020_3,6,117,28,3,4.1,4.2,3.4
WA_2020_3,6,183,28,4,3.6,4.2,3.4
WA_2020_3,6,25,29,1,4,4.2,3.4
WA_2020_3,6,113,29,2,3.9,4.2,3.4
WA_2020_3,6,46,29,3,4.4,4.2,3.4
WA_2020_3,6,201,29,4,4.2,4.2,3.4
WA_2020_3,6,171,30,1,3.7,4.2,3.4
WA_2020_3,6,95,30,2,3.8,4.2,3.4
WA_2020_3,6,41,30,3,3.6,4.2,3.4
WA_2020_3,6,71,30,4,3.6,4.2,3.4
WA_2020_3,7,143,31,1,4.4,3.7,3.9
WA_2020_3,7,150,31,2,3.5,3.7,3.9
WA_2020_3,7,202,31,3,3.9,3.7,3.9
WA_2020_3,7,38,31,4,4.4,3.7,3.9
WA_2020_3,7,54,32,1,3.3,3.7,3.9
WA_2020_3,7,135,32,2,4.3,3.7,3.9
WA_2020_3,7,11,32,3,4.2,3.7,3.9
WA_2020_3,7,72,32,4,4.1,3.7,3.9
WA_2020_3,7,163,33,1,4,3.7,3.9
WA_2020_3,7,64,33,2,4.2,3.7,3.9
WA_2020_3,7,45,33,3,4,3.7,3.9
WA_2020_3,7,27,33,4,3.6,3.7,3.9
WA_2020_3,7,192,34,1,3.7,3.7,3.9
WA_2020_3,7,201,34,2,3.7,3.7,3.9
WA_2020_3,7,51,34,3,3.5,3.7,3.9
WA_2020_3,7,8,34,4,4.4,3.7,3.9
WA_2020_3,7,70,35,1,3.6,3.7,3.9
WA_2020_3,7,74,35,2,4.3,3.7,3.9
WA_2020_3,7,129,35,3,4.2,3.7,3.9
WA_2020_3,7,18,35,4,3.6,3.7,3.9
WA_2020_3,8,98,36,1,4.2,3.5,3.8
WA_2020_3,8,93,36,2,3.9,3.5,3.8
WA_2020_3,8,112,36,3,3.9,3.5,3.8
WA_2020_3,8,170,36,4,3.5,3.5,3.8
WA_2020_3,8,193,37,1,3.7,3.5,3.8
WA_2020_3,8,137,37,2,3.6,3.5,3.8
WA_2020_3,8,180,37,3,3.3,3.5,3.8
WA_2020_3,8,44,37,4,4,3.5,3.8
WA_2020_3,8,58,38,1,4.2,3.5,3.8
WA_2020_3,8,141,38,2,4,3.5,3.8
WA_2020_3,8,169,38,3,3.5,3.5,3.8
WA_2020_3,8,10,38,4,4.5,3.5,3.8
WA_2020_3,8,201,39,1,3.5,3.5,3.8
WA_2020_3,8,47,39,2,3.7,3.5,3.8
WA_2020_3,8,28,39,3,4.5,3.5,3.8
WA_2020_3,8,75,39,4,4.3,3.5,3.8
WA_2020_3,8,194,40,1,3.5,3.5,3.8
WA_2020_3,8,42,40,2,3.8,3.5,3.8
WA_2020_3,8,48,40,3,4.1,3.5,3.8
WA_2020_3,8,202,40,4,3.8,3.5,3.8
WA_2020_3,9,110,41,1,3.7,3.7,4
WA_2020_3,9,63,41,2,3.3,3.7,4
WA_2020_3,9,31,41,3,4.5,3.7,4
WA_2020_3,9,97,41,4,4.1,3.7,4
WA_2020_3,9,55,42,1,4.2,3.7,4
WA_2020_3,9,201,42,2,3.7,3.7,4
WA_2020_3,9,16,42,3,4.3,3.7,4
WA_2020_3,9,184,42,4,3.5,3.7,4
WA_2020_3,9,7,43,1,3.6,3.7,4
WA_2020_3,9,102,43,2,3.8,3.7,4
WA_2020_3,9,202,43,3,4,3.7,4
WA_2020_3,9,4,43,4,4.2,3.7,4
WA_2020_3,9,155,44,1,3.5,3.7,4
WA_2020_3,9,173,44,2,3.6,3.7,4
WA_2020_3,9,122,44,3,3.9,3.7,4
WA_2020_3,9,132,44,4,3.9,3.7,4
WA_2020_3,9,187,45,1,3.9,3.7,4
WA_2020_3,9,175,45,2,3.7,3.7,4
WA_2020_3,9,20,45,3,3.8,3.7,4
WA_2020_3,9,86,45,4,4.3,3.7,4
WA_2020_3,10,96,46,1,3.6,4,3.4
WA_2020_3,10,198,46,2,3.9,4,3.4
WA_2020_3,10,92,46,3,3.7,4,3.4
WA_2020_3,10,49,46,4,4,4,3.4
WA_2020_3,10,101,47,1,3.7,4,3.4
WA_2020_3,10,166,47,2,4,4,3.4
WA_2020_3,10,1,47,3,3.7,4,3.4
WA_2020_3,10,57,47,4,4.8,4,3.4
WA_2020_3,10,142,48,1,2.1,4,3.4
WA_2020_3,10,88,48,2,3.9,4,3.4
WA_2020_3,10,21,48,3,4.4,4,3.4
WA_2020_3,10,178,48,4,3.9,4,3.4
WA_2020_3,10,202,49,1,3.4,4,3.4
WA_2020_3,10,148,49,2,3.3,4,3.4
WA_2020_3,10,15,49,3,4.1,4,3.4
WA_2020_3,10,85,49,4,3.6,4,3.4
WA_2020_3,10,153,50,1,4.2,4,3.4
WA_2020_3,10,201,50,2,4,4,3.4
WA_2020_3,10,105,50,3,3.7,4,3.4
WA_2020_3,10,59,50,4,3.2,4,3.4
WA_2020_3,11,152,51,1,4.2,3.7,3.7
WA_2020_3,11,134,51,2,3.6,3.7,3.7
WA_2020_3,11,202,51,3,3.7,3.7,3.7
WA_2020_3,11,167,51,4,3.2,3.7,3.7
WA_2020_3,11,39,52,1,4.1,3.7,3.7
WA_2020_3,11,83,52,2,4.4,3.7,3.7
WA_2020_3,11,109,52,3,4,3.7,3.7
WA_2020_3,11,2,52,4,4.3,3.7,3.7
WA_2020_3,11,160,53,1,3.7,3.7,3.7
WA_2020_3,11,168,53,2,3.5,3.7,3.7
WA_2020_3,11,147,53,3,3.6,3.7,3.7
WA_2020_3,11,9,53,4,3.7,3.7,3.7
WA_2020_3,11,81,54,1,3.3,3.7,3.7
WA_2020_3,11,62,54,2,3.3,3.7,3.7
WA_2020_3,11,157,54,3,3.7,3.7,3.7
WA_2020_3,11,60,54,4,3.9,3.7,3.7
WA_2020_3,11,144,55,1,3.818181818,3.7,3.7
WA_2020_3,11,30,55,2,3.5,3.7,3.7
WA_2020_3,11,65,55,3,3.7,3.7,3.7
WA_2020_3,11,201,55,4,3.7,3.7,3.7
WA_2020_4,1,201,1,1,3.7,3.7,4
WA_2020_4,1,162,1,2,4.1,3.7,4
WA_2020_4,1,29,1,3,3.3,3.7,4
WA_2020_4,1,123,1,4,3.9,3.7,4
WA_2020_4,1,139,2,1,3.3,3.7,4
WA_2020_4,1,159,2,2,4,3.7,4
WA_2020_4,1,191,2,3,4,3.7,4
WA_2020_4,1,126,2,4,3.7,3.7,4
WA_2020_4,1,84,3,1,3.9,3.7,4
WA_2020_4,1,121,3,2,4.1,3.7,4
WA_2020_4,1,69,3,3,3.9,3.7,4
WA_2020_4,1,77,3,4,4.6,3.7,4
WA_2020_4,1,32,4,1,3.7,3.7,4
WA_2020_4,1,202,4,2,4,3.7,4
WA_2020_4,1,125,4,3,3.8,3.7,4
WA_2020_4,1,133,4,4,4.7,3.7,4
WA_2020_4,1,164,5,1,3.6,3.7,4
WA_2020_4,1,116,5,2,3.8,3.7,4
WA_2020_4,1,13,5,3,4.3,3.7,4
WA_2020_4,1,37,5,4,3.9,3.7,4
WA_2020_4,2,24,6,1,3.1,3.7,4.1
WA_2020_4,2,43,6,2,3.5,3.7,4.1
WA_2020_4,2,146,6,3,4.3,3.7,4.1
WA_2020_4,2,35,6,4,4.5,3.7,4.1
WA_2020_4,2,107,7,1,3.9,3.7,4.1
WA_2020_4,2,76,7,2,3.9,3.7,4.1
WA_2020_4,2,104,7,3,4.090909091,3.7,4.1
WA_2020_4,2,202,7,4,4.1,3.7,4.1
WA_2020_4,2,3,8,1,3.2,3.7,4.1
WA_2020_4,2,78,8,2,3.9,3.7,4.1
WA_2020_4,2,195,8,3,3.909090909,3.7,4.1
WA_2020_4,2,158,8,4,4.2,3.7,4.1
WA_2020_4,2,156,9,1,3.9,3.7,4.1
WA_2020_4,2,34,9,2,3.8,3.7,4.1
WA_2020_4,2,201,9,3,3.7,3.7,4.1
WA_2020_4,2,82,9,4,3.6,3.7,4.1
WA_2020_4,2,140,10,1,3.1,3.7,4.1
WA_2020_4,2,90,10,2,3.7,3.7,4.1
WA_2020_4,2,52,10,3,2.9,3.7,4.1
WA_2020_4,2,6,10,4,3.4,3.7,4.1
WA_2020_4,3,177,11,1,3.8,3.5,3.9
WA_2020_4,3,40,11,2,3.8,3.5,3.9
WA_2020_4,3,201,11,3,3.5,3.5,3.9
WA_2020_4,3,91,11,4,3.8,3.5,3.9
WA_2020_4,3,186,12,1,3.8,3.5,3.9
WA_2020_4,3,145,12,2,3.7,3.5,3.9
WA_2020_4,3,189,12,3,3.6,3.5,3.9
WA_2020_4,3,119,12,4,4.3,3.5,3.9
WA_2020_4,3,202,13,1,3.9,3.5,3.9
WA_2020_4,3,111,13,2,4.1,3.5,3.9
WA_2020_4,3,50,13,3,4.4,3.5,3.9
WA_2020_4,3,114,13,4,4.5,3.5,3.9
WA_2020_4,3,185,14,1,3.9,3.5,3.9
WA_2020_4,3,197,14,2,3.9,3.5,3.9
WA_2020_4,3,12,14,3,3.1,3.5,3.9
WA_2020_4,3,66,14,4,4.3,3.5,3.9
WA_2020_4,3,36,15,1,4,3.5,3.9
WA_2020_4,3,33,15,2,3.7,3.5,3.9
WA_2020_4,3,182,15,3,4,3.5,3.9
WA_2020_4,3,26,15,4,3.8,3.5,3.9
WA_2020_4,4,22,16,1,3.8,4.2,4.2
WA_2020_4,4,136,16,2,4.1,4.2,4.2
WA_2020_4,4,115,16,3,4.3,4.2,4.2
WA_2020_4,4,149,16,4,4.1,4.2,4.2
WA_2020_4,4,56,17,1,3.9,4.2,4.2
WA_2020_4,4,202,17,2,4.2,4.2,4.2
WA_2020_4,4,165,17,3,4.4,4.2,4.2
WA_2020_4,4,53,17,4,4.6,4.2,4.2
WA_2020_4,4,94,18,1,4.1,4.2,4.2
WA_2020_4,4,89,18,2,4.3,4.2,4.2
WA_2020_4,4,131,18,3,3.9,4.2,4.2
WA_2020_4,4,73,18,4,4.1,4.2,4.2
WA_2020_4,4,196,19,1,4.1,4.2,4.2
WA_2020_4,4,68,19,2,4,4.2,4.2
WA_2020_4,4,190,19,3,4,4.2,4.2
WA_2020_4,4,201,19,4,4.2,4.2,4.2
WA_2020_4,4,179,20,1,3.9,4.2,4.2
WA_2020_4,4,61,20,2,4.555555556,4.2,4.2
WA_2020_4,4,120,20,3,4.7,4.2,4.2
WA_2020_4,4,100,20,4,4.1,4.2,4.2
WA_2020_4,5,103,21,1,4.1,4.2,4.3
WA_2020_4,5,128,21,2,3.4,4.2,4.3
WA_2020_4,5,174,21,3,4.1,4.2,4.3
WA_2020_4,5,124,21,4,4,4.2,4.3
WA_2020_4,5,201,22,1,4.2,4.2,4.3
WA_2020_4,5,14,22,2,3.9,4.2,4.3
WA_2020_4,5,108,22,3,4.1,4.2,4.3
WA_2020_4,5,181,22,4,3.8,4.2,4.3
WA_2020_4,5,23,23,1,3.8,4.2,4.3
WA_2020_4,5,172,23,2,3.9,4.2,4.3
WA_2020_4,5,17,23,3,3.7,4.2,4.3
WA_2020_4,5,127,23,4,3.8,4.2,4.3
WA_2020_4,5,138,24,1,4.5,4.2,4.3
WA_2020_4,5,67,24,2,4.1,4.2,4.3
WA_2020_4,5,202,24,3,4.3,4.2,4.3
WA_2020_4,5,99,24,4,4.3,4.2,4.3
WA_2020_4,5,106,25,1,3.8,4.2,4.3
WA_2020_4,5,161,25,2,4.2,4.2,4.3
WA_2020_4,5,87,25,3,4.1,4.2,4.3
WA_2020_4,5,130,25,4,4.6,4.2,4.3
WA_2020_4,6,202,26,1,4.1,3.9,4.1
WA_2020_4,6,19,26,2,4.1,3.9,4.1
WA_2020_4,6,151,26,3,4.181818182,3.9,4.1
WA_2020_4,6,188,26,4,4.4,3.9,4.1
WA_2020_4,6,176,27,1,4,3.9,4.1
WA_2020_4,6,80,27,2,3.8,3.9,4.1
WA_2020_4,6,5,27,3,4,3.9,4.1
WA_2020_4,6,154,27,4,4.5,3.9,4.1
WA_2020_4,6,79,28,1,4,3.9,4.1
WA_2020_4,6,118,28,2,3.8,3.9,4.1
WA_2020_4,6,117,28,3,4,3.9,4.1
WA_2020_4,6,183,28,4,4.4,3.9,4.1
WA_2020_4,6,25,29,1,4.6,3.9,4.1
WA_2020_4,6,113,29,2,3.8,3.9,4.1
WA_2020_4,6,46,29,3,3.3,3.9,4.1
WA_2020_4,6,201,29,4,3.9,3.9,4.1
WA_2020_4,6,171,30,1,3.8,3.9,4.1
WA_2020_4,6,95,30,2,4.6,3.9,4.1
WA_2020_4,6,41,30,3,3.7,3.9,4.1
WA_2020_4,6,71,30,4,3,3.9,4.1
WA_2020_4,7,143,31,1,4,3.6,3.5
WA_2020_4,7,150,31,2,3.7,3.6,3.5
WA_2020_4,7,202,31,3,3.5,3.6,3.5
WA_2020_4,7,38,31,4,4,3.6,3.5
WA_2020_4,7,54,32,1,3.8,3.6,3.5
WA_2020_4,7,135,32,2,3.6,3.6,3.5
WA_2020_4,7,11,32,3,3.8,3.6,3.5
WA_2020_4,7,72,32,4,3.5,3.6,3.5
WA_2020_4,7,163,33,1,3.5,3.6,3.5
WA_2020_4,7,64,33,2,3.9,3.6,3.5
WA_2020_4,7,45,33,3,4,3.6,3.5
WA_2020_4,7,27,33,4,2.7,3.6,3.5
WA_2020_4,7,192,34,1,3.8,3.6,3.5
WA_2020_4,7,201,34,2,3.6,3.6,3.5
WA_2020_4,7,51,34,3,3.8,3.6,3.5
WA_2020_4,7,8,34,4,4,3.6,3.5
WA_2020_4,7,70,35,1,3.8,3.6,3.5
WA_2020_4,7,74,35,2,3.7,3.6,3.5
WA_2020_4,7,129,35,3,4.5,3.6,3.5
WA_2020_4,7,18,35,4,3.6,3.6,3.5
WA_2020_4,8,98,36,1,4,3.8,4.2
WA_2020_4,8,93,36,2,4.2,3.8,4.2
WA_2020_4,8,112,36,3,4.1,3.8,4.2
WA_2020_4,8,170,36,4,3.727272727,3.8,4.2
WA_2020_4,8,193,37,1,3.7,3.8,4.2
WA_2020_4,8,137,37,2,3.8,3.8,4.2
WA_2020_4,8,180,37,3,4.4,3.8,4.2
WA_2020_4,8,44,37,4,3.6,3.8,4.2
WA_2020_4,8,58,38,1,4,3.8,4.2
WA_2020_4,8,141,38,2,3.6,3.8,4.2
WA_2020_4,8,169,38,3,4,3.8,4.2
WA_2020_4,8,10,38,4,3.9,3.8,4.2
WA_2020_4,8,201,39,1,3.8,3.8,4.2
WA_2020_4,8,47,39,2,4,3.8,4.2
WA_2020_4,8,28,39,3,3.8,3.8,4.2
WA_2020_4,8,75,39,4,3.5,3.8,4.2
WA_2020_4,8,194,40,1,3.8,3.8,4.2
WA_2020_4,8,42,40,2,3.5,3.8,4.2
WA_2020_4,8,48,40,3,4.2,3.8,4.2
WA_2020_4,8,202,40,4,4.2,3.8,4.2
WA_2020_4,9,110,41,1,3.9,3.5,3.8
WA_2020_4,9,63,41,2,3.9,3.5,3.8
WA_2020_4,9,31,41,3,4.4,3.5,3.8
WA_2020_4,9,97,41,4,3.8,3.5,3.8
WA_2020_4,9,55,42,1,3.8,3.5,3.8
WA_2020_4,9,201,42,2,3.5,3.5,3.8
WA_2020_4,9,16,42,3,3.9,3.5,3.8
WA_2020_4,9,184,42,4,3.6,3.5,3.8
WA_2020_4,9,7,43,1,4.4,3.5,3.8
WA_2020_4,9,102,43,2,4.4,3.5,3.8
WA_2020_4,9,202,43,3,3.8,3.5,3.8
WA_2020_4,9,4,43,4,3.6,3.5,3.8
WA_2020_4,9,155,44,1,3.7,3.5,3.8
WA_2020_4,9,173,44,2,3.7,3.5,3.8
WA_2020_4,9,122,44,3,3.8,3.5,3.8
WA_2020_4,9,132,44,4,4.4,3.5,3.8
WA_2020_4,9,187,45,1,4.1,3.5,3.8
WA_2020_4,9,175,45,2,3.6,3.5,3.8
WA_2020_4,9,20,45,3,3.4,3.5,3.8
WA_2020_4,9,86,45,4,4.2,3.5,3.8
WA_2020_4,10,96,46,1,4.1,4.3,3.6
WA_2020_4,10,198,46,2,4.2,4.3,3.6
WA_2020_4,10,92,46,3,3.9,4.3,3.6
WA_2020_4,10,49,46,4,3.8,4.3,3.6
WA_2020_4,10,101,47,1,4,4.3,3.6
WA_2020_4,10,166,47,2,3.727272727,4.3,3.6
WA_2020_4,10,1,47,3,4.3,4.3,3.6
WA_2020_4,10,57,47,4,3.7,4.3,3.6
WA_2020_4,10,142,48,1,3.5,4.3,3.6
WA_2020_4,10,88,48,2,4.181818182,4.3,3.6
WA_2020_4,10,21,48,3,4.2,4.3,3.6
WA_2020_4,10,178,48,4,4.1,4.3,3.6
WA_2020_4,10,202,49,1,3.6,4.3,3.6
WA_2020_4,10,148,49,2,3.8,4.3,3.6
WA_2020_4,10,15,49,3,4,4.3,3.6
WA_2020_4,10,85,49,4,3.8,4.3,3.6
WA_2020_4,10,153,50,1,4.2,4.3,3.6
WA_2020_4,10,201,50,2,4.3,4.3,3.6
WA_2020_4,10,105,50,3,3.6,4.3,3.6
WA_2020_4,10,59,50,4,4,4.3,3.6
WA_2020_4,11,152,51,1,3.8,3.9,3.8
WA_2020_4,11,134,51,2,4.1,3.9,3.8
WA_2020_4,11,202,51,3,3.8,3.9,3.8
WA_2020_4,11,167,51,4,3.6,3.9,3.8
WA_2020_4,11,39,52,1,3.777777778,3.9,3.8
WA_2020_4,11,83,52,2,4.3,3.9,3.8
WA_2020_4,11,109,52,3,3.6,3.9,3.8
WA_2020_4,11,2,52,4,3.5,3.9,3.8
WA_2020_4,11,160,53,1,4.2,3.9,3.8
WA_2020_4,11,168,53,2,4,3.9,3.8
WA_2020_4,11,147,53,3,4,3.9,3.8
WA_2020_4,11,9,53,4,3.8,3.9,3.8
WA_2020_4,11,81,54,1,4.2,3.9,3.8
WA_2020_4,11,62,54,2,4,3.9,3.8
WA_2020_4,11,157,54,3,4.1,3.9,3.8
WA_2020_4,11,60,54,4,4.3,3.9,3.8
WA_2020_4,11,144,55,1,4.1,3.9,3.8
WA_2020_4,11,30,55,2,3.3,3.9,3.8
WA_2020_4,11,65,55,3,3.9,3.9,3.8
WA_2020_4,11,201,55,4,3.9,3.9,3.8
WA_2020_5,1,201,1,1,2.3,2.3,2.7
WA_2020_5,1,162,1,2,2.8,2.3,2.7
WA_2020_5,1,29,1,3,0.4,2.3,2.7
WA_2020_5,1,123,1,4,2.5,2.3,2.7
WA_2020_5,1,139,2,1,2.2,2.3,2.7
WA_2020_5,1,159,2,2,3.1,2.3,2.7
WA_2020_5,1,191,2,3,2.8,2.3,2.7
WA_2020_5,1,126,2,4,2.6,2.3,2.7
WA_2020_5,1,84,3,1,2.4,2.3,2.7
WA_2020_5,1,121,3,2,3,2.3,2.7
WA_2020_5,1,69,3,3,2.8,2.3,2.7
WA_2020_5,1,77,3,4,2,2.3,2.7
WA_2020_5,1,32,4,1,2.8,2.3,2.7
WA_2020_5,1,202,4,2,2.7,2.3,2.7
WA_2020_5,1,125,4,3,1.5,2.3,2.7
WA_2020_5,1,133,4,4,1.5,2.3,2.7
WA_2020_5,1,164,5,1,2.8,2.3,2.7
WA_2020_5,1,116,5,2,2.8,2.3,2.7
WA_2020_5,1,13,5,3,2.4,2.3,2.7
WA_2020_5,1,37,5,4,1.3,2.3,2.7
WA_2020_5,3,177,11,1,2.5,2.5,2.5
WA_2020_5,3,40,11,2,2.3,2.5,2.5
WA_2020_5,3,201,11,3,2.5,2.5,2.5
WA_2020_5,3,91,11,4,3.1,2.5,2.5
WA_2020_5,3,186,12,1,2.5,2.5,2.5
WA_2020_5,3,145,12,2,2.8,2.5,2.5
WA_2020_5,3,189,12,3,2.6,2.5,2.5
WA_2020_5,3,119,12,4,1.9,2.5,2.5
WA_2020_5,3,202,13,1,2.5,2.5,2.5
WA_2020_5,3,111,13,2,2.5,2.5,2.5
WA_2020_5,3,50,13,3,1.4,2.5,2.5
WA_2020_5,3,114,13,4,2.3,2.5,2.5
WA_2020_5,3,185,14,1,2.9,2.5,2.5
WA_2020_5,3,197,14,2,2.4,2.5,2.5
WA_2020_5,3,66,14,4,2.8,2.5,2.5
WA_2020_5,3,36,15,1,2.5,2.5,2.5
WA_2020_5,3,182,15,3,2.2,2.5,2.5
WA_2020_5,3,26,15,4,2,2.5,2.5
WA_2020_5,4,22,16,1,2.2,1.9,2.4
WA_2020_5,4,115,16,3,2.444444444,1.9,2.4
WA_2020_5,4,149,16,4,3.1,1.9,2.4
WA_2020_5,4,56,17,1,2.4,1.9,2.4
WA_2020_5,4,202,17,2,2.4,1.9,2.4
WA_2020_5,4,165,17,3,2.3,1.9,2.4
WA_2020_5,4,53,17,4,1.9,1.9,2.4
WA_2020_5,4,94,18,1,2.4,1.9,2.4
WA_2020_5,4,89,18,2,2.2,1.9,2.4
WA_2020_5,4,131,18,3,2,1.9,2.4
WA_2020_5,4,73,18,4,2,1.9,2.4
WA_2020_5,4,196,19,1,2.3,1.9,2.4
WA_2020_5,4,68,19,2,2.2,1.9,2.4
WA_2020_5,4,190,19,3,2.8,1.9,2.4
WA_2020_5,4,201,19,4,1.9,1.9,2.4
WA_2020_5,4,179,20,1,2.3,1.9,2.4
WA_2020_5,4,61,20,2,2.9,1.9,2.4
WA_2020_5,5,103,21,1,1.7,1.4,2.2
WA_2020_5,5,128,21,2,1.7,1.4,2.2
WA_2020_5,5,174,21,3,1.3,1.4,2.2
WA_2020_5,5,124,21,4,2.2,1.4,2.2
WA_2020_5,5,201,22,1,1.4,1.4,2.2
WA_2020_5,5,14,22,2,1.1,1.4,2.2
WA_2020_5,5,108,22,3,1.1,1.4,2.2
WA_2020_5,5,181,22,4,2.5,1.4,2.2
WA_2020_5,5,23,23,1,1.1,1.4,2.2
WA_2020_5,5,172,23,2,2.2,1.4,2.2
WA_2020_5,5,127,23,4,1.6,1.4,2.2
WA_2020_5,5,67,24,2,1,1.4,2.2
WA_2020_5,5,202,24,3,2.2,1.4,2.2
WA_2020_5,5,99,24,4,2.7,1.4,2.2
WA_2020_5,5,106,25,1,1.1,1.4,2.2
WA_2020_5,5,161,25,2,1.5,1.4,2.2
WA_2020_5,5,87,25,3,1.7,1.4,2.2
WA_2020_5,6,202,26,1,1.3,1,1.3
WA_2020_5,6,19,26,2,2,1,1.3
WA_2020_5,6,151,26,3,1.7,1,1.3
WA_2020_5,6,188,26,4,3.1,1,1.3
WA_2020_5,6,176,27,1,1.7,1,1.3
WA_2020_5,6,80,27,2,1.5,1,1.3
WA_2020_5,6,5,27,3,1.4,1,1.3
WA_2020_5,6,154,27,4,1.4,1,1.3
WA_2020_5,6,118,28,2,1.4,1,1.3
WA_2020_5,6,117,28,3,1.2,1,1.3
WA_2020_5,6,183,28,4,1.6,1,1.3
WA_2020_5,6,25,29,1,2.2,1,1.3
WA_2020_5,6,113,29,2,1.9,1,1.3
WA_2020_5,6,201,29,4,1,1,1.3
WA_2020_5,6,171,30,1,1.8,1,1.3
WA_2020_5,6,95,30,2,1.4,1,1.3
WA_2020_5,7,143,31,1,1,1.4,2.3
WA_2020_5,7,150,31,2,1.7,1.4,2.3
WA_2020_5,7,202,31,3,2.3,1.4,2.3
WA_2020_5,7,54,32,1,1.4,1.4,2.3
WA_2020_5,7,135,32,2,1,1.4,2.3
WA_2020_5,7,163,33,1,2,1.4,2.3
WA_2020_5,7,64,33,2,1.7,1.4,2.3
WA_2020_5,7,192,34,1,1.2,1.4,2.3
WA_2020_5,7,201,34,2,1.4,1.4,2.3
WA_2020_5,7,70,35,1,1.6,1.4,2.3
WA_2020_5,8,98,36,1,1.6,1.1,1.7
WA_2020_5,8,93,36,2,1.3,1.1,1.7
WA_2020_5,8,112,36,3,1,1.1,1.7
WA_2020_5,8,170,36,4,2.6,1.1,1.7
WA_2020_5,8,193,37,1,1.7,1.1,1.7
WA_2020_5,8,180,37,3,1.1,1.1,1.7
WA_2020_5,8,44,37,4,1.2,1.1,1.7
WA_2020_5,8,141,38,2,1.4,1.1,1.7
WA_2020_5,8,169,38,3,1.3,1.1,1.7
WA_2020_5,8,10,38,4,1.1,1.1,1.7
WA_2020_5,8,201,39,1,1.1,1.1,1.7
WA_2020_5,8,47,39,2,1,1.1,1.7
WA_2020_5,8,194,40,1,1.2,1.1,1.7
WA_2020_5,8,202,40,4,1.7,1.1,1.7
WA_2020_5,9,110,41,1,1.4,1.3,1.6
WA_2020_5,9,63,41,2,1,1.3,1.6
WA_2020_5,9,31,41,3,1.2,1.3,1.6
WA_2020_5,9,97,41,4,1.5,1.3,1.6
WA_2020_5,9,55,42,1,1.8,1.3,1.6
WA_2020_5,9,201,42,2,1.3,1.3,1.6
WA_2020_5,9,16,42,3,1.1,1.3,1.6
WA_2020_5,9,184,42,4,2.1,1.3,1.6
WA_2020_5,9,7,43,1,1.5,1.3,1.6
WA_2020_5,9,102,43,2,1.7,1.3,1.6
WA_2020_5,9,202,43,3,1.6,1.3,1.6
WA_2020_5,9,4,43,4,1.6,1.3,1.6
WA_2020_5,9,155,44,1,2.1,1.3,1.6
WA_2020_5,9,173,44,2,2,1.3,1.6
WA_2020_5,9,122,44,3,1.4,1.3,1.6
WA_2020_5,9,132,44,4,1.3,1.3,1.6
WA_2020_5,9,187,45,1,2.3,1.3,1.6
WA_2020_5,9,175,45,2,1.8,1.3,1.6
WA_2020_5,9,20,45,3,1.7,1.3,1.6
WA_2020_5,9,86,45,4,1.2,1.3,1.6
WA_2020_5,10,96,46,1,1.5,1.4,1.9
WA_2020_5,10,198,46,2,2.1,1.4,1.9
WA_2020_5,10,92,46,3,1.7,1.4,1.9
WA_2020_5,10,49,46,4,1,1.4,1.9
WA_2020_5,10,101,47,1,1.7,1.4,1.9
WA_2020_5,10,166,47,2,1.8,1.4,1.9
WA_2020_5,10,1,47,3,1.8,1.4,1.9
WA_2020_5,10,57,47,4,1.2,1.4,1.9
WA_2020_5,10,88,48,2,1.1,1.4,1.9
WA_2020_5,10,21,48,3,1.3,1.4,1.9
WA_2020_5,10,178,48,4,2.4,1.4,1.9
WA_2020_5,10,202,49,1,1.9,1.4,1.9
WA_2020_5,10,148,49,2,1.8,1.4,1.9
WA_2020_5,10,15,49,3,1.8,1.4,1.9
WA_2020_5,10,85,49,4,1.5,1.4,1.9
WA_2020_5,10,153,50,1,2,1.4,1.9
WA_2020_5,10,201,50,2,1.4,1.4,1.9
WA_2020_5,10,105,50,3,2.1,1.4,1.9
WA_2020_5,10,59,50,4,1.5,1.4,1.9
WA_2020_5,11,152,51,1,1.5,2,2.7
WA_2020_5,11,134,51,2,2,2,2.7
WA_2020_5,11,202,51,3,2.7,2,2.7
WA_2020_5,11,167,51,4,2.6,2,2.7
WA_2020_5,11,83,52,2,1.1,2,2.7
WA_2020_5,11,109,52,3,1.6,2,2.7
WA_2020_5,11,2,52,4,2.1,2,2.7
WA_2020_5,11,160,53,1,2.4,2,2.7
WA_2020_5,11,168,53,2,1.9,2,2.7
WA_2020_5,11,147,53,3,2.1,2,2.7
WA_2020_5,11,9,53,4,1,2,2.7
WA_2020_5,11,62,54,2,1.8,2,2.7
WA_2020_5,11,157,54,3,2.3,2,2.7
WA_2020_5,11,60,54,4,2.222222222,2,2.7
WA_2020_5,11,144,55,1,2.2,2,2.7
WA_2020_5,11,30,55,2,1.4,2,2.7
WA_2020_5,11,65,55,3,1.8,2,2.7
WA_2020_5,11,201,55,4,2,2,2.7
