env,loc,year,cut,block,id,position,row,col,resp,cov1,cov2
ID_2018_1,ID,2018,1,1,103,4,1,1,18.45,18.5,17.28
ID_2018_1,ID,2018,1,1,202,3,1,2,17.28,18.5,17.28
ID_2018_1,ID,2018,1,1,132,2,1,3,18.88,18.5,17.28
ID_2018_1,ID,2018,1,1,80,1,1,4,18.33,18.5,17.28
ID_2018_1,ID,2018,1,1,154,8,2,1,18.24,18.5,17.28
ID_2018_1,ID,2018,1,1,43,7,2,2,17.65,18.5,17.28
ID_2018_1,ID,2018,1,1,104,6,2,3,18.65,18.5,17.28
ID_2018_1,ID,2018,1,1,201,5,2,4,18.5,18.5,17.28
ID_2018_1,ID,2018,1,1,48,12,3,1,17.54,18.5,17.28
ID_2018_1,ID,2018,1,1,91,11,3,2,17.99,18.5,17.28
ID_2018_1,ID,2018,1,1,78,10,3,3,17.9,18.5,17.28
ID_2018_1,ID,2018,1,1,40,9,3,4,17.62,18.5,17.28
ID_2018_1,ID,2018,1,1,16,16,4,1,18.75,18.5,17.28
ID_2018_1,ID,2018,1,1,110,15,4,2,18.69,18.5,17.28
ID_2018_1,ID,2018,1,1,178,14,4,3,18.5,18.5,17.28
ID_2018_1,ID,2018,1,1,72,13,4,4,18.14,18.5,17.28
ID_2018_1,ID,2018,1,1,166,20,5,1,17.21,18.5,17.28
ID_2018_1,ID,2018,1,1,130,19,5,2,18.14,18.5,17.28
ID_2018_1,ID,2018,1,1,51,18,5,3,18.14,18.5,17.28
ID_2018_1,ID,2018,1,1,44,17,5,4,18.14,18.5,17.28
ID_2018_1,ID,2018,1,2,6,4,6,1,20.87,19.74,18.18
ID_2018_1,ID,2018,1,2,201,3,6,2,19.74,19.74,18.18
ID_2018_1,ID,2018,1,2,15,2,6,3,20,19.74,18.18
ID_2018_1,ID,2018,1,2,54,1,6,4,20.66,19.74,18.18
ID_2018_1,ID,2018,1,2,126,8,7,1,19.91,19.74,18.18
ID_2018_1,ID,2018,1,2,179,7,7,2,18.75,19.74,18.18
ID_2018_1,ID,2018,1,2,100,6,7,3,19.38,19.74,18.18
ID_2018_1,ID,2018,1,2,33,5,7,4,18.09,19.74,18.18
ID_2018_1,ID,2018,1,2,144,12,8,1,20,19.74,18.18
ID_2018_1,ID,2018,1,2,28,11,8,2,17.21,19.74,18.18
ID_2018_1,ID,2018,1,2,174,10,8,3,18.9,19.74,18.18
ID_2018_1,ID,2018,1,2,92,9,8,4,19.74,19.74,18.18
ID_2018_1,ID,2018,1,2,68,16,9,1,20.98,19.74,18.18
ID_2018_1,ID,2018,1,2,90,15,9,2,18.78,19.74,18.18
ID_2018_1,ID,2018,1,2,66,14,9,3,20.24,19.74,18.18
ID_2018_1,ID,2018,1,2,202,13,9,4,18.18,19.74,18.18
ID_2018_1,ID,2018,1,2,164,20,10,1,20.35,19.74,18.18
ID_2018_1,ID,2018,1,2,168,19,10,2,20.26,19.74,18.18
ID_2018_1,ID,2018,1,2,102,18,10,3,19.64,19.74,18.18
ID_2018_1,ID,2018,1,2,149,17,10,4,23.13,19.74,18.18
ID_2018_1,ID,2018,1,3,109,4,11,1,21.77,20.27,19.32
ID_2018_1,ID,2018,1,3,147,3,11,2,19.66,20.27,19.32
ID_2018_1,ID,2018,1,3,159,2,11,3,20.57,20.27,19.32
ID_2018_1,ID,2018,1,3,186,1,11,4,20,20.27,19.32
ID_2018_1,ID,2018,1,3,127,8,12,1,20.9,20.27,19.32
ID_2018_1,ID,2018,1,3,161,7,12,2,20.94,20.27,19.32
ID_2018_1,ID,2018,1,3,75,6,12,3,19.07,20.27,19.32
ID_2018_1,ID,2018,1,3,29,5,12,4,19.4,20.27,19.32
ID_2018_1,ID,2018,1,3,151,12,13,1,20.63,20.27,19.32
ID_2018_1,ID,2018,1,3,41,11,13,2,20.9,20.27,19.32
ID_2018_1,ID,2018,1,3,155,10,13,3,19.7,20.27,19.32
ID_2018_1,ID,2018,1,3,120,9,13,4,19.37,20.27,19.32
ID_2018_1,ID,2018,1,3,108,16,14,1,20.94,20.27,19.32
ID_2018_1,ID,2018,1,3,195,15,14,2,20.63,20.27,19.32
ID_2018_1,ID,2018,1,3,201,14,14,3,20.27,20.27,19.32
ID_2018_1,ID,2018,1,3,150,13,14,4,19.86,20.27,19.32
ID_2018_1,ID,2018,1,3,202,20,15,1,19.32,20.27,19.32
ID_2018_1,ID,2018,1,3,134,19,15,2,21.67,20.27,19.32
ID_2018_1,ID,2018,1,3,60,18,15,3,20.9,20.27,19.32
ID_2018_1,ID,2018,1,3,162,17,15,4,18.88,20.27,19.32
ID_2018_1,ID,2018,1,4,23,4,16,1,20.38,21.18,20.22
ID_2018_1,ID,2018,1,4,56,3,16,2,20.83,21.18,20.22
ID_2018_1,ID,2018,1,4,97,2,16,3,20.34,21.18,20.22
ID_2018_1,ID,2018,1,4,34,1,16,4,19.41,21.18,20.22
ID_2018_1,ID,2018,1,4,111,8,17,1,19.72,21.18,20.22
ID_2018_1,ID,2018,1,4,187,7,17,2,20.38,21.18,20.22
ID_2018_1,ID,2018,1,4,129,6,17,3,22.5,21.18,20.22
ID_2018_1,ID,2018,1,4,202,5,17,4,20.22,21.18,20.22
ID_2018_1,ID,2018,1,4,39,12,18,1,19.44,21.18,20.22
ID_2018_1,ID,2018,1,4,201,11,18,2,21.18,21.18,20.22
ID_2018_1,ID,2018,1,4,158,10,18,3,22.7,21.18,20.22
ID_2018_1,ID,2018,1,4,76,9,18,4,18.54,21.18,20.22
ID_2018_1,ID,2018,1,4,169,16,19,1,19.64,21.18,20.22
ID_2018_1,ID,2018,1,4,157,15,19,2,21.12,21.18,20.22
ID_2018_1,ID,2018,1,4,172,14,19,3,21.67,21.18,20.22
ID_2018_1,ID,2018,1,4,87,13,19,4,20.25,21.18,20.22
ID_2018_1,ID,2018,1,4,180,20,20,1,21.88,21.18,20.22
ID_2018_1,ID,2018,1,4,61,19,20,2,19.35,21.18,20.22
ID_2018_1,ID,2018,1,4,22,18,20,3,21.56,21.18,20.22
ID_2018_1,ID,2018,1,4,177,17,20,4,19.9,21.18,20.22
ID_2018_1,ID,2018,1,5,201,4,21,1,22.33,22.33,21.22
ID_2018_1,ID,2018,1,5,148,3,21,2,20.34,22.33,21.22
ID_2018_1,ID,2018,1,5,202,2,21,3,21.22,22.33,21.22
ID_2018_1,ID,2018,1,5,152,1,21,4,20.19,22.33,21.22
ID_2018_1,ID,2018,1,5,89,8,22,1,21.22,22.33,21.22
ID_2018_1,ID,2018,1,5,79,7,22,2,20.18,22.33,21.22
ID_2018_1,ID,2018,1,5,193,6,22,3,21.13,22.33,21.22
ID_2018_1,ID,2018,1,5,85,5,22,4,19.63,22.33,21.22
ID_2018_1,ID,2018,1,5,119,12,23,1,23.47,22.33,21.22
ID_2018_1,ID,2018,1,5,196,11,23,2,20.45,22.33,21.22
ID_2018_1,ID,2018,1,5,73,10,23,3,21.22,22.33,21.22
ID_2018_1,ID,2018,1,5,2,9,23,4,21.25,22.33,21.22
ID_2018_1,ID,2018,1,5,125,16,24,1,23.29,22.33,21.22
ID_2018_1,ID,2018,1,5,63,15,24,2,22.95,22.33,21.22
ID_2018_1,ID,2018,1,5,9,14,24,3,19.81,22.33,21.22
ID_2018_1,ID,2018,1,5,59,13,24,4,21.18,22.33,21.22
ID_2018_1,ID,2018,1,5,183,20,25,1,22.53,22.33,21.22
ID_2018_1,ID,2018,1,5,191,19,25,2,21.05,22.33,21.22
ID_2018_1,ID,2018,1,5,138,18,25,3,20.94,22.33,21.22
ID_2018_1,ID,2018,1,5,122,17,25,4,20,22.33,21.22
ID_2018_1,ID,2018,1,6,133,4,26,1,21.05,22.38,20.52
ID_2018_1,ID,2018,1,6,8,3,26,2,20.96,22.38,20.52
ID_2018_1,ID,2018,1,6,26,2,26,3,22.86,22.38,20.52
ID_2018_1,ID,2018,1,6,3,1,26,4,21.97,22.38,20.52
ID_2018_1,ID,2018,1,6,145,8,27,1,20.47,22.38,20.52
ID_2018_1,ID,2018,1,6,42,7,27,2,21.78,22.38,20.52
ID_2018_1,ID,2018,1,6,64,6,27,3,22.07,22.38,20.52
ID_2018_1,ID,2018,1,6,96,5,27,4,19.44,22.38,20.52
ID_2018_1,ID,2018,1,6,188,12,28,1,20.63,22.38,20.52
ID_2018_1,ID,2018,1,6,167,11,28,2,23.26,22.38,20.52
ID_2018_1,ID,2018,1,6,74,10,28,3,22.08,22.38,20.52
ID_2018_1,ID,2018,1,6,10,9,28,4,20.18,22.38,20.52
ID_2018_1,ID,2018,1,6,202,16,29,1,20.52,22.38,20.52
ID_2018_1,ID,2018,1,6,201,15,29,2,22.38,22.38,20.52
ID_2018_1,ID,2018,1,6,4,14,29,3,21.42,22.38,20.52
ID_2018_1,ID,2018,1,6,69,13,29,4,21,22.38,20.52
ID_2018_1,ID,2018,1,6,83,20,30,1,21.65,22.38,20.52
ID_2018_1,ID,2018,1,6,30,19,30,2,22.86,22.38,20.52
ID_2018_1,ID,2018,1,6,112,18,30,3,21.42,22.38,20.52
ID_2018_1,ID,2018,1,6,153,17,30,4,20.32,22.38,20.52
ID_2018_1,ID,2018,1,7,57,4,31,1,20,20.1,20.27
ID_2018_1,ID,2018,1,7,47,3,31,2,20.21,20.1,20.27
ID_2018_1,ID,2018,1,7,170,2,31,3,22.97,20.1,20.27
ID_2018_1,ID,2018,1,7,184,1,31,4,20.74,20.1,20.27
ID_2018_1,ID,2018,1,7,7,8,32,1,21.14,20.1,20.27
ID_2018_1,ID,2018,1,7,93,7,32,2,21.15,20.1,20.27
ID_2018_1,ID,2018,1,7,113,6,32,3,22.46,20.1,20.27
ID_2018_1,ID,2018,1,7,88,5,32,4,20.63,20.1,20.27
ID_2018_1,ID,2018,1,7,107,12,33,1,20.83,20.1,20.27
ID_2018_1,ID,2018,1,7,140,11,33,2,20.5,20.1,20.27
ID_2018_1,ID,2018,1,7,165,10,33,3,21.62,20.1,20.27
ID_2018_1,ID,2018,1,7,36,9,33,4,21.06,20.1,20.27
ID_2018_1,ID,2018,1,7,198,16,34,1,20.1,20.1,20.27
ID_2018_1,ID,2018,1,7,71,15,34,2,21.93,20.1,20.27
ID_2018_1,ID,2018,1,7,202,14,34,3,20.27,20.1,20.27
ID_2018_1,ID,2018,1,7,182,13,34,4,21.12,20.1,20.27
ID_2018_1,ID,2018,1,7,201,20,35,1,20.1,20.1,20.27
ID_2018_1,ID,2018,1,7,190,19,35,2,21.94,20.1,20.27
ID_2018_1,ID,2018,1,7,65,18,35,3,22.52,20.1,20.27
ID_2018_1,ID,2018,1,7,192,17,35,4,19.94,20.1,20.27
ID_2018_1,ID,2018,1,8,185,4,36,1,19.49,20.63,19.43
ID_2018_1,ID,2018,1,8,21,3,36,2,21.69,20.63,19.43
ID_2018_1,ID,2018,1,8,117,2,36,3,22.17,20.63,19.43
ID_2018_1,ID,2018,1,8,135,1,36,4,20.65,20.63,19.43
ID_2018_1,ID,2018,1,8,46,8,37,1,18.78,20.63,19.43
ID_2018_1,ID,2018,1,8,176,7,37,2,19.07,20.63,19.43
ID_2018_1,ID,2018,1,8,114,6,37,3,20.74,20.63,19.43
ID_2018_1,ID,2018,1,8,20,5,37,4,20.15,20.63,19.43
ID_2018_1,ID,2018,1,8,194,12,38,1,19.22,20.63,19.43
ID_2018_1,ID,2018,1,8,201,11,38,2,20.63,20.63,19.43
ID_2018_1,ID,2018,1,8,171,10,38,3,20,20.63,19.43
ID_2018_1,ID,2018,1,8,81,9,38,4,19.18,20.63,19.43
ID_2018_1,ID,2018,1,8,202,16,39,1,19.43,20.63,19.43
ID_2018_1,ID,2018,1,8,163,15,39,2,20.67,20.63,19.43
ID_2018_1,ID,2018,1,8,45,14,39,3,21.94,20.63,19.43
ID_2018_1,ID,2018,1,8,11,13,39,4,19.05,20.63,19.43
ID_2018_1,ID,2018,1,8,19,20,40,1,19.57,20.63,19.43
ID_2018_1,ID,2018,1,8,143,19,40,2,20,20.63,19.43
ID_2018_1,ID,2018,1,8,49,18,40,3,20.87,20.63,19.43
ID_2018_1,ID,2018,1,8,141,17,40,4,19.74,20.63,19.43
ID_2018_1,ID,2018,1,9,86,4,41,1,21.18,22.06,22.84
ID_2018_1,ID,2018,1,9,35,3,41,2,21.86,22.06,22.84
ID_2018_1,ID,2018,1,9,123,2,41,3,22.22,22.06,22.84
ID_2018_1,ID,2018,1,9,1,1,41,4,21.89,22.06,22.84
ID_2018_1,ID,2018,1,9,70,8,42,1,21.58,22.06,22.84
ID_2018_1,ID,2018,1,9,181,7,42,2,20.69,22.06,22.84
ID_2018_1,ID,2018,1,9,131,6,42,3,22.98,22.06,22.84
ID_2018_1,ID,2018,1,9,27,5,42,4,22.18,22.06,22.84
ID_2018_1,ID,2018,1,9,53,12,43,1,19.1,22.06,22.84
ID_2018_1,ID,2018,1,9,106,11,43,2,23.91,22.06,22.84
ID_2018_1,ID,2018,1,9,121,10,43,3,21.37,22.06,22.84
ID_2018_1,ID,2018,1,9,14,9,43,4,22.33,22.06,22.84
ID_2018_1,ID,2018,1,9,5,16,44,1,20.97,22.06,22.84
ID_2018_1,ID,2018,1,9,115,15,44,2,22.89,22.06,22.84
ID_2018_1,ID,2018,1,9,38,14,44,3,22.61,22.06,22.84
ID_2018_1,ID,2018,1,9,201,13,44,4,22.06,22.06,22.84
ID_2018_1,ID,2018,1,9,118,20,45,1,21.69,22.06,22.84
ID_2018_1,ID,2018,1,9,202,19,45,2,22.84,22.06,22.84
ID_2018_1,ID,2018,1,9,175,18,45,3,22.52,22.06,22.84
ID_2018_1,ID,2018,1,9,160,17,45,4,20.39,22.06,22.84
ID_2018_1,ID,2018,1,10,201,4,46,1,21.38,21.38,20.86
ID_2018_1,ID,2018,1,10,62,3,46,2,21.16,21.38,20.86
ID_2018_1,ID,2018,1,10,58,2,46,3,22.84,21.38,20.86
ID_2018_1,ID,2018,1,10,128,8,47,1,21.74,21.38,20.86
ID_2018_1,ID,2018,1,10,12,7,47,2,21.62,21.38,20.86
ID_2018_1,ID,2018,1,10,82,6,47,3,21.22,21.38,20.86
ID_2018_1,ID,2018,1,10,95,5,47,4,21.61,21.38,20.86
ID_2018_1,ID,2018,1,10,142,12,48,1,21.9,21.38,20.86
ID_2018_1,ID,2018,1,10,98,11,48,2,20.73,21.38,20.86
ID_2018_1,ID,2018,1,10,101,10,48,3,19.64,21.38,20.86
ID_2018_1,ID,2018,1,10,136,9,48,4,19.76,21.38,20.86
ID_2018_1,ID,2018,1,10,37,16,49,1,22.73,21.38,20.86
ID_2018_1,ID,2018,1,10,52,15,49,2,19.49,21.38,20.86
ID_2018_1,ID,2018,1,10,139,14,49,3,19.9,21.38,20.86
ID_2018_1,ID,2018,1,10,202,13,49,4,20.86,21.38,20.86
ID_2018_1,ID,2018,1,10,124,20,50,1,21.7,21.38,20.86
ID_2018_1,ID,2018,1,10,13,19,50,2,21.93,21.38,20.86
ID_2018_1,ID,2018,1,10,116,18,50,3,21.2,21.38,20.86
ID_2018_1,ID,2018,1,10,77,17,50,4,21.84,21.38,20.86
ID_2018_1,ID,2018,1,11,201,4,51,1,22.28,22.28,19.55
ID_2018_1,ID,2018,1,11,197,3,51,2,20,22.28,19.55
ID_2018_1,ID,2018,1,11,17,2,51,3,21.97,22.28,19.55
ID_2018_1,ID,2018,1,11,189,1,51,4,20.43,22.28,19.55
ID_2018_1,ID,2018,1,11,84,8,52,1,22.32,22.28,19.55
ID_2018_1,ID,2018,1,11,173,7,52,2,18.5,22.28,19.55
ID_2018_1,ID,2018,1,11,25,6,52,3,22.19,22.28,19.55
ID_2018_1,ID,2018,1,11,156,5,52,4,20.17,22.28,19.55
ID_2018_1,ID,2018,1,11,18,12,53,1,19.59,22.28,19.55
ID_2018_1,ID,2018,1,11,146,11,53,2,19.89,22.28,19.55
ID_2018_1,ID,2018,1,11,94,10,53,3,21.05,22.28,19.55
ID_2018_1,ID,2018,1,11,202,9,53,4,19.55,22.28,19.55
ID_2018_1,ID,2018,1,11,99,16,54,1,22.38,22.28,19.55
ID_2018_1,ID,2018,1,11,24,15,54,2,20.7,22.28,19.55
ID_2018_1,ID,2018,1,11,31,14,54,3,21.2,22.28,19.55
ID_2018_1,ID,2018,1,11,55,13,54,4,21.12,22.28,19.55
ID_2018_1,ID,2018,1,11,32,20,55,1,21.83,22.28,19.55
ID_2018_1,ID,2018,1,11,50,19,55,2,19.7,22.28,19.55
ID_2018_1,ID,2018,1,11,67,18,55,3,20.75,22.28,19.55
ID_2018_1,ID,2018,1,11,137,17,55,4,19.44,22.28,19.55
ID_2019_1,ID,2019,1,1,103,4,1,1,18.42,15.27,17.69
ID_2019_1,ID,2019,1,1,202,3,1,2,17.69,15.27,17.69
ID_2019_1,ID,2019,1,1,132,2,1,3,14.47,15.27,17.69
ID_2019_1,ID,2019,1,1,80,1,1,4,15.85,15.27,17.69
ID_2019_1,ID,2019,1,1,154,8,2,1,17.48,15.27,17.69
ID_2019_1,ID,2019,1,1,43,7,2,2,16.51,15.27,17.69
ID_2019_1,ID,2019,1,1,104,6,2,3,17.2,15.27,17.69
ID_2019_1,ID,2019,1,1,201,5,2,4,15.27,15.27,17.69
ID_2019_1,ID,2019,1,1,48,12,3,1,17.05,15.27,17.69
ID_2019_1,ID,2019,1,1,91,11,3,2,18.29,15.27,17.69
ID_2019_1,ID,2019,1,1,78,10,3,3,15.21,15.27,17.69
ID_2019_1,ID,2019,1,1,40,9,3,4,15.67,15.27,17.69
ID_2019_1,ID,2019,1,1,16,16,4,1,15.98,15.27,17.69
ID_2019_1,ID,2019,1,1,110,15,4,2,18.34,15.27,17.69
ID_2019_1,ID,2019,1,1,178,14,4,3,17.54,15.27,17.69
ID_2019_1,ID,2019,1,1,72,13,4,4,15.03,15.27,17.69
ID_2019_1,ID,2019,1,1,166,20,5,1,18.99,15.27,17.69
ID_2019_1,ID,2019,1,1,130,19,5,2,19.22,15.27,17.69
ID_2019_1,ID,2019,1,1,51,18,5,3,16.38,15.27,17.69
ID_2019_1,ID,2019,1,1,44,17,5,4,16.76,15.27,17.69
ID_2019_1,ID,2019,1,2,6,4,6,1,19.14,16.17,17.73
ID_2019_1,ID,2019,1,2,201,3,6,2,16.17,16.17,17.73
ID_2019_1,ID,2019,1,2,15,2,6,3,17.7,16.17,17.73
ID_2019_1,ID,2019,1,2,54,1,6,4,18.75,16.17,17.73
ID_2019_1,ID,2019,1,2,126,8,7,1,14.59,16.17,17.73
ID_2019_1,ID,2019,1,2,179,7,7,2,17.94,16.17,17.73
ID_2019_1,ID,2019,1,2,100,6,7,3,13.91,16.17,17.73
ID_2019_1,ID,2019,1,2,33,5,7,4,16.34,16.17,17.73
ID_2019_1,ID,2019,1,2,144,12,8,1,18.81,16.17,17.73
ID_2019_1,ID,2019,1,2,28,11,8,2,15.58,16.17,17.73
ID_2019_1,ID,2019,1,2,174,10,8,3,14.91,16.17,17.73
ID_2019_1,ID,2019,1,2,92,9,8,4,18.23,16.17,17.73
ID_2019_1,ID,2019,1,2,68,16,9,1,15.83,16.17,17.73
ID_2019_1,ID,2019,1,2,90,15,9,2,14.48,16.17,17.73
ID_2019_1,ID,2019,1,2,66,14,9,3,18.84,16.17,17.73
ID_2019_1,ID,2019,1,2,202,13,9,4,17.73,16.17,17.73
ID_2019_1,ID,2019,1,2,164,20,10,1,16.73,16.17,17.73
ID_2019_1,ID,2019,1,2,168,19,10,2,18.09,16.17,17.73
ID_2019_1,ID,2019,1,2,102,18,10,3,18.32,16.17,17.73
ID_2019_1,ID,2019,1,2,149,17,10,4,17.11,16.17,17.73
ID_2019_1,ID,2019,1,3,109,4,11,1,19.83,17.61,16.4
ID_2019_1,ID,2019,1,3,147,3,11,2,20.33,17.61,16.4
ID_2019_1,ID,2019,1,3,159,2,11,3,18.83,17.61,16.4
ID_2019_1,ID,2019,1,3,186,1,11,4,18.37,17.61,16.4
ID_2019_1,ID,2019,1,3,127,8,12,1,18.59,17.61,16.4
ID_2019_1,ID,2019,1,3,161,7,12,2,18.18,17.61,16.4
ID_2019_1,ID,2019,1,3,75,6,12,3,17.44,17.61,16.4
ID_2019_1,ID,2019,1,3,29,5,12,4,16.94,17.61,16.4
ID_2019_1,ID,2019,1,3,151,12,13,1,16.65,17.61,16.4
ID_2019_1,ID,2019,1,3,41,11,13,2,11.12,17.61,16.4
ID_2019_1,ID,2019,1,3,155,10,13,3,11.09,17.61,16.4
ID_2019_1,ID,2019,1,3,120,9,13,4,18.79,17.61,16.4
ID_2019_1,ID,2019,1,3,108,16,14,1,19.49,17.61,16.4
ID_2019_1,ID,2019,1,3,195,15,14,2,18.5,17.61,16.4
ID_2019_1,ID,2019,1,3,201,14,14,3,17.61,17.61,16.4
ID_2019_1,ID,2019,1,3,150,13,14,4,18.78,17.61,16.4
ID_2019_1,ID,2019,1,3,202,20,15,1,16.4,17.61,16.4
ID_2019_1,ID,2019,1,3,134,19,15,2,19.76,17.61,16.4
ID_2019_1,ID,2019,1,3,60,18,15,3,18.87,17.61,16.4
ID_2019_1,ID,2019,1,3,162,17,15,4,17.03,17.61,16.4
ID_2019_1,ID,2019,1,4,23,4,16,1,17.69,18.57,18.35
ID_2019_1,ID,2019,1,4,56,3,16,2,20.24,18.57,18.35
ID_2019_1,ID,2019,1,4,97,2,16,3,17.06,18.57,18.35
ID_2019_1,ID,2019,1,4,34,1,16,4,16.95,18.57,18.35
ID_2019_1,ID,2019,1,4,111,8,17,1,18.04,18.57,18.35
ID_2019_1,ID,2019,1,4,187,7,17,2,19.17,18.57,18.35
ID_2019_1,ID,2019,1,4,129,6,17,3,16.25,18.57,18.35
ID_2019_1,ID,2019,1,4,202,5,17,4,18.35,18.57,18.35
ID_2019_1,ID,2019,1,4,39,12,18,1,16.22,18.57,18.35
ID_2019_1,ID,2019,1,4,201,11,18,2,18.57,18.57,18.35
ID_2019_1,ID,2019,1,4,158,10,18,3,18.35,18.57,18.35
ID_2019_1,ID,2019,1,4,76,9,18,4,17.65,18.57,18.35
ID_2019_1,ID,2019,1,4,169,16,19,1,15.67,18.57,18.35
ID_2019_1,ID,2019,1,4,157,15,19,2,17.29,18.57,18.35
ID_2019_1,ID,2019,1,4,172,14,19,3,15.7,18.57,18.35
ID_2019_1,ID,2019,1,4,87,13,19,4,18.28,18.57,18.35
ID_2019_1,ID,2019,1,4,180,20,20,1,19.56,18.57,18.35
ID_2019_1,ID,2019,1,4,61,19,20,2,18.98,18.57,18.35
ID_2019_1,ID,2019,1,4,22,18,20,3,16.86,18.57,18.35
ID_2019_1,ID,2019,1,4,177,17,20,4,16.91,18.57,18.35
ID_2019_1,ID,2019,1,5,201,4,21,1,18.04,18.04,18.75
ID_2019_1,ID,2019,1,5,148,3,21,2,18.1,18.04,18.75
ID_2019_1,ID,2019,1,5,202,2,21,3,18.75,18.04,18.75
ID_2019_1,ID,2019,1,5,152,1,21,4,18.01,18.04,18.75
ID_2019_1,ID,2019,1,5,89,8,22,1,18.61,18.04,18.75
ID_2019_1,ID,2019,1,5,79,7,22,2,15.18,18.04,18.75
ID_2019_1,ID,2019,1,5,193,6,22,3,18.78,18.04,18.75
ID_2019_1,ID,2019,1,5,85,5,22,4,15.35,18.04,18.75
ID_2019_1,ID,2019,1,5,119,12,23,1,16.35,18.04,18.75
ID_2019_1,ID,2019,1,5,196,11,23,2,18.56,18.04,18.75
ID_2019_1,ID,2019,1,5,73,10,23,3,19.04,18.04,18.75
ID_2019_1,ID,2019,1,5,2,9,23,4,19.46,18.04,18.75
ID_2019_1,ID,2019,1,5,125,16,24,1,15.64,18.04,18.75
ID_2019_1,ID,2019,1,5,63,15,24,2,16.87,18.04,18.75
ID_2019_1,ID,2019,1,5,9,14,24,3,16.26,18.04,18.75
ID_2019_1,ID,2019,1,5,59,13,24,4,17.71,18.04,18.75
ID_2019_1,ID,2019,1,5,183,20,25,1,18.59,18.04,18.75
ID_2019_1,ID,2019,1,5,191,19,25,2,18.79,18.04,18.75
ID_2019_1,ID,2019,1,5,138,18,25,3,16.66,18.04,18.75
ID_2019_1,ID,2019,1,5,122,17,25,4,17.63,18.04,18.75
ID_2019_1,ID,2019,1,6,133,4,26,1,16.09,17.96,17.35
ID_2019_1,ID,2019,1,6,8,3,26,2,17.53,17.96,17.35
ID_2019_1,ID,2019,1,6,26,2,26,3,18.67,17.96,17.35
ID_2019_1,ID,2019,1,6,3,1,26,4,18.67,17.96,17.35
ID_2019_1,ID,2019,1,6,145,8,27,1,17.35,17.96,17.35
ID_2019_1,ID,2019,1,6,42,7,27,2,16.58,17.96,17.35
ID_2019_1,ID,2019,1,6,64,6,27,3,16.98,17.96,17.35
ID_2019_1,ID,2019,1,6,96,5,27,4,17.5,17.96,17.35
ID_2019_1,ID,2019,1,6,188,12,28,1,16.77,17.96,17.35
ID_2019_1,ID,2019,1,6,167,11,28,2,17.83,17.96,17.35
ID_2019_1,ID,2019,1,6,74,10,28,3,17.93,17.96,17.35
ID_2019_1,ID,2019,1,6,10,9,28,4,16.64,17.96,17.35
ID_2019_1,ID,2019,1,6,202,16,29,1,17.35,17.96,17.35
ID_2019_1,ID,2019,1,6,201,15,29,2,17.96,17.96,17.35
ID_2019_1,ID,2019,1,6,4,14,29,3,17.93,17.96,17.35
ID_2019_1,ID,2019,1,6,69,13,29,4,18.96,17.96,17.35
ID_2019_1,ID,2019,1,6,83,20,30,1,16.99,17.96,17.35
ID_2019_1,ID,2019,1,6,30,19,30,2,16.46,17.96,17.35
ID_2019_1,ID,2019,1,6,112,18,30,3,16.63,17.96,17.35
ID_2019_1,ID,2019,1,6,153,17,30,4,16.72,17.96,17.35
ID_2019_1,ID,2019,1,7,57,4,31,1,13.8,15.3,14.44
ID_2019_1,ID,2019,1,7,47,3,31,2,16.65,15.3,14.44
ID_2019_1,ID,2019,1,7,170,2,31,3,15.65,15.3,14.44
ID_2019_1,ID,2019,1,7,184,1,31,4,16.11,15.3,14.44
ID_2019_1,ID,2019,1,7,7,8,32,1,14.68,15.3,14.44
ID_2019_1,ID,2019,1,7,93,7,32,2,16.14,15.3,14.44
ID_2019_1,ID,2019,1,7,113,6,32,3,16.48,15.3,14.44
ID_2019_1,ID,2019,1,7,88,5,32,4,15.73,15.3,14.44
ID_2019_1,ID,2019,1,7,107,12,33,1,16.23,15.3,14.44
ID_2019_1,ID,2019,1,7,140,11,33,2,15.22,15.3,14.44
ID_2019_1,ID,2019,1,7,165,10,33,3,15,15.3,14.44
ID_2019_1,ID,2019,1,7,36,9,33,4,14.04,15.3,14.44
ID_2019_1,ID,2019,1,7,198,16,34,1,17.26,15.3,14.44
ID_2019_1,ID,2019,1,7,71,15,34,2,14.87,15.3,14.44
ID_2019_1,ID,2019,1,7,202,14,34,3,14.44,15.3,14.44
ID_2019_1,ID,2019,1,7,182,13,34,4,17.83,15.3,14.44
ID_2019_1,ID,2019,1,7,201,20,35,1,15.3,15.3,14.44
ID_2019_1,ID,2019,1,7,190,19,35,2,17.73,15.3,14.44
ID_2019_1,ID,2019,1,7,65,18,35,3,17.34,15.3,14.44
ID_2019_1,ID,2019,1,7,192,17,35,4,15.97,15.3,14.44
ID_2019_1,ID,2019,1,8,185,4,36,1,16.68,17.87,16.46
ID_2019_1,ID,2019,1,8,21,3,36,2,16.79,17.87,16.46
ID_2019_1,ID,2019,1,8,117,2,36,3,16.23,17.87,16.46
ID_2019_1,ID,2019,1,8,135,1,36,4,15.87,17.87,16.46
ID_2019_1,ID,2019,1,8,46,8,37,1,14.2,17.87,16.46
ID_2019_1,ID,2019,1,8,176,7,37,2,14.47,17.87,16.46
ID_2019_1,ID,2019,1,8,114,6,37,3,17.19,17.87,16.46
ID_2019_1,ID,2019,1,8,20,5,37,4,16.87,17.87,16.46
ID_2019_1,ID,2019,1,8,194,12,38,1,17.67,17.87,16.46
ID_2019_1,ID,2019,1,8,201,11,38,2,17.87,17.87,16.46
ID_2019_1,ID,2019,1,8,171,10,38,3,17.71,17.87,16.46
ID_2019_1,ID,2019,1,8,81,9,38,4,15.93,17.87,16.46
ID_2019_1,ID,2019,1,8,202,16,39,1,16.46,17.87,16.46
ID_2019_1,ID,2019,1,8,163,15,39,2,16.9,17.87,16.46
ID_2019_1,ID,2019,1,8,45,14,39,3,16.81,17.87,16.46
ID_2019_1,ID,2019,1,8,11,13,39,4,16.46,17.87,16.46
ID_2019_1,ID,2019,1,8,19,20,40,1,16.05,17.87,16.46
ID_2019_1,ID,2019,1,8,143,19,40,2,16.98,17.87,16.46
ID_2019_1,ID,2019,1,8,49,18,40,3,15.34,17.87,16.46
ID_2019_1,ID,2019,1,8,141,17,40,4,18.3,17.87,16.46
ID_2019_1,ID,2019,1,9,86,4,41,1,14.69,15.98,18.67
ID_2019_1,ID,2019,1,9,35,3,41,2,17.67,15.98,18.67
ID_2019_1,ID,2019,1,9,123,2,41,3,17.61,15.98,18.67
ID_2019_1,ID,2019,1,9,1,1,41,4,16.52,15.98,18.67
ID_2019_1,ID,2019,1,9,70,8,42,1,19.59,15.98,18.67
ID_2019_1,ID,2019,1,9,181,7,42,2,19.25,15.98,18.67
ID_2019_1,ID,2019,1,9,131,6,42,3,18.29,15.98,18.67
ID_2019_1,ID,2019,1,9,27,5,42,4,16.87,15.98,18.67
ID_2019_1,ID,2019,1,9,53,12,43,1,17.98,15.98,18.67
ID_2019_1,ID,2019,1,9,106,11,43,2,18.38,15.98,18.67
ID_2019_1,ID,2019,1,9,121,10,43,3,17.53,15.98,18.67
ID_2019_1,ID,2019,1,9,14,9,43,4,18.3,15.98,18.67
ID_2019_1,ID,2019,1,9,5,16,44,1,19.52,15.98,18.67
ID_2019_1,ID,2019,1,9,115,15,44,2,17.53,15.98,18.67
ID_2019_1,ID,2019,1,9,38,14,44,3,17.29,15.98,18.67
ID_2019_1,ID,2019,1,9,201,13,44,4,15.98,15.98,18.67
ID_2019_1,ID,2019,1,9,118,20,45,1,16.29,15.98,18.67
ID_2019_1,ID,2019,1,9,202,19,45,2,18.67,15.98,18.67
ID_2019_1,ID,2019,1,9,175,18,45,3,18.24,15.98,18.67
ID_2019_1,ID,2019,1,9,160,17,45,4,19.92,15.98,18.67
ID_2019_1,ID,2019,1,10,201,4,46,1,17.62,17.62,17.92
ID_2019_1,ID,2019,1,10,62,3,46,2,19.1,17.62,17.92
ID_2019_1,ID,2019,1,10,58,2,46,3,17.9,17.62,17.92
ID_2019_1,ID,2019,1,10,128,8,47,1,16.76,17.62,17.92
ID_2019_1,ID,2019,1,10,12,7,47,2,18.06,17.62,17.92
ID_2019_1,ID,2019,1,10,82,6,47,3,18.95,17.62,17.92
ID_2019_1,ID,2019,1,10,95,5,47,4,17.11,17.62,17.92
ID_2019_1,ID,2019,1,10,142,12,48,1,16.39,17.62,17.92
ID_2019_1,ID,2019,1,10,98,11,48,2,19.57,17.62,17.92
ID_2019_1,ID,2019,1,10,101,10,48,3,17.94,17.62,17.92
ID_2019_1,ID,2019,1,10,136,9,48,4,17.52,17.62,17.92
ID_2019_1,ID,2019,1,10,37,16,49,1,17.04,17.62,17.92
ID_2019_1,ID,2019,1,10,52,15,49,2,17.22,17.62,17.92
ID_2019_1,ID,2019,1,10,139,14,49,3,16.21,17.62,17.92
ID_2019_1,ID,2019,1,10,202,13,49,4,17.92,17.62,17.92
ID_2019_1,ID,2019,1,10,124,20,50,1,14.85,17.62,17.92
ID_2019_1,ID,2019,1,10,13,19,50,2,17.24,17.62,17.92
ID_2019_1,ID,2019,1,10,116,18,50,3,18.72,17.62,17.92
ID_2019_1,ID,2019,1,10,77,17,50,4,16.64,17.62,17.92
ID_2019_1,ID,2019,1,11,201,4,51,1,19.57,19.57,19.44
ID_2019_1,ID,2019,1,11,197,3,51,2,20.29,19.57,19.44
ID_2019_1,ID,2019,1,11,17,2,51,3,19.15,19.57,19.44
ID_2019_1,ID,2019,1,11,189,1,51,4,20.29,19.57,19.44
ID_2019_1,ID,2019,1,11,84,8,52,1,18.79,19.57,19.44
ID_2019_1,ID,2019,1,11,173,7,52,2,17.64,19.57,19.44
ID_2019_1,ID,2019,1,11,25,6,52,3,19.28,19.57,19.44
ID_2019_1,ID,2019,1,11,156,5,52,4,18.3,19.57,19.44
ID_2019_1,ID,2019,1,11,18,12,53,1,18.4,19.57,19.44
ID_2019_1,ID,2019,1,11,146,11,53,2,19.48,19.57,19.44
ID_2019_1,ID,2019,1,11,94,10,53,3,21.06,19.57,19.44
ID_2019_1,ID,2019,1,11,202,9,53,4,19.44,19.57,19.44
ID_2019_1,ID,2019,1,11,99,16,54,1,17.51,19.57,19.44
ID_2019_1,ID,2019,1,11,24,15,54,2,17.16,19.57,19.44
ID_2019_1,ID,2019,1,11,31,14,54,3,17.24,19.57,19.44
ID_2019_1,ID,2019,1,11,55,13,54,4,19.32,19.57,19.44
ID_2019_1,ID,2019,1,11,32,20,55,1,18.25,19.57,19.44
ID_2019_1,ID,2019,1,11,50,19,55,2,18.88,19.57,19.44
ID_2019_1,ID,2019,1,11,67,18,55,3,20.47,19.57,19.44
ID_2019_1,ID,2019,1,11,137,17,55,4,18.91,19.57,19.44
OR_2018_1,OR,2018,1,1,90,2,1,1,18.01,17.16,19.01
OR_2018_1,OR,2018,1,1,34,1,1,2,16.65,17.16,19.01
OR_2018_1,OR,2018,1,1,55,4,2,1,20.05,17.16,19.01
OR_2018_1,OR,2018,1,1,201,3,2,2,17.16,17.16,19.01
OR_2018_1,OR,2018,1,1,192,6,3,1,19.21,17.16,19.01
OR_2018_1,OR,2018,1,1,10,5,3,2,16.99,17.16,19.01
OR_2018_1,OR,2018,1,1,48,8,4,1,18.32,17.16,19.01
OR_2018_1,OR,2018,1,1,145,7,4,2,16.91,17.16,19.01
OR_2018_1,OR,2018,1,1,159,10,5,1,18.4,17.16,19.01
OR_2018_1,OR,2018,1,1,74,9,5,2,15.89,17.16,19.01
OR_2018_1,OR,2018,1,1,95,12,6,1,19.34,17.16,19.01
OR_2018_1,OR,2018,1,1,176,11,6,2,17.75,17.16,19.01
OR_2018_1,OR,2018,1,1,81,14,7,1,27.06,17.16,19.01
OR_2018_1,OR,2018,1,1,190,13,7,2,19.25,17.16,19.01
OR_2018_1,OR,2018,1,1,123,16,8,1,21.83,17.16,19.01
OR_2018_1,OR,2018,1,1,167,15,8,2,18.38,17.16,19.01
OR_2018_1,OR,2018,1,1,160,18,9,1,20.82,17.16,19.01
OR_2018_1,OR,2018,1,1,46,17,9,2,18.09,17.16,19.01
OR_2018_1,OR,2018,1,1,202,20,10,1,19.01,17.16,19.01
OR_2018_1,OR,2018,1,1,18,19,10,2,16.49,17.16,19.01
OR_2018_1,OR,2018,1,2,121,2,11,1,20.46,20.66,19.28
OR_2018_1,OR,2018,1,2,178,1,11,2,18.07,20.66,19.28
OR_2018_1,OR,2018,1,2,65,4,12,1,24.11,20.66,19.28
OR_2018_1,OR,2018,1,2,173,3,12,2,15.89,20.66,19.28
OR_2018_1,OR,2018,1,2,25,6,13,1,19.31,20.66,19.28
OR_2018_1,OR,2018,1,2,181,5,13,2,19.06,20.66,19.28
OR_2018_1,OR,2018,1,2,40,8,14,1,19.75,20.66,19.28
OR_2018_1,OR,2018,1,2,153,7,14,2,18.35,20.66,19.28
OR_2018_1,OR,2018,1,2,201,10,15,1,20.66,20.66,19.28
OR_2018_1,OR,2018,1,2,78,9,15,2,17.73,20.66,19.28
OR_2018_1,OR,2018,1,2,21,12,16,1,20.58,20.66,19.28
OR_2018_1,OR,2018,1,2,179,11,16,2,18.36,20.66,19.28
OR_2018_1,OR,2018,1,2,92,14,17,1,26.56,20.66,19.28
OR_2018_1,OR,2018,1,2,59,13,17,2,19.56,20.66,19.28
OR_2018_1,OR,2018,1,2,193,16,18,1,23.79,20.66,19.28
OR_2018_1,OR,2018,1,2,27,15,18,2,19.39,20.66,19.28
OR_2018_1,OR,2018,1,2,94,18,19,1,23.57,20.66,19.28
OR_2018_1,OR,2018,1,2,202,17,19,2,19.28,20.66,19.28
OR_2018_1,OR,2018,1,2,51,20,20,1,21.71,20.66,19.28
OR_2018_1,OR,2018,1,2,99,19,20,2,18.06,20.66,19.28
OR_2018_1,OR,2018,1,3,113,2,21,1,21.18,21.87,18.62
OR_2018_1,OR,2018,1,3,139,1,21,2,17.9,21.87,18.62
OR_2018_1,OR,2018,1,3,37,4,22,1,21.68,21.87,18.62
OR_2018_1,OR,2018,1,3,183,3,22,2,19.16,21.87,18.62
OR_2018_1,OR,2018,1,3,84,6,23,1,21.13,21.87,18.62
OR_2018_1,OR,2018,1,3,189,5,23,2,19.26,21.87,18.62
OR_2018_1,OR,2018,1,3,187,8,24,1,19.78,21.87,18.62
OR_2018_1,OR,2018,1,3,133,7,24,2,20.41,21.87,18.62
OR_2018_1,OR,2018,1,3,110,10,25,1,21.4,21.87,18.62
OR_2018_1,OR,2018,1,3,202,9,25,2,18.62,21.87,18.62
OR_2018_1,OR,2018,1,3,79,12,26,1,20.64,21.87,18.62
OR_2018_1,OR,2018,1,3,144,11,26,2,20.22,21.87,18.62
OR_2018_1,OR,2018,1,3,77,14,27,1,23.06,21.87,18.62
OR_2018_1,OR,2018,1,3,195,13,27,2,20.39,21.87,18.62
OR_2018_1,OR,2018,1,3,161,16,28,1,23.63,21.87,18.62
OR_2018_1,OR,2018,1,3,54,15,28,2,21.68,21.87,18.62
OR_2018_1,OR,2018,1,3,177,18,29,1,22.31,21.87,18.62
OR_2018_1,OR,2018,1,3,104,17,29,2,20.98,21.87,18.62
OR_2018_1,OR,2018,1,3,201,20,30,1,21.87,21.87,18.62
OR_2018_1,OR,2018,1,3,4,19,30,2,18.3,21.87,18.62
OR_2018_1,OR,2018,1,4,197,2,31,1,19.2,20.1,21.18
OR_2018_1,OR,2018,1,4,108,1,31,2,19.6,20.1,21.18
OR_2018_1,OR,2018,1,4,49,4,32,1,19.86,20.1,21.18
OR_2018_1,OR,2018,1,4,100,3,32,2,18.39,20.1,21.18
OR_2018_1,OR,2018,1,4,201,6,33,1,20.1,20.1,21.18
OR_2018_1,OR,2018,1,4,15,5,33,2,18.49,20.1,21.18
OR_2018_1,OR,2018,1,4,63,8,34,1,22.45,20.1,21.18
OR_2018_1,OR,2018,1,4,13,7,34,2,18.3,20.1,21.18
OR_2018_1,OR,2018,1,4,44,10,35,1,19.19,20.1,21.18
OR_2018_1,OR,2018,1,4,191,9,35,2,21.37,20.1,21.18
OR_2018_1,OR,2018,1,4,115,12,36,1,21.6,20.1,21.18
OR_2018_1,OR,2018,1,4,102,11,36,2,22.25,20.1,21.18
OR_2018_1,OR,2018,1,4,112,14,37,1,22.72,20.1,21.18
OR_2018_1,OR,2018,1,4,202,13,37,2,21.18,20.1,21.18
OR_2018_1,OR,2018,1,4,85,16,38,1,21.35,20.1,21.18
OR_2018_1,OR,2018,1,4,131,15,38,2,24.05,20.1,21.18
OR_2018_1,OR,2018,1,4,67,18,39,1,21.96,20.1,21.18
OR_2018_1,OR,2018,1,4,126,17,39,2,19.4,20.1,21.18
OR_2018_1,OR,2018,1,4,182,20,40,1,20.13,20.1,21.18
OR_2018_1,OR,2018,1,4,47,19,40,2,19.26,20.1,21.18
OR_2018_1,OR,2018,1,5,171,2,41,1,20.23,21.52,18.76
OR_2018_1,OR,2018,1,5,75,1,41,2,18.92,21.52,18.76
OR_2018_1,OR,2018,1,5,119,4,42,1,19.12,21.52,18.76
OR_2018_1,OR,2018,1,5,154,3,42,2,20.19,21.52,18.76
OR_2018_1,OR,2018,1,5,17,6,43,1,18.32,21.52,18.76
OR_2018_1,OR,2018,1,5,201,5,43,2,21.52,21.52,18.76
OR_2018_1,OR,2018,1,5,202,8,44,1,18.76,21.52,18.76
OR_2018_1,OR,2018,1,5,22,7,44,2,19.92,21.52,18.76
OR_2018_1,OR,2018,1,5,50,10,45,1,19.77,21.52,18.76
OR_2018_1,OR,2018,1,5,82,9,45,2,20.88,21.52,18.76
OR_2018_1,OR,2018,1,5,62,12,46,1,20.98,21.52,18.76
OR_2018_1,OR,2018,1,5,134,11,46,2,21.9,21.52,18.76
OR_2018_1,OR,2018,1,5,122,14,47,1,20.85,21.52,18.76
OR_2018_1,OR,2018,1,5,29,13,47,2,21.22,21.52,18.76
OR_2018_1,OR,2018,1,5,71,16,48,1,20.51,21.52,18.76
OR_2018_1,OR,2018,1,5,137,15,48,2,19.91,21.52,18.76
OR_2018_1,OR,2018,1,5,39,18,49,1,18.51,21.52,18.76
OR_2018_1,OR,2018,1,5,41,17,49,2,19.51,21.52,18.76
OR_2018_1,OR,2018,1,5,38,20,50,1,19.51,21.52,18.76
OR_2018_1,OR,2018,1,5,28,19,50,2,16.54,21.52,18.76
OR_2018_1,OR,2018,1,6,116,2,51,1,18.79,18.26,20.22
OR_2018_1,OR,2018,1,6,201,1,51,2,18.26,18.26,20.22
OR_2018_1,OR,2018,1,6,156,4,52,1,19.01,18.26,20.22
OR_2018_1,OR,2018,1,6,60,3,52,2,18.02,18.26,20.22
OR_2018_1,OR,2018,1,6,140,6,53,1,19.18,18.26,20.22
OR_2018_1,OR,2018,1,6,188,5,53,2,18.69,18.26,20.22
OR_2018_1,OR,2018,1,6,109,8,54,1,19.44,18.26,20.22
OR_2018_1,OR,2018,1,6,76,7,54,2,17.46,18.26,20.22
OR_2018_1,OR,2018,1,6,185,10,55,1,20.06,18.26,20.22
OR_2018_1,OR,2018,1,6,101,9,55,2,18.28,18.26,20.22
OR_2018_1,OR,2018,1,6,202,12,56,1,20.22,18.26,20.22
OR_2018_1,OR,2018,1,6,146,11,56,2,20.81,18.26,20.22
OR_2018_1,OR,2018,1,6,87,14,57,1,22.78,18.26,20.22
OR_2018_1,OR,2018,1,6,129,13,57,2,21.54,18.26,20.22
OR_2018_1,OR,2018,1,6,155,16,58,1,20.63,18.26,20.22
OR_2018_1,OR,2018,1,6,150,15,58,2,18.81,18.26,20.22
OR_2018_1,OR,2018,1,6,3,18,59,1,20.26,18.26,20.22
OR_2018_1,OR,2018,1,6,98,17,59,2,20.45,18.26,20.22
OR_2018_1,OR,2018,1,6,69,20,60,1,19.14,18.26,20.22
OR_2018_1,OR,2018,1,6,88,19,60,2,20.86,18.26,20.22
OR_2018_1,OR,2018,1,7,165,2,61,1,18.79,19.36,18.71
OR_2018_1,OR,2018,1,7,149,1,61,2,18.17,19.36,18.71
OR_2018_1,OR,2018,1,7,201,4,62,1,19.36,19.36,18.71
OR_2018_1,OR,2018,1,7,138,3,62,2,19.37,19.36,18.71
OR_2018_1,OR,2018,1,7,152,6,63,1,18.04,19.36,18.71
OR_2018_1,OR,2018,1,7,31,5,63,2,18.76,19.36,18.71
OR_2018_1,OR,2018,1,7,151,8,64,1,18.58,19.36,18.71
OR_2018_1,OR,2018,1,7,70,7,64,2,19.65,19.36,18.71
OR_2018_1,OR,2018,1,7,117,10,65,1,19.35,19.36,18.71
OR_2018_1,OR,2018,1,7,142,9,65,2,17.9,19.36,18.71
OR_2018_1,OR,2018,1,7,166,12,66,1,19.44,19.36,18.71
OR_2018_1,OR,2018,1,7,111,11,66,2,19.7,19.36,18.71
OR_2018_1,OR,2018,1,7,24,14,67,1,22.03,19.36,18.71
OR_2018_1,OR,2018,1,7,186,13,67,2,21.56,19.36,18.71
OR_2018_1,OR,2018,1,7,168,16,68,1,22.17,19.36,18.71
OR_2018_1,OR,2018,1,7,143,15,68,2,20.05,19.36,18.71
OR_2018_1,OR,2018,1,7,174,18,69,1,20.36,19.36,18.71
OR_2018_1,OR,2018,1,7,132,17,69,2,18.81,19.36,18.71
OR_2018_1,OR,2018,1,7,20,20,70,1,18.76,19.36,18.71
OR_2018_1,OR,2018,1,7,202,19,70,2,18.71,19.36,18.71
OR_2018_1,OR,2018,1,8,66,2,71,1,18.77,21.35,21.67
OR_2018_1,OR,2018,1,8,58,1,71,2,19.42,21.35,21.67
OR_2018_1,OR,2018,1,8,19,4,72,1,19.66,21.35,21.67
OR_2018_1,OR,2018,1,8,36,3,72,2,19.49,21.35,21.67
OR_2018_1,OR,2018,1,8,118,6,73,1,22.97,21.35,21.67
OR_2018_1,OR,2018,1,8,169,5,73,2,18.8,21.35,21.67
OR_2018_1,OR,2018,1,8,91,8,74,1,22.07,21.35,21.67
OR_2018_1,OR,2018,1,8,201,7,74,2,21.35,21.35,21.67
OR_2018_1,OR,2018,1,8,72,10,75,1,24.57,21.35,21.67
OR_2018_1,OR,2018,1,8,105,9,75,2,20.63,21.35,21.67
OR_2018_1,OR,2018,1,8,141,12,76,1,24.99,21.35,21.67
OR_2018_1,OR,2018,1,8,158,11,76,2,20.74,21.35,21.67
OR_2018_1,OR,2018,1,8,162,14,77,1,22.02,21.35,21.67
OR_2018_1,OR,2018,1,8,135,13,77,2,18.73,21.35,21.67
OR_2018_1,OR,2018,1,8,12,16,78,1,19.91,21.35,21.67
OR_2018_1,OR,2018,1,8,57,15,78,2,20.34,21.35,21.67
OR_2018_1,OR,2018,1,8,202,18,79,1,21.67,21.35,21.67
OR_2018_1,OR,2018,1,8,56,17,79,2,21.21,21.35,21.67
OR_2018_1,OR,2018,1,8,184,20,80,1,21.58,21.35,21.67
OR_2018_1,OR,2018,1,8,61,19,80,2,20.11,21.35,21.67
OR_2018_1,OR,2018,1,9,114,2,81,1,20.2,18.9,20.65
OR_2018_1,OR,2018,1,9,96,1,81,2,20.85,18.9,20.65
OR_2018_1,OR,2018,1,9,164,4,82,1,19.16,18.9,20.65
OR_2018_1,OR,2018,1,9,64,3,82,2,21.8,18.9,20.65
OR_2018_1,OR,2018,1,9,68,6,83,1,18.7,18.9,20.65
OR_2018_1,OR,2018,1,9,196,5,83,2,20.15,18.9,20.65
OR_2018_1,OR,2018,1,9,30,8,84,1,21.66,18.9,20.65
OR_2018_1,OR,2018,1,9,202,7,84,2,20.65,18.9,20.65
OR_2018_1,OR,2018,1,9,120,10,85,1,20.53,18.9,20.65
OR_2018_1,OR,2018,1,9,170,9,85,2,22.22,18.9,20.65
OR_2018_1,OR,2018,1,9,86,12,86,1,20.22,18.9,20.65
OR_2018_1,OR,2018,1,9,16,11,86,2,20.37,18.9,20.65
OR_2018_1,OR,2018,1,9,8,14,87,1,17.88,18.9,20.65
OR_2018_1,OR,2018,1,9,33,13,87,2,19.09,18.9,20.65
OR_2018_1,OR,2018,1,9,201,16,88,1,18.9,18.9,20.65
OR_2018_1,OR,2018,1,9,23,15,88,2,18.75,18.9,20.65
OR_2018_1,OR,2018,1,9,194,18,89,1,18.95,18.9,20.65
OR_2018_1,OR,2018,1,9,128,17,89,2,19.1,18.9,20.65
OR_2018_1,OR,2018,1,9,73,20,90,1,19.98,18.9,20.65
OR_2018_1,OR,2018,1,9,52,19,90,2,18.82,18.9,20.65
OR_2018_1,OR,2018,1,10,157,2,91,1,19.34,19.72,20.19
OR_2018_1,OR,2018,1,10,148,1,91,2,19.25,19.72,20.19
OR_2018_1,OR,2018,1,10,6,4,92,1,20.24,19.72,20.19
OR_2018_1,OR,2018,1,10,80,3,92,2,19.92,19.72,20.19
OR_2018_1,OR,2018,1,10,45,6,93,1,18.24,19.72,20.19
OR_2018_1,OR,2018,1,10,93,5,93,2,19.97,19.72,20.19
OR_2018_1,OR,2018,1,10,147,8,94,1,20.09,19.72,20.19
OR_2018_1,OR,2018,1,10,83,7,94,2,21.09,19.72,20.19
OR_2018_1,OR,2018,1,10,202,10,95,1,20.19,19.72,20.19
OR_2018_1,OR,2018,1,10,125,9,95,2,20.14,19.72,20.19
OR_2018_1,OR,2018,1,10,106,12,96,1,20.62,19.72,20.19
OR_2018_1,OR,2018,1,10,172,11,96,2,19.88,19.72,20.19
OR_2018_1,OR,2018,1,10,127,14,97,1,18.18,19.72,20.19
OR_2018_1,OR,2018,1,10,89,13,97,2,20.12,19.72,20.19
OR_2018_1,OR,2018,1,10,103,16,98,1,18.53,19.72,20.19
OR_2018_1,OR,2018,1,10,107,15,98,2,20.21,19.72,20.19
OR_2018_1,OR,2018,1,10,7,18,99,1,18.04,19.72,20.19
OR_2018_1,OR,2018,1,10,201,17,99,2,19.72,19.72,20.19
OR_2018_1,OR,2018,1,10,175,20,100,1,18.43,19.72,20.19
OR_2018_1,OR,2018,1,10,32,19,100,2,18.77,19.72,20.19
OR_2018_1,OR,2018,1,11,11,2,101,1,17.83,21.07,18.81
OR_2018_1,OR,2018,1,11,2,1,101,2,22.34,21.07,18.81
OR_2018_1,OR,2018,1,11,5,4,102,1,19.15,21.07,18.81
OR_2018_1,OR,2018,1,11,201,3,102,2,21.07,21.07,18.81
OR_2018_1,OR,2018,1,11,136,6,103,1,17.6,21.07,18.81
OR_2018_1,OR,2018,1,11,180,5,103,2,21.01,21.07,18.81
OR_2018_1,OR,2018,1,11,26,8,104,1,22.01,21.07,18.81
OR_2018_1,OR,2018,1,11,9,7,104,2,22.18,21.07,18.81
OR_2018_1,OR,2018,1,11,1,10,105,1,20.32,21.07,18.81
OR_2018_1,OR,2018,1,11,53,9,105,2,21.75,21.07,18.81
OR_2018_1,OR,2018,1,11,42,12,106,1,19.97,21.07,18.81
OR_2018_1,OR,2018,1,11,198,11,106,2,19.3,21.07,18.81
OR_2018_1,OR,2018,1,11,14,14,107,1,19.66,21.07,18.81
OR_2018_1,OR,2018,1,11,43,13,107,2,19.3,21.07,18.81
OR_2018_1,OR,2018,1,11,130,16,108,1,19.4,21.07,18.81
OR_2018_1,OR,2018,1,11,163,15,108,2,18.5,21.07,18.81
OR_2018_1,OR,2018,1,11,202,18,109,1,18.81,21.07,18.81
OR_2018_1,OR,2018,1,11,97,17,109,2,18.32,21.07,18.81
OR_2018_1,OR,2018,1,11,35,20,110,1,19.21,21.07,18.81
OR_2018_1,OR,2018,1,11,124,19,110,2,18.37,21.07,18.81
OR_2019_1,OR,2019,1,1,90,2,1,1,19.81,21.42,19.46
OR_2019_1,OR,2019,1,1,34,1,1,2,18.91,21.42,19.46
OR_2019_1,OR,2019,1,1,55,4,2,1,22.3,21.42,19.46
OR_2019_1,OR,2019,1,1,201,3,2,2,21.42,21.42,19.46
OR_2019_1,OR,2019,1,1,192,6,3,1,19.28,21.42,19.46
OR_2019_1,OR,2019,1,1,10,5,3,2,19.94,21.42,19.46
OR_2019_1,OR,2019,1,1,48,8,4,1,21.06,21.42,19.46
OR_2019_1,OR,2019,1,1,145,7,4,2,19.94,21.42,19.46
OR_2019_1,OR,2019,1,1,159,10,5,1,21.47,21.42,19.46
OR_2019_1,OR,2019,1,1,74,9,5,2,19.2,21.42,19.46
OR_2019_1,OR,2019,1,1,95,12,6,1,21.23,21.42,19.46
OR_2019_1,OR,2019,1,1,176,11,6,2,18.02,21.42,19.46
OR_2019_1,OR,2019,1,1,81,14,7,1,18.24,21.42,19.46
OR_2019_1,OR,2019,1,1,190,13,7,2,19.6,21.42,19.46
OR_2019_1,OR,2019,1,1,123,16,8,1,19.79,21.42,19.46
OR_2019_1,OR,2019,1,1,167,15,8,2,19.6,21.42,19.46
OR_2019_1,OR,2019,1,1,160,18,9,1,18.74,21.42,19.46
OR_2019_1,OR,2019,1,1,46,17,9,2,18.23,21.42,19.46
OR_2019_1,OR,2019,1,1,202,20,10,1,19.46,21.42,19.46
OR_2019_1,OR,2019,1,1,18,19,10,2,18.2,21.42,19.46
OR_2019_1,OR,2019,1,2,121,2,11,1,19.08,21.88,19.58
OR_2019_1,OR,2019,1,2,178,1,11,2,18.84,21.88,19.58
OR_2019_1,OR,2019,1,2,65,4,12,1,20.42,21.88,19.58
OR_2019_1,OR,2019,1,2,173,3,12,2,17.47,21.88,19.58
OR_2019_1,OR,2019,1,2,25,6,13,1,20.22,21.88,19.58
OR_2019_1,OR,2019,1,2,181,5,13,2,19.9,21.88,19.58
OR_2019_1,OR,2019,1,2,40,8,14,1,19.18,21.88,19.58
OR_2019_1,OR,2019,1,2,153,7,14,2,19.06,21.88,19.58
OR_2019_1,OR,2019,1,2,201,10,15,1,21.88,21.88,19.58
OR_2019_1,OR,2019,1,2,78,9,15,2,18.06,21.88,19.58
OR_2019_1,OR,2019,1,2,21,12,16,1,20.42,21.88,19.58
OR_2019_1,OR,2019,1,2,179,11,16,2,19.06,21.88,19.58
OR_2019_1,OR,2019,1,2,92,14,17,1,21.01,21.88,19.58
OR_2019_1,OR,2019,1,2,59,13,17,2,19.81,21.88,19.58
OR_2019_1,OR,2019,1,2,193,16,18,1,20.31,21.88,19.58
OR_2019_1,OR,2019,1,2,27,15,18,2,18.88,21.88,19.58
OR_2019_1,OR,2019,1,2,94,18,19,1,19.78,21.88,19.58
OR_2019_1,OR,2019,1,2,202,17,19,2,19.58,21.88,19.58
OR_2019_1,OR,2019,1,2,51,20,20,1,19.72,21.88,19.58
OR_2019_1,OR,2019,1,2,99,19,20,2,17.96,21.88,19.58
OR_2019_1,OR,2019,1,3,113,2,21,1,21.06,20.5,18.63
OR_2019_1,OR,2019,1,3,139,1,21,2,20.33,20.5,18.63
OR_2019_1,OR,2019,1,3,37,4,22,1,18,20.5,18.63
OR_2019_1,OR,2019,1,3,183,3,22,2,21.25,20.5,18.63
OR_2019_1,OR,2019,1,3,84,6,23,1,22.3,20.5,18.63
OR_2019_1,OR,2019,1,3,189,5,23,2,19.58,20.5,18.63
OR_2019_1,OR,2019,1,3,187,8,24,1,21.83,20.5,18.63
OR_2019_1,OR,2019,1,3,133,7,24,2,19.46,20.5,18.63
OR_2019_1,OR,2019,1,3,110,10,25,1,21.57,20.5,18.63
OR_2019_1,OR,2019,1,3,202,9,25,2,18.63,20.5,18.63
OR_2019_1,OR,2019,1,3,79,12,26,1,17.48,20.5,18.63
OR_2019_1,OR,2019,1,3,144,11,26,2,19.4,20.5,18.63
OR_2019_1,OR,2019,1,3,77,14,27,1,19.09,20.5,18.63
OR_2019_1,OR,2019,1,3,195,13,27,2,20.31,20.5,18.63
OR_2019_1,OR,2019,1,3,161,16,28,1,22.53,20.5,18.63
OR_2019_1,OR,2019,1,3,54,15,28,2,23.19,20.5,18.63
OR_2019_1,OR,2019,1,3,177,18,29,1,20.52,20.5,18.63
OR_2019_1,OR,2019,1,3,104,17,29,2,20.73,20.5,18.63
OR_2019_1,OR,2019,1,3,201,20,30,1,20.5,20.5,18.63
OR_2019_1,OR,2019,1,3,4,19,30,2,19.96,20.5,18.63
OR_2019_1,OR,2019,1,4,197,2,31,1,21.03,20.32,18.7
OR_2019_1,OR,2019,1,4,108,1,31,2,20.19,20.32,18.7
OR_2019_1,OR,2019,1,4,49,4,32,1,20.68,20.32,18.7
OR_2019_1,OR,2019,1,4,100,3,32,2,18.21,20.32,18.7
OR_2019_1,OR,2019,1,4,201,6,33,1,20.32,20.32,18.7
OR_2019_1,OR,2019,1,4,15,5,33,2,21.1,20.32,18.7
OR_2019_1,OR,2019,1,4,63,8,34,1,20.47,20.32,18.7
OR_2019_1,OR,2019,1,4,13,7,34,2,19.38,20.32,18.7
OR_2019_1,OR,2019,1,4,44,10,35,1,19.3,20.32,18.7
OR_2019_1,OR,2019,1,4,191,9,35,2,19.5,20.32,18.7
OR_2019_1,OR,2019,1,4,115,12,36,1,20.42,20.32,18.7
OR_2019_1,OR,2019,1,4,102,11,36,2,18.87,20.32,18.7
OR_2019_1,OR,2019,1,4,112,14,37,1,20.36,20.32,18.7
OR_2019_1,OR,2019,1,4,202,13,37,2,18.7,20.32,18.7
OR_2019_1,OR,2019,1,4,85,16,38,1,18.44,20.32,18.7
OR_2019_1,OR,2019,1,4,131,15,38,2,22.02,20.32,18.7
OR_2019_1,OR,2019,1,4,67,18,39,1,21.47,20.32,18.7
OR_2019_1,OR,2019,1,4,126,17,39,2,16.91,20.32,18.7
OR_2019_1,OR,2019,1,4,182,20,40,1,21.23,20.32,18.7
OR_2019_1,OR,2019,1,4,47,19,40,2,19.59,20.32,18.7
OR_2019_1,OR,2019,1,5,171,2,41,1,19.24,19.81,20.87
OR_2019_1,OR,2019,1,5,75,1,41,2,18.14,19.81,20.87
OR_2019_1,OR,2019,1,5,119,4,42,1,21.11,19.81,20.87
OR_2019_1,OR,2019,1,5,154,3,42,2,18.4,19.81,20.87
OR_2019_1,OR,2019,1,5,17,6,43,1,20.5,19.81,20.87
OR_2019_1,OR,2019,1,5,201,5,43,2,19.81,19.81,20.87
OR_2019_1,OR,2019,1,5,202,8,44,1,20.87,19.81,20.87
OR_2019_1,OR,2019,1,5,22,7,44,2,18.99,19.81,20.87
OR_2019_1,OR,2019,1,5,50,10,45,1,19.89,19.81,20.87
OR_2019_1,OR,2019,1,5,82,9,45,2,18.5,19.81,20.87
OR_2019_1,OR,2019,1,5,62,12,46,1,23.19,19.81,20.87
OR_2019_1,OR,2019,1,5,134,11,46,2,21.26,19.81,20.87
OR_2019_1,OR,2019,1,5,122,14,47,1,20.74,19.81,20.87
OR_2019_1,OR,2019,1,5,29,13,47,2,16.62,19.81,20.87
OR_2019_1,OR,2019,1,5,71,16,48,1,19.6,19.81,20.87
OR_2019_1,OR,2019,1,5,137,15,48,2,19.23,19.81,20.87
OR_2019_1,OR,2019,1,5,39,18,49,1,18.59,19.81,20.87
OR_2019_1,OR,2019,1,5,41,17,49,2,18.51,19.81,20.87
OR_2019_1,OR,2019,1,5,38,20,50,1,19.35,19.81,20.87
OR_2019_1,OR,2019,1,5,28,19,50,2,16.92,19.81,20.87
OR_2019_1,OR,2019,1,6,116,2,51,1,20.6,18.94,18.94
OR_2019_1,OR,2019,1,6,201,1,51,2,18.94,18.94,18.94
OR_2019_1,OR,2019,1,6,156,4,52,1,19.2,18.94,18.94
OR_2019_1,OR,2019,1,6,60,3,52,2,20.43,18.94,18.94
OR_2019_1,OR,2019,1,6,140,6,53,1,18.38,18.94,18.94
OR_2019_1,OR,2019,1,6,188,5,53,2,21.09,18.94,18.94
OR_2019_1,OR,2019,1,6,109,8,54,1,19.08,18.94,18.94
OR_2019_1,OR,2019,1,6,76,7,54,2,18.63,18.94,18.94
OR_2019_1,OR,2019,1,6,185,10,55,1,20.47,18.94,18.94
OR_2019_1,OR,2019,1,6,101,9,55,2,20.7,18.94,18.94
OR_2019_1,OR,2019,1,6,202,12,56,1,18.94,18.94,18.94
OR_2019_1,OR,2019,1,6,146,11,56,2,18.66,18.94,18.94
OR_2019_1,OR,2019,1,6,87,14,57,1,20.99,18.94,18.94
OR_2019_1,OR,2019,1,6,129,13,57,2,18.9,18.94,18.94
OR_2019_1,OR,2019,1,6,155,16,58,1,20.68,18.94,18.94
OR_2019_1,OR,2019,1,6,150,15,58,2,18.94,18.94,18.94
OR_2019_1,OR,2019,1,6,3,18,59,1,20.82,18.94,18.94
OR_2019_1,OR,2019,1,6,98,17,59,2,19.87,18.94,18.94
OR_2019_1,OR,2019,1,6,69,20,60,1,20.9,18.94,18.94
OR_2019_1,OR,2019,1,6,88,19,60,2,19.13,18.94,18.94
OR_2019_1,OR,2019,1,7,165,2,61,1,19.48,20.37,16.43
OR_2019_1,OR,2019,1,7,149,1,61,2,18.66,20.37,16.43
OR_2019_1,OR,2019,1,7,201,4,62,1,20.37,20.37,16.43
OR_2019_1,OR,2019,1,7,138,3,62,2,19.89,20.37,16.43
OR_2019_1,OR,2019,1,7,152,6,63,1,16.34,20.37,16.43
OR_2019_1,OR,2019,1,7,31,5,63,2,18.3,20.37,16.43
OR_2019_1,OR,2019,1,7,151,8,64,1,18.54,20.37,16.43
OR_2019_1,OR,2019,1,7,70,7,64,2,21.33,20.37,16.43
OR_2019_1,OR,2019,1,7,117,10,65,1,19.62,20.37,16.43
OR_2019_1,OR,2019,1,7,142,9,65,2,15.55,20.37,16.43
OR_2019_1,OR,2019,1,7,166,12,66,1,20.45,20.37,16.43
OR_2019_1,OR,2019,1,7,111,11,66,2,20.06,20.37,16.43
OR_2019_1,OR,2019,1,7,24,14,67,1,18.24,20.37,16.43
OR_2019_1,OR,2019,1,7,186,13,67,2,19.96,20.37,16.43
OR_2019_1,OR,2019,1,7,168,16,68,1,18.9,20.37,16.43
OR_2019_1,OR,2019,1,7,143,15,68,2,19.03,20.37,16.43
OR_2019_1,OR,2019,1,7,174,18,69,1,17.7,20.37,16.43
OR_2019_1,OR,2019,1,7,132,17,69,2,18.08,20.37,16.43
OR_2019_1,OR,2019,1,7,20,20,70,1,19.64,20.37,16.43
OR_2019_1,OR,2019,1,7,202,19,70,2,16.43,20.37,16.43
OR_2019_1,OR,2019,1,8,66,2,71,1,22.02,20.86,18.76
OR_2019_1,OR,2019,1,8,58,1,71,2,19.45,20.86,18.76
OR_2019_1,OR,2019,1,8,19,4,72,1,20.74,20.86,18.76
OR_2019_1,OR,2019,1,8,36,3,72,2,19.9,20.86,18.76
OR_2019_1,OR,2019,1,8,118,6,73,1,21.96,20.86,18.76
OR_2019_1,OR,2019,1,8,169,5,73,2,16.97,20.86,18.76
OR_2019_1,OR,2019,1,8,91,8,74,1,19.84,20.86,18.76
OR_2019_1,OR,2019,1,8,201,7,74,2,20.86,20.86,18.76
OR_2019_1,OR,2019,1,8,72,10,75,1,19.32,20.86,18.76
OR_2019_1,OR,2019,1,8,105,9,75,2,17.67,20.86,18.76
OR_2019_1,OR,2019,1,8,141,12,76,1,20.95,20.86,18.76
OR_2019_1,OR,2019,1,8,158,11,76,2,18.48,20.86,18.76
OR_2019_1,OR,2019,1,8,162,14,77,1,19.34,20.86,18.76
OR_2019_1,OR,2019,1,8,135,13,77,2,19.51,20.86,18.76
OR_2019_1,OR,2019,1,8,12,16,78,1,17.82,20.86,18.76
OR_2019_1,OR,2019,1,8,57,15,78,2,18.89,20.86,18.76
OR_2019_1,OR,2019,1,8,202,18,79,1,18.76,20.86,18.76
OR_2019_1,OR,2019,1,8,56,17,79,2,20.15,20.86,18.76
OR_2019_1,OR,2019,1,8,184,20,80,1,19.36,20.86,18.76
OR_2019_1,OR,2019,1,8,61,19,80,2,17.49,20.86,18.76
OR_2019_1,OR,2019,1,9,114,2,81,1,19.6,19.72,17
OR_2019_1,OR,2019,1,9,96,1,81,2,20.9,19.72,17
OR_2019_1,OR,2019,1,9,164,4,82,1,19.6,19.72,17
OR_2019_1,OR,2019,1,9,64,3,82,2,20.25,19.72,17
OR_2019_1,OR,2019,1,9,68,6,83,1,18.91,19.72,17
OR_2019_1,OR,2019,1,9,196,5,83,2,19.06,19.72,17
OR_2019_1,OR,2019,1,9,30,8,84,1,19.7,19.72,17
OR_2019_1,OR,2019,1,9,202,7,84,2,17,19.72,17
OR_2019_1,OR,2019,1,9,120,10,85,1,20.19,19.72,17
OR_2019_1,OR,2019,1,9,170,9,85,2,18.7,19.72,17
OR_2019_1,OR,2019,1,9,86,12,86,1,20.47,19.72,17
OR_2019_1,OR,2019,1,9,16,11,86,2,18.94,19.72,17
OR_2019_1,OR,2019,1,9,8,14,87,1,18.19,19.72,17
OR_2019_1,OR,2019,1,9,33,13,87,2,20.52,19.72,17
OR_2019_1,OR,2019,1,9,201,16,88,1,19.72,19.72,17
OR_2019_1,OR,2019,1,9,23,15,88,2,18.68,19.72,17
OR_2019_1,OR,2019,1,9,194,18,89,1,20.14,19.72,17
OR_2019_1,OR,2019,1,9,128,17,89,2,20.7,19.72,17
OR_2019_1,OR,2019,1,9,73,20,90,1,20.21,19.72,17
OR_2019_1,OR,2019,1,9,52,19,90,2,18.26,19.72,17
OR_2019_1,OR,2019,1,10,157,2,91,1,20.36,18.22,19.92
OR_2019_1,OR,2019,1,10,148,1,91,2,19.86,18.22,19.92
OR_2019_1,OR,2019,1,10,6,4,92,1,20.56,18.22,19.92
OR_2019_1,OR,2019,1,10,80,3,92,2,19.41,18.22,19.92
OR_2019_1,OR,2019,1,10,45,6,93,1,19.69,18.22,19.92
OR_2019_1,OR,2019,1,10,93,5,93,2,19.12,18.22,19.92
OR_2019_1,OR,2019,1,10,147,8,94,1,19.25,18.22,19.92
OR_2019_1,OR,2019,1,10,83,7,94,2,18.86,18.22,19.92
OR_2019_1,OR,2019,1,10,202,10,95,1,19.92,18.22,19.92
OR_2019_1,OR,2019,1,10,125,9,95,2,17.98,18.22,19.92
OR_2019_1,OR,2019,1,10,106,12,96,1,21.74,18.22,19.92
OR_2019_1,OR,2019,1,10,172,11,96,2,18.32,18.22,19.92
OR_2019_1,OR,2019,1,10,127,14,97,1,19.67,18.22,19.92
OR_2019_1,OR,2019,1,10,89,13,97,2,19.97,18.22,19.92
OR_2019_1,OR,2019,1,10,103,16,98,1,21.44,18.22,19.92
OR_2019_1,OR,2019,1,10,107,15,98,2,19.88,18.22,19.92
OR_2019_1,OR,2019,1,10,7,18,99,1,20.41,18.22,19.92
OR_2019_1,OR,2019,1,10,201,17,99,2,18.22,18.22,19.92
OR_2019_1,OR,2019,1,10,175,20,100,1,17.71,18.22,19.92
OR_2019_1,OR,2019,1,10,32,19,100,2,18.27,18.22,19.92
OR_2019_1,OR,2019,1,11,11,2,101,1,20.07,19.53,19.46
OR_2019_1,OR,2019,1,11,2,1,101,2,20.21,19.53,19.46
OR_2019_1,OR,2019,1,11,5,4,102,1,20.5,19.53,19.46
OR_2019_1,OR,2019,1,11,201,3,102,2,19.53,19.53,19.46
OR_2019_1,OR,2019,1,11,136,6,103,1,18.22,19.53,19.46
OR_2019_1,OR,2019,1,11,180,5,103,2,19,19.53,19.46
OR_2019_1,OR,2019,1,11,26,8,104,1,21.08,19.53,19.46
OR_2019_1,OR,2019,1,11,9,7,104,2,18.04,19.53,19.46
OR_2019_1,OR,2019,1,11,1,10,105,1,20.71,19.53,19.46
OR_2019_1,OR,2019,1,11,53,9,105,2,19.76,19.53,19.46
OR_2019_1,OR,2019,1,11,42,12,106,1,20.73,19.53,19.46
OR_2019_1,OR,2019,1,11,198,11,106,2,18.68,19.53,19.46
OR_2019_1,OR,2019,1,11,14,14,107,1,19.82,19.53,19.46
OR_2019_1,OR,2019,1,11,43,13,107,2,18.93,19.53,19.46
OR_2019_1,OR,2019,1,11,130,16,108,1,21.18,19.53,19.46
OR_2019_1,OR,2019,1,11,163,15,108,2,19.06,19.53,19.46
OR_2019_1,OR,2019,1,11,202,18,109,1,19.46,19.53,19.46
OR_2019_1,OR,2019,1,11,97,17,109,2,19.51,19.53,19.46
OR_2019_1,OR,2019,1,11,35,20,110,1,19,19.53,19.46
OR_2019_1,OR,2019,1,11,124,19,110,2,18.63,19.53,19.46
OR_2020_1,OR,2020,1,1,90,2,1,1,21.03045624,22.46677147,21.71154176
OR_2020_1,OR,2020,1,1,34,1,1,2,20.04264392,22.46677147,21.71154176
OR_2020_1,OR,2020,1,1,55,4,2,1,24.57480897,22.46677147,21.71154176
OR_2020_1,OR,2020,1,1,201,3,2,2,22.46677147,22.46677147,21.71154176
OR_2020_1,OR,2020,1,1,192,6,3,1,22.61552758,22.46677147,21.71154176
OR_2020_1,OR,2020,1,1,10,5,3,2,22.71359304,22.46677147,21.71154176
OR_2020_1,OR,2020,1,1,48,8,4,1,22.71112639,22.46677147,21.71154176
OR_2020_1,OR,2020,1,1,145,7,4,2,21.85128983,22.46677147,21.71154176
OR_2020_1,OR,2020,1,1,159,10,5,1,20.71997802,22.46677147,21.71154176
OR_2020_1,OR,2020,1,1,74,9,5,2,18.67067468,22.46677147,21.71154176
OR_2020_1,OR,2020,1,1,95,12,6,1,23.60090824,22.46677147,21.71154176
OR_2020_1,OR,2020,1,1,176,11,6,2,19.76395984,22.46677147,21.71154176
OR_2020_1,OR,2020,1,1,81,14,7,1,23.64455492,22.46677147,21.71154176
OR_2020_1,OR,2020,1,1,190,13,7,2,22.70640137,22.46677147,21.71154176
OR_2020_1,OR,2020,1,1,123,16,8,1,23.4331388,22.46677147,21.71154176
OR_2020_1,OR,2020,1,1,167,15,8,2,18.75394654,22.46677147,21.71154176
OR_2020_1,OR,2020,1,1,160,18,9,1,22.13187991,22.46677147,21.71154176
OR_2020_1,OR,2020,1,1,46,17,9,2,17.27873669,22.46677147,21.71154176
OR_2020_1,OR,2020,1,1,202,20,10,1,21.71154176,22.46677147,21.71154176
OR_2020_1,OR,2020,1,1,18,19,10,2,21.0704607,22.46677147,21.71154176
OR_2020_1,OR,2020,1,2,121,2,11,1,22.84055992,23.49274994,19.27368191
OR_2020_1,OR,2020,1,2,178,1,11,2,21.62342538,23.49274994,19.27368191
OR_2020_1,OR,2020,1,2,65,4,12,1,24.01021711,23.49274994,19.27368191
OR_2020_1,OR,2020,1,2,173,3,12,2,20.34009634,23.49274994,19.27368191
OR_2020_1,OR,2020,1,2,25,6,13,1,23.01867744,23.49274994,19.27368191
OR_2020_1,OR,2020,1,2,181,5,13,2,21.17564567,23.49274994,19.27368191
OR_2020_1,OR,2020,1,2,40,8,14,1,22.31657158,23.49274994,19.27368191
OR_2020_1,OR,2020,1,2,153,7,14,2,21.35453356,23.49274994,19.27368191
OR_2020_1,OR,2020,1,2,201,10,15,1,23.49274994,23.49274994,19.27368191
OR_2020_1,OR,2020,1,2,78,9,15,2,21.73074273,23.49274994,19.27368191
OR_2020_1,OR,2020,1,2,21,12,16,1,23.64246845,23.49274994,19.27368191
OR_2020_1,OR,2020,1,2,179,11,16,2,22.14152085,23.49274994,19.27368191
OR_2020_1,OR,2020,1,2,92,14,17,1,23.57659286,23.49274994,19.27368191
OR_2020_1,OR,2020,1,2,59,13,17,2,22.53098761,23.49274994,19.27368191
OR_2020_1,OR,2020,1,2,193,16,18,1,21.95996045,23.49274994,19.27368191
OR_2020_1,OR,2020,1,2,27,15,18,2,22.55987347,23.49274994,19.27368191
OR_2020_1,OR,2020,1,2,94,18,19,1,23.67293109,23.49274994,19.27368191
OR_2020_1,OR,2020,1,2,202,17,19,2,19.27368191,23.49274994,19.27368191
OR_2020_1,OR,2020,1,2,51,20,20,1,23.70508633,23.49274994,19.27368191
OR_2020_1,OR,2020,1,2,99,19,20,2,21.09184503,23.49274994,19.27368191
OR_2020_1,OR,2020,1,3,113,2,21,1,22.79765874,23.43883661,19.72912353
OR_2020_1,OR,2020,1,3,139,1,21,2,18.99215867,23.43883661,19.72912353
OR_2020_1,OR,2020,1,3,37,4,22,1,21.69347632,23.43883661,19.72912353
OR_2020_1,OR,2020,1,3,183,3,22,2,23.05484955,23.43883661,19.72912353
OR_2020_1,OR,2020,1,3,84,6,23,1,23.18414124,23.43883661,19.72912353
OR_2020_1,OR,2020,1,3,189,5,23,2,21.55701518,23.43883661,19.72912353
OR_2020_1,OR,2020,1,3,187,8,24,1,21.65877217,23.43883661,19.72912353
OR_2020_1,OR,2020,1,3,133,7,24,2,21.08122793,23.43883661,19.72912353
OR_2020_1,OR,2020,1,3,110,10,25,1,22.22030387,23.43883661,19.72912353
OR_2020_1,OR,2020,1,3,202,9,25,2,19.72912353,23.43883661,19.72912353
OR_2020_1,OR,2020,1,3,79,12,26,1,21.85633851,23.43883661,19.72912353
OR_2020_1,OR,2020,1,3,144,11,26,2,19.54373551,23.43883661,19.72912353
OR_2020_1,OR,2020,1,3,77,14,27,1,21.3581747,23.43883661,19.72912353
OR_2020_1,OR,2020,1,3,195,13,27,2,19.33512589,23.43883661,19.72912353
OR_2020_1,OR,2020,1,3,161,16,28,1,23.32896461,23.43883661,19.72912353
OR_2020_1,OR,2020,1,3,54,15,28,2,22.99485377,23.43883661,19.72912353
OR_2020_1,OR,2020,1,3,177,18,29,1,21.86174724,23.43883661,19.72912353
OR_2020_1,OR,2020,1,3,104,17,29,2,20.22305679,23.43883661,19.72912353
OR_2020_1,OR,2020,1,3,201,20,30,1,23.43883661,23.43883661,19.72912353
OR_2020_1,OR,2020,1,3,4,19,30,2,21.81961402,23.43883661,19.72912353
OR_2020_1,OR,2020,1,4,197,2,31,1,21.45103063,20.14655692,19.39400948
OR_2020_1,OR,2020,1,4,108,1,31,2,21.55193384,20.14655692,19.39400948
OR_2020_1,OR,2020,1,4,49,4,32,1,22.29038855,20.14655692,19.39400948
OR_2020_1,OR,2020,1,4,100,3,32,2,18.95079757,20.14655692,19.39400948
OR_2020_1,OR,2020,1,4,201,6,33,1,20.14655692,20.14655692,19.39400948
OR_2020_1,OR,2020,1,4,15,5,33,2,18.95171075,20.14655692,19.39400948
OR_2020_1,OR,2020,1,4,63,8,34,1,22.71482369,20.14655692,19.39400948
OR_2020_1,OR,2020,1,4,13,7,34,2,20.44261721,20.14655692,19.39400948
OR_2020_1,OR,2020,1,4,44,10,35,1,21.12622347,20.14655692,19.39400948
OR_2020_1,OR,2020,1,4,191,9,35,2,21.11135907,20.14655692,19.39400948
OR_2020_1,OR,2020,1,4,115,12,36,1,22.78212655,20.14655692,19.39400948
OR_2020_1,OR,2020,1,4,102,11,36,2,19.35871262,20.14655692,19.39400948
OR_2020_1,OR,2020,1,4,112,14,37,1,21.74515235,20.14655692,19.39400948
OR_2020_1,OR,2020,1,4,202,13,37,2,19.39400948,20.14655692,19.39400948
OR_2020_1,OR,2020,1,4,85,16,38,1,20.63901056,20.14655692,19.39400948
OR_2020_1,OR,2020,1,4,131,15,38,2,22.50180468,20.14655692,19.39400948
OR_2020_1,OR,2020,1,4,67,18,39,1,23.7565445,20.14655692,19.39400948
OR_2020_1,OR,2020,1,4,126,17,39,2,20.18870363,20.14655692,19.39400948
OR_2020_1,OR,2020,1,4,182,20,40,1,20.82837891,20.14655692,19.39400948
OR_2020_1,OR,2020,1,4,47,19,40,2,22.03967762,20.14655692,19.39400948
OR_2020_1,OR,2020,1,5,171,2,41,1,19.10890018,21.88052315,22.5379337
OR_2020_1,OR,2020,1,5,75,1,41,2,21.13197204,21.88052315,22.5379337
OR_2020_1,OR,2020,1,5,119,4,42,1,22.1987594,21.88052315,22.5379337
OR_2020_1,OR,2020,1,5,154,3,42,2,20.16416292,21.88052315,22.5379337
OR_2020_1,OR,2020,1,5,17,6,43,1,23.69743454,21.88052315,22.5379337
OR_2020_1,OR,2020,1,5,201,5,43,2,21.88052315,21.88052315,22.5379337
OR_2020_1,OR,2020,1,5,202,8,44,1,22.5379337,21.88052315,22.5379337
OR_2020_1,OR,2020,1,5,22,7,44,2,20.81298667,21.88052315,22.5379337
OR_2020_1,OR,2020,1,5,50,10,45,1,22.22038931,21.88052315,22.5379337
OR_2020_1,OR,2020,1,5,82,9,45,2,23.28073481,21.88052315,22.5379337
OR_2020_1,OR,2020,1,5,62,12,46,1,22.51395805,21.88052315,22.5379337
OR_2020_1,OR,2020,1,5,134,11,46,2,21.08380219,21.88052315,22.5379337
OR_2020_1,OR,2020,1,5,122,14,47,1,21.523983,21.88052315,22.5379337
OR_2020_1,OR,2020,1,5,29,13,47,2,18.5621123,21.88052315,22.5379337
OR_2020_1,OR,2020,1,5,71,16,48,1,22.158667,21.88052315,22.5379337
OR_2020_1,OR,2020,1,5,137,15,48,2,20.72313786,21.88052315,22.5379337
OR_2020_1,OR,2020,1,5,39,18,49,1,20.15718496,21.88052315,22.5379337
OR_2020_1,OR,2020,1,5,41,17,49,2,23.01184433,21.88052315,22.5379337
OR_2020_1,OR,2020,1,5,38,20,50,1,23.478739,21.88052315,22.5379337
OR_2020_1,OR,2020,1,5,28,19,50,2,16.74489556,21.88052315,22.5379337
OR_2020_1,OR,2020,1,6,116,2,51,1,20.94714272,21.85394772,18.80544994
OR_2020_1,OR,2020,1,6,201,1,51,2,21.85394772,21.85394772,18.80544994
OR_2020_1,OR,2020,1,6,156,4,52,1,21.43879742,21.85394772,18.80544994
OR_2020_1,OR,2020,1,6,60,3,52,2,20.81307541,21.85394772,18.80544994
OR_2020_1,OR,2020,1,6,140,6,53,1,23.57135141,21.85394772,18.80544994
OR_2020_1,OR,2020,1,6,188,5,53,2,20.8761266,21.85394772,18.80544994
OR_2020_1,OR,2020,1,6,109,8,54,1,20.7751301,21.85394772,18.80544994
OR_2020_1,OR,2020,1,6,76,7,54,2,22.14602662,21.85394772,18.80544994
OR_2020_1,OR,2020,1,6,185,10,55,1,20.18213473,21.85394772,18.80544994
OR_2020_1,OR,2020,1,6,101,9,55,2,21.07965381,21.85394772,18.80544994
OR_2020_1,OR,2020,1,6,202,12,56,1,18.80544994,21.85394772,18.80544994
OR_2020_1,OR,2020,1,6,146,11,56,2,19.44674679,21.85394772,18.80544994
OR_2020_1,OR,2020,1,6,87,14,57,1,22.27452659,21.85394772,18.80544994
OR_2020_1,OR,2020,1,6,129,13,57,2,21.98898318,21.85394772,18.80544994
OR_2020_1,OR,2020,1,6,155,16,58,1,20.11212334,21.85394772,18.80544994
OR_2020_1,OR,2020,1,6,150,15,58,2,20.39937712,21.85394772,18.80544994
OR_2020_1,OR,2020,1,6,3,18,59,1,21.95562436,21.85394772,18.80544994
OR_2020_1,OR,2020,1,6,98,17,59,2,21.80696662,21.85394772,18.80544994
OR_2020_1,OR,2020,1,6,69,20,60,1,20.35552457,21.85394772,18.80544994
OR_2020_1,OR,2020,1,6,88,19,60,2,19.56340378,21.85394772,18.80544994
OR_2020_1,OR,2020,1,7,165,2,61,1,19.44748359,21.32058007,19.82650689
OR_2020_1,OR,2020,1,7,149,1,61,2,20.80795127,21.32058007,19.82650689
OR_2020_1,OR,2020,1,7,201,4,62,1,21.32058007,21.32058007,19.82650689
OR_2020_1,OR,2020,1,7,138,3,62,2,21.72986143,21.32058007,19.82650689
OR_2020_1,OR,2020,1,7,152,6,63,1,22.16272692,21.32058007,19.82650689
OR_2020_1,OR,2020,1,7,31,5,63,2,21.2486037,21.32058007,19.82650689
OR_2020_1,OR,2020,1,7,151,8,64,1,21.85507862,21.32058007,19.82650689
OR_2020_1,OR,2020,1,7,70,7,64,2,21.52510605,21.32058007,19.82650689
OR_2020_1,OR,2020,1,7,117,10,65,1,20.90896684,21.32058007,19.82650689
OR_2020_1,OR,2020,1,7,142,9,65,2,17.67251196,21.32058007,19.82650689
OR_2020_1,OR,2020,1,7,166,12,66,1,20.34949981,21.32058007,19.82650689
OR_2020_1,OR,2020,1,7,111,11,66,2,20.45849253,21.32058007,19.82650689
OR_2020_1,OR,2020,1,7,24,14,67,1,22.56510267,21.32058007,19.82650689
OR_2020_1,OR,2020,1,7,186,13,67,2,20.90673894,21.32058007,19.82650689
OR_2020_1,OR,2020,1,7,168,16,68,1,17.95175959,21.32058007,19.82650689
OR_2020_1,OR,2020,1,7,143,15,68,2,19.58776421,21.32058007,19.82650689
OR_2020_1,OR,2020,1,7,174,18,69,1,20.33959538,21.32058007,19.82650689
OR_2020_1,OR,2020,1,7,132,17,69,2,19.20522217,21.32058007,19.82650689
OR_2020_1,OR,2020,1,7,20,20,70,1,21.73980223,21.32058007,19.82650689
OR_2020_1,OR,2020,1,7,202,19,70,2,19.82650689,21.32058007,19.82650689
OR_2020_1,OR,2020,1,8,66,2,71,1,25.88369441,19.77815193,20.24625717
OR_2020_1,OR,2020,1,8,58,1,71,2,23.59767892,19.77815193,20.24625717
OR_2020_1,OR,2020,1,8,19,4,72,1,23.11697327,19.77815193,20.24625717
OR_2020_1,OR,2020,1,8,36,3,72,2,21.21905274,19.77815193,20.24625717
OR_2020_1,OR,2020,1,8,118,6,73,1,22.47976045,19.77815193,20.24625717
OR_2020_1,OR,2020,1,8,169,5,73,2,18.42717944,19.77815193,20.24625717
OR_2020_1,OR,2020,1,8,91,8,74,1,21.05263158,19.77815193,20.24625717
OR_2020_1,OR,2020,1,8,201,7,74,2,19.77815193,19.77815193,20.24625717
OR_2020_1,OR,2020,1,8,72,10,75,1,24.0294977,19.77815193,20.24625717
OR_2020_1,OR,2020,1,8,105,9,75,2,18.32248246,19.77815193,20.24625717
OR_2020_1,OR,2020,1,8,141,12,76,1,21.8679074,19.77815193,20.24625717
OR_2020_1,OR,2020,1,8,158,11,76,2,18.85568872,19.77815193,20.24625717
OR_2020_1,OR,2020,1,8,162,14,77,1,22.24900982,19.77815193,20.24625717
OR_2020_1,OR,2020,1,8,135,13,77,2,20.86766844,19.77815193,20.24625717
OR_2020_1,OR,2020,1,8,12,16,78,1,23.04340248,19.77815193,20.24625717
OR_2020_1,OR,2020,1,8,57,15,78,2,19.25908335,19.77815193,20.24625717
OR_2020_1,OR,2020,1,8,202,18,79,1,20.24625717,19.77815193,20.24625717
OR_2020_1,OR,2020,1,8,56,17,79,2,21.5851602,19.77815193,20.24625717
OR_2020_1,OR,2020,1,8,184,20,80,1,22.08710407,19.77815193,20.24625717
OR_2020_1,OR,2020,1,8,61,19,80,2,21.32639792,19.77815193,20.24625717
OR_2020_1,OR,2020,1,9,114,2,81,1,21.79985202,22.90681714,18.71362336
OR_2020_1,OR,2020,1,9,96,1,81,2,20.74238356,22.90681714,18.71362336
OR_2020_1,OR,2020,1,9,164,4,82,1,18.83116883,22.90681714,18.71362336
OR_2020_1,OR,2020,1,9,64,3,82,2,21.49904795,22.90681714,18.71362336
OR_2020_1,OR,2020,1,9,68,6,83,1,21.77812223,22.90681714,18.71362336
OR_2020_1,OR,2020,1,9,196,5,83,2,18.42161242,22.90681714,18.71362336
OR_2020_1,OR,2020,1,9,30,8,84,1,22.23605922,22.90681714,18.71362336
OR_2020_1,OR,2020,1,9,202,7,84,2,18.71362336,22.90681714,18.71362336
OR_2020_1,OR,2020,1,9,120,10,85,1,25.35446205,22.90681714,18.71362336
OR_2020_1,OR,2020,1,9,170,9,85,2,17.90319732,22.90681714,18.71362336
OR_2020_1,OR,2020,1,9,86,12,86,1,22.33985527,22.90681714,18.71362336
OR_2020_1,OR,2020,1,9,16,11,86,2,21.55736764,22.90681714,18.71362336
OR_2020_1,OR,2020,1,9,8,14,87,1,19.51541322,22.90681714,18.71362336
OR_2020_1,OR,2020,1,9,33,13,87,2,21.78815309,22.90681714,18.71362336
OR_2020_1,OR,2020,1,9,201,16,88,1,22.90681714,22.90681714,18.71362336
OR_2020_1,OR,2020,1,9,23,15,88,2,20.74269087,22.90681714,18.71362336
OR_2020_1,OR,2020,1,9,194,18,89,1,20.12571158,22.90681714,18.71362336
OR_2020_1,OR,2020,1,9,128,17,89,2,22.85023425,22.90681714,18.71362336
OR_2020_1,OR,2020,1,9,73,20,90,1,23.35008741,22.90681714,18.71362336
OR_2020_1,OR,2020,1,9,52,19,90,2,21.34769704,22.90681714,18.71362336
OR_2020_1,OR,2020,1,10,157,2,91,1,21.05914378,22.62939682,19.00833938
OR_2020_1,OR,2020,1,10,148,1,91,2,17.93931989,22.62939682,19.00833938
OR_2020_1,OR,2020,1,10,6,4,92,1,21.52273007,22.62939682,19.00833938
OR_2020_1,OR,2020,1,10,80,3,92,2,21.7127583,22.62939682,19.00833938
OR_2020_1,OR,2020,1,10,45,6,93,1,20.94902611,22.62939682,19.00833938
OR_2020_1,OR,2020,1,10,93,5,93,2,21.18652203,22.62939682,19.00833938
OR_2020_1,OR,2020,1,10,147,8,94,1,20.4706078,22.62939682,19.00833938
OR_2020_1,OR,2020,1,10,83,7,94,2,20.85617086,22.62939682,19.00833938
OR_2020_1,OR,2020,1,10,202,10,95,1,19.00833938,22.62939682,19.00833938
OR_2020_1,OR,2020,1,10,125,9,95,2,20.69209874,22.62939682,19.00833938
OR_2020_1,OR,2020,1,10,106,12,96,1,22.24472394,22.62939682,19.00833938
OR_2020_1,OR,2020,1,10,172,11,96,2,20.50859861,22.62939682,19.00833938
OR_2020_1,OR,2020,1,10,127,14,97,1,22.15351037,22.62939682,19.00833938
OR_2020_1,OR,2020,1,10,89,13,97,2,22.24646836,22.62939682,19.00833938
OR_2020_1,OR,2020,1,10,103,16,98,1,24.27629373,22.62939682,19.00833938
OR_2020_1,OR,2020,1,10,107,15,98,2,23.23183503,22.62939682,19.00833938
OR_2020_1,OR,2020,1,10,7,18,99,1,19.93599621,22.62939682,19.00833938
OR_2020_1,OR,2020,1,10,201,17,99,2,22.62939682,22.62939682,19.00833938
OR_2020_1,OR,2020,1,10,175,20,100,1,20.80517191,22.62939682,19.00833938
OR_2020_1,OR,2020,1,10,32,19,100,2,22.42431641,22.62939682,19.00833938
OR_2020_1,OR,2020,1,11,11,2,101,1,19.65924947,21.26021669,20.72252885
OR_2020_1,OR,2020,1,11,2,1,101,2,24.0013934,21.26021669,20.72252885
OR_2020_1,OR,2020,1,11,5,4,102,1,22.4909541,21.26021669,20.72252885
OR_2020_1,OR,2020,1,11,201,3,102,2,21.26021669,21.26021669,20.72252885
OR_2020_1,OR,2020,1,11,136,6,103,1,20.83249345,21.26021669,20.72252885
OR_2020_1,OR,2020,1,11,180,5,103,2,21.76178975,21.26021669,20.72252885
OR_2020_1,OR,2020,1,11,26,8,104,1,20.88316467,21.26021669,20.72252885
OR_2020_1,OR,2020,1,11,9,7,104,2,19.75906206,21.26021669,20.72252885
OR_2020_1,OR,2020,1,11,1,10,105,1,22.71732644,21.26021669,20.72252885
OR_2020_1,OR,2020,1,11,53,9,105,2,20.62689585,21.26021669,20.72252885
OR_2020_1,OR,2020,1,11,42,12,106,1,20.52811984,21.26021669,20.72252885
OR_2020_1,OR,2020,1,11,198,11,106,2,20.38933273,21.26021669,20.72252885
OR_2020_1,OR,2020,1,11,14,14,107,1,20.58780947,21.26021669,20.72252885
OR_2020_1,OR,2020,1,11,43,13,107,2,20.40106405,21.26021669,20.72252885
OR_2020_1,OR,2020,1,11,130,16,108,1,23.38393091,21.26021669,20.72252885
OR_2020_1,OR,2020,1,11,163,15,108,2,22.10628488,21.26021669,20.72252885
OR_2020_1,OR,2020,1,11,202,18,109,1,20.72252885,21.26021669,20.72252885
OR_2020_1,OR,2020,1,11,97,17,109,2,22.40824211,21.26021669,20.72252885
OR_2020_1,OR,2020,1,11,35,20,110,1,21.46767466,21.26021669,20.72252885
OR_2020_1,OR,2020,1,11,124,19,110,2,20.36689598,21.26021669,20.72252885
WA_2018_1,WA,2018,1,1,201,4,1,1,20.98,20.98,20.36
WA_2018_1,WA,2018,1,1,162,3,1,2,20.48,20.98,20.36
WA_2018_1,WA,2018,1,1,29,2,1,3,20.73,20.98,20.36
WA_2018_1,WA,2018,1,1,123,1,1,4,18.75,20.98,20.36
WA_2018_1,WA,2018,1,1,139,8,2,1,19.86,20.98,20.36
WA_2018_1,WA,2018,1,1,159,7,2,2,19.26,20.98,20.36
WA_2018_1,WA,2018,1,1,191,6,2,3,22.66,20.98,20.36
WA_2018_1,WA,2018,1,1,126,5,2,4,21.12,20.98,20.36
WA_2018_1,WA,2018,1,1,84,12,3,1,19.31,20.98,20.36
WA_2018_1,WA,2018,1,1,121,11,3,2,20.95,20.98,20.36
WA_2018_1,WA,2018,1,1,69,10,3,3,20.83,20.98,20.36
WA_2018_1,WA,2018,1,1,77,9,3,4,20.85,20.98,20.36
WA_2018_1,WA,2018,1,1,32,16,4,1,20.93,20.98,20.36
WA_2018_1,WA,2018,1,1,202,15,4,2,20.36,20.98,20.36
WA_2018_1,WA,2018,1,1,125,14,4,3,21.52,20.98,20.36
WA_2018_1,WA,2018,1,1,133,13,4,4,20.91,20.98,20.36
WA_2018_1,WA,2018,1,1,164,20,5,1,20.03,20.98,20.36
WA_2018_1,WA,2018,1,1,116,19,5,2,20.39,20.98,20.36
WA_2018_1,WA,2018,1,1,13,18,5,3,20.69,20.98,20.36
WA_2018_1,WA,2018,1,1,37,17,5,4,20.58,20.98,20.36
WA_2018_1,WA,2018,1,2,24,4,6,1,20.44,18.08,21.04
WA_2018_1,WA,2018,1,2,43,3,6,2,19.89,18.08,21.04
WA_2018_1,WA,2018,1,2,146,2,6,3,21.32,18.08,21.04
WA_2018_1,WA,2018,1,2,35,1,6,4,20.78,18.08,21.04
WA_2018_1,WA,2018,1,2,107,8,7,1,21.36,18.08,21.04
WA_2018_1,WA,2018,1,2,76,7,7,2,20.03,18.08,21.04
WA_2018_1,WA,2018,1,2,104,6,7,3,20.91,18.08,21.04
WA_2018_1,WA,2018,1,2,202,5,7,4,21.04,18.08,21.04
WA_2018_1,WA,2018,1,2,3,12,8,1,21.57,18.08,21.04
WA_2018_1,WA,2018,1,2,78,11,8,2,19.73,18.08,21.04
WA_2018_1,WA,2018,1,2,195,10,8,3,20.29,18.08,21.04
WA_2018_1,WA,2018,1,2,158,9,8,4,19.18,18.08,21.04
WA_2018_1,WA,2018,1,2,156,16,9,1,20.16,18.08,21.04
WA_2018_1,WA,2018,1,2,34,15,9,2,21.13,18.08,21.04
WA_2018_1,WA,2018,1,2,201,14,9,3,18.08,18.08,21.04
WA_2018_1,WA,2018,1,2,82,13,9,4,22.14,18.08,21.04
WA_2018_1,WA,2018,1,2,140,20,10,1,21.81,18.08,21.04
WA_2018_1,WA,2018,1,2,90,19,10,2,20.57,18.08,21.04
WA_2018_1,WA,2018,1,2,52,18,10,3,20.69,18.08,21.04
WA_2018_1,WA,2018,1,2,6,17,10,4,22.87,18.08,21.04
WA_2018_1,WA,2018,1,3,177,4,11,1,19.12,19.67,19.05
WA_2018_1,WA,2018,1,3,40,3,11,2,19.95,19.67,19.05
WA_2018_1,WA,2018,1,3,201,2,11,3,19.67,19.67,19.05
WA_2018_1,WA,2018,1,3,91,1,11,4,21.17,19.67,19.05
WA_2018_1,WA,2018,1,3,186,8,12,1,20.83,19.67,19.05
WA_2018_1,WA,2018,1,3,145,7,12,2,19.39,19.67,19.05
WA_2018_1,WA,2018,1,3,189,6,12,3,19.43,19.67,19.05
WA_2018_1,WA,2018,1,3,119,5,12,4,22.4,19.67,19.05
WA_2018_1,WA,2018,1,3,202,12,13,1,19.05,19.67,19.05
WA_2018_1,WA,2018,1,3,111,11,13,2,19.32,19.67,19.05
WA_2018_1,WA,2018,1,3,50,10,13,3,19.8,19.67,19.05
WA_2018_1,WA,2018,1,3,114,9,13,4,22.81,19.67,19.05
WA_2018_1,WA,2018,1,3,185,16,14,1,20.42,19.67,19.05
WA_2018_1,WA,2018,1,3,197,15,14,2,20.37,19.67,19.05
WA_2018_1,WA,2018,1,3,12,14,14,3,20.33,19.67,19.05
WA_2018_1,WA,2018,1,3,66,13,14,4,20.79,19.67,19.05
WA_2018_1,WA,2018,1,3,36,20,15,1,21.83,19.67,19.05
WA_2018_1,WA,2018,1,3,33,19,15,2,22.03,19.67,19.05
WA_2018_1,WA,2018,1,3,182,18,15,3,20.23,19.67,19.05
WA_2018_1,WA,2018,1,3,26,17,15,4,21.03,19.67,19.05
WA_2018_1,WA,2018,1,4,22,4,16,1,21.84,19.74,18.38
WA_2018_1,WA,2018,1,4,136,3,16,2,19.59,19.74,18.38
WA_2018_1,WA,2018,1,4,115,2,16,3,20.34,19.74,18.38
WA_2018_1,WA,2018,1,4,149,1,16,4,19.96,19.74,18.38
WA_2018_1,WA,2018,1,4,56,8,17,1,21.41,19.74,18.38
WA_2018_1,WA,2018,1,4,202,7,17,2,18.38,19.74,18.38
WA_2018_1,WA,2018,1,4,165,6,17,3,19.04,19.74,18.38
WA_2018_1,WA,2018,1,4,53,5,17,4,19.98,19.74,18.38
WA_2018_1,WA,2018,1,4,94,12,18,1,21.38,19.74,18.38
WA_2018_1,WA,2018,1,4,89,11,18,2,20.21,19.74,18.38
WA_2018_1,WA,2018,1,4,131,10,18,3,20.49,19.74,18.38
WA_2018_1,WA,2018,1,4,73,9,18,4,21.56,19.74,18.38
WA_2018_1,WA,2018,1,4,196,16,19,1,19.91,19.74,18.38
WA_2018_1,WA,2018,1,4,68,15,19,2,19.87,19.74,18.38
WA_2018_1,WA,2018,1,4,190,14,19,3,19.58,19.74,18.38
WA_2018_1,WA,2018,1,4,201,13,19,4,19.74,19.74,18.38
WA_2018_1,WA,2018,1,4,179,20,20,1,19.3,19.74,18.38
WA_2018_1,WA,2018,1,4,61,19,20,2,19.36,19.74,18.38
WA_2018_1,WA,2018,1,4,120,18,20,3,19.67,19.74,18.38
WA_2018_1,WA,2018,1,4,100,17,20,4,20.72,19.74,18.38
WA_2018_1,WA,2018,1,5,103,4,21,1,20.1,19.4,19
WA_2018_1,WA,2018,1,5,128,3,21,2,19.58,19.4,19
WA_2018_1,WA,2018,1,5,174,2,21,3,20.56,19.4,19
WA_2018_1,WA,2018,1,5,124,1,21,4,21.2,19.4,19
WA_2018_1,WA,2018,1,5,201,8,22,1,19.4,19.4,19
WA_2018_1,WA,2018,1,5,14,7,22,2,19.22,19.4,19
WA_2018_1,WA,2018,1,5,108,6,22,3,19.58,19.4,19
WA_2018_1,WA,2018,1,5,181,5,22,4,22.04,19.4,19
WA_2018_1,WA,2018,1,5,23,12,23,1,20.11,19.4,19
WA_2018_1,WA,2018,1,5,172,11,23,2,18.84,19.4,19
WA_2018_1,WA,2018,1,5,17,10,23,3,19.37,19.4,19
WA_2018_1,WA,2018,1,5,127,9,23,4,20.91,19.4,19
WA_2018_1,WA,2018,1,5,138,16,24,1,21.16,19.4,19
WA_2018_1,WA,2018,1,5,67,15,24,2,19.87,19.4,19
WA_2018_1,WA,2018,1,5,202,14,24,3,19,19.4,19
WA_2018_1,WA,2018,1,5,99,13,24,4,20.45,19.4,19
WA_2018_1,WA,2018,1,5,106,20,25,1,21.09,19.4,19
WA_2018_1,WA,2018,1,5,161,19,25,2,20.51,19.4,19
WA_2018_1,WA,2018,1,5,87,18,25,3,19.91,19.4,19
WA_2018_1,WA,2018,1,5,130,17,25,4,20.98,19.4,19
WA_2018_1,WA,2018,1,6,202,4,26,1,17.67,23.06,17.67
WA_2018_1,WA,2018,1,6,19,3,26,2,21.99,23.06,17.67
WA_2018_1,WA,2018,1,6,151,2,26,3,20.57,23.06,17.67
WA_2018_1,WA,2018,1,6,188,1,26,4,22.3,23.06,17.67
WA_2018_1,WA,2018,1,6,176,8,27,1,21.75,23.06,17.67
WA_2018_1,WA,2018,1,6,80,7,27,2,22.83,23.06,17.67
WA_2018_1,WA,2018,1,6,5,6,27,3,23.87,23.06,17.67
WA_2018_1,WA,2018,1,6,154,5,27,4,21.61,23.06,17.67
WA_2018_1,WA,2018,1,6,79,12,28,1,22.44,23.06,17.67
WA_2018_1,WA,2018,1,6,118,11,28,2,20.34,23.06,17.67
WA_2018_1,WA,2018,1,6,117,10,28,3,22.26,23.06,17.67
WA_2018_1,WA,2018,1,6,183,9,28,4,21.57,23.06,17.67
WA_2018_1,WA,2018,1,6,25,16,29,1,21.68,23.06,17.67
WA_2018_1,WA,2018,1,6,113,15,29,2,19.7,23.06,17.67
WA_2018_1,WA,2018,1,6,46,14,29,3,20.29,23.06,17.67
WA_2018_1,WA,2018,1,6,201,13,29,4,23.06,23.06,17.67
WA_2018_1,WA,2018,1,6,171,20,30,1,23.18,23.06,17.67
WA_2018_1,WA,2018,1,6,95,19,30,2,20.48,23.06,17.67
WA_2018_1,WA,2018,1,6,41,18,30,3,21.62,23.06,17.67
WA_2018_1,WA,2018,1,6,71,17,30,4,20.45,23.06,17.67
WA_2018_1,WA,2018,1,7,143,4,31,1,22.98,22.39,20.74
WA_2018_1,WA,2018,1,7,150,3,31,2,20.07,22.39,20.74
WA_2018_1,WA,2018,1,7,202,2,31,3,20.74,22.39,20.74
WA_2018_1,WA,2018,1,7,38,1,31,4,26,22.39,20.74
WA_2018_1,WA,2018,1,7,54,8,32,1,23.75,22.39,20.74
WA_2018_1,WA,2018,1,7,135,7,32,2,22.46,22.39,20.74
WA_2018_1,WA,2018,1,7,11,6,32,3,23.16,22.39,20.74
WA_2018_1,WA,2018,1,7,72,5,32,4,22.91,22.39,20.74
WA_2018_1,WA,2018,1,7,163,12,33,1,21.34,22.39,20.74
WA_2018_1,WA,2018,1,7,64,11,33,2,21.92,22.39,20.74
WA_2018_1,WA,2018,1,7,45,10,33,3,23.96,22.39,20.74
WA_2018_1,WA,2018,1,7,27,9,33,4,24.54,22.39,20.74
WA_2018_1,WA,2018,1,7,192,16,34,1,19.47,22.39,20.74
WA_2018_1,WA,2018,1,7,201,15,34,2,22.39,22.39,20.74
WA_2018_1,WA,2018,1,7,51,14,34,3,23.23,22.39,20.74
WA_2018_1,WA,2018,1,7,8,13,34,4,19.68,22.39,20.74
WA_2018_1,WA,2018,1,7,70,20,35,1,22.04,22.39,20.74
WA_2018_1,WA,2018,1,7,74,19,35,2,20.43,22.39,20.74
WA_2018_1,WA,2018,1,7,129,18,35,3,23.4,22.39,20.74
WA_2018_1,WA,2018,1,7,18,17,35,4,25.49,22.39,20.74
WA_2018_1,WA,2018,1,8,98,4,36,1,20.57,24.56,24.7
WA_2018_1,WA,2018,1,8,93,3,36,2,23.28,24.56,24.7
WA_2018_1,WA,2018,1,8,112,2,36,3,24.96,24.56,24.7
WA_2018_1,WA,2018,1,8,170,1,36,4,25.26,24.56,24.7
WA_2018_1,WA,2018,1,8,193,8,37,1,22,24.56,24.7
WA_2018_1,WA,2018,1,8,137,7,37,2,22.43,24.56,24.7
WA_2018_1,WA,2018,1,8,180,6,37,3,21.88,24.56,24.7
WA_2018_1,WA,2018,1,8,44,5,37,4,24.02,24.56,24.7
WA_2018_1,WA,2018,1,8,58,12,38,1,24.13,24.56,24.7
WA_2018_1,WA,2018,1,8,141,11,38,2,23.45,24.56,24.7
WA_2018_1,WA,2018,1,8,169,10,38,3,22.12,24.56,24.7
WA_2018_1,WA,2018,1,8,10,9,38,4,24.46,24.56,24.7
WA_2018_1,WA,2018,1,8,201,16,39,1,24.56,24.56,24.7
WA_2018_1,WA,2018,1,8,47,15,39,2,22.86,24.56,24.7
WA_2018_1,WA,2018,1,8,28,14,39,3,21.34,24.56,24.7
WA_2018_1,WA,2018,1,8,75,13,39,4,25.39,24.56,24.7
WA_2018_1,WA,2018,1,8,194,20,40,1,24.3,24.56,24.7
WA_2018_1,WA,2018,1,8,42,19,40,2,22.64,24.56,24.7
WA_2018_1,WA,2018,1,8,48,18,40,3,23.83,24.56,24.7
WA_2018_1,WA,2018,1,8,202,17,40,4,24.7,24.56,24.7
WA_2018_1,WA,2018,1,9,110,4,41,1,23.12,22.77,21.39
WA_2018_1,WA,2018,1,9,63,3,41,2,23.12,22.77,21.39
WA_2018_1,WA,2018,1,9,31,2,41,3,21.52,22.77,21.39
WA_2018_1,WA,2018,1,9,97,1,41,4,22.99,22.77,21.39
WA_2018_1,WA,2018,1,9,55,8,42,1,23.29,22.77,21.39
WA_2018_1,WA,2018,1,9,201,7,42,2,22.77,22.77,21.39
WA_2018_1,WA,2018,1,9,16,6,42,3,22.27,22.77,21.39
WA_2018_1,WA,2018,1,9,184,5,42,4,22.9,22.77,21.39
WA_2018_1,WA,2018,1,9,7,12,43,1,22.36,22.77,21.39
WA_2018_1,WA,2018,1,9,102,11,43,2,20.43,22.77,21.39
WA_2018_1,WA,2018,1,9,202,10,43,3,21.39,22.77,21.39
WA_2018_1,WA,2018,1,9,4,9,43,4,25.13,22.77,21.39
WA_2018_1,WA,2018,1,9,155,16,44,1,21.24,22.77,21.39
WA_2018_1,WA,2018,1,9,173,15,44,2,20.25,22.77,21.39
WA_2018_1,WA,2018,1,9,122,14,44,3,22.98,22.77,21.39
WA_2018_1,WA,2018,1,9,132,13,44,4,22.68,22.77,21.39
WA_2018_1,WA,2018,1,9,187,20,45,1,22.53,22.77,21.39
WA_2018_1,WA,2018,1,9,175,19,45,2,20.64,22.77,21.39
WA_2018_1,WA,2018,1,9,20,18,45,3,22.54,22.77,21.39
WA_2018_1,WA,2018,1,9,86,17,45,4,22.19,22.77,21.39
WA_2018_1,WA,2018,1,10,96,4,46,1,22.16,23.14,21.86
WA_2018_1,WA,2018,1,10,198,3,46,2,21.69,23.14,21.86
WA_2018_1,WA,2018,1,10,92,2,46,3,24.95,23.14,21.86
WA_2018_1,WA,2018,1,10,49,1,46,4,22.42,23.14,21.86
WA_2018_1,WA,2018,1,10,101,8,47,1,21.33,23.14,21.86
WA_2018_1,WA,2018,1,10,166,7,47,2,20.2,23.14,21.86
WA_2018_1,WA,2018,1,10,1,6,47,3,22.27,23.14,21.86
WA_2018_1,WA,2018,1,10,57,5,47,4,21.87,23.14,21.86
WA_2018_1,WA,2018,1,10,142,12,48,1,22.94,23.14,21.86
WA_2018_1,WA,2018,1,10,88,11,48,2,22.93,23.14,21.86
WA_2018_1,WA,2018,1,10,21,10,48,3,22.81,23.14,21.86
WA_2018_1,WA,2018,1,10,178,9,48,4,22.03,23.14,21.86
WA_2018_1,WA,2018,1,10,202,16,49,1,21.86,23.14,21.86
WA_2018_1,WA,2018,1,10,148,15,49,2,22.29,23.14,21.86
WA_2018_1,WA,2018,1,10,15,14,49,3,21.26,23.14,21.86
WA_2018_1,WA,2018,1,10,85,13,49,4,21.93,23.14,21.86
WA_2018_1,WA,2018,1,10,153,20,50,1,22.33,23.14,21.86
WA_2018_1,WA,2018,1,10,201,19,50,2,23.14,23.14,21.86
WA_2018_1,WA,2018,1,10,105,18,50,3,20.69,23.14,21.86
WA_2018_1,WA,2018,1,10,59,17,50,4,22.68,23.14,21.86
WA_2018_1,WA,2018,1,11,152,4,51,1,22.93,22.06,21.79
WA_2018_1,WA,2018,1,11,134,3,51,2,23.21,22.06,21.79
WA_2018_1,WA,2018,1,11,202,2,51,3,21.79,22.06,21.79
WA_2018_1,WA,2018,1,11,167,1,51,4,21.01,22.06,21.79
WA_2018_1,WA,2018,1,11,39,8,52,1,22.73,22.06,21.79
WA_2018_1,WA,2018,1,11,83,7,52,2,22.85,22.06,21.79
WA_2018_1,WA,2018,1,11,109,6,52,3,22.13,22.06,21.79
WA_2018_1,WA,2018,1,11,2,5,52,4,24.08,22.06,21.79
WA_2018_1,WA,2018,1,11,160,12,53,1,22.25,22.06,21.79
WA_2018_1,WA,2018,1,11,168,11,53,2,21.1,22.06,21.79
WA_2018_1,WA,2018,1,11,147,10,53,3,21.91,22.06,21.79
WA_2018_1,WA,2018,1,11,9,9,53,4,20.86,22.06,21.79
WA_2018_1,WA,2018,1,11,81,16,54,1,23.29,22.06,21.79
WA_2018_1,WA,2018,1,11,62,15,54,2,23.51,22.06,21.79
WA_2018_1,WA,2018,1,11,157,14,54,3,22.06,22.06,21.79
WA_2018_1,WA,2018,1,11,60,13,54,4,23.41,22.06,21.79
WA_2018_1,WA,2018,1,11,144,20,55,1,23.45,22.06,21.79
WA_2018_1,WA,2018,1,11,30,19,55,2,24.33,22.06,21.79
WA_2018_1,WA,2018,1,11,65,18,55,3,21.68,22.06,21.79
WA_2018_1,WA,2018,1,11,201,17,55,4,22.06,22.06,21.79
WA_2019_1,WA,2019,1,1,201,4,1,1,18.86,18.86,16.53
WA_2019_1,WA,2019,1,1,162,3,1,2,18.1,18.86,16.53
WA_2019_1,WA,2019,1,1,29,2,1,3,17.31,18.86,16.53
WA_2019_1,WA,2019,1,1,123,1,1,4,13.74,18.86,16.53
WA_2019_1,WA,2019,1,1,139,8,2,1,17.5,18.86,16.53
WA_2019_1,WA,2019,1,1,159,7,2,2,16.11,18.86,16.53
WA_2019_1,WA,2019,1,1,191,6,2,3,20.12,18.86,16.53
WA_2019_1,WA,2019,1,1,126,5,2,4,15.95,18.86,16.53
WA_2019_1,WA,2019,1,1,84,12,3,1,17.91,18.86,16.53
WA_2019_1,WA,2019,1,1,121,11,3,2,16.89,18.86,16.53
WA_2019_1,WA,2019,1,1,69,10,3,3,18.78,18.86,16.53
WA_2019_1,WA,2019,1,1,77,9,3,4,16.71,18.86,16.53
WA_2019_1,WA,2019,1,1,32,16,4,1,17.73,18.86,16.53
WA_2019_1,WA,2019,1,1,202,15,4,2,16.53,18.86,16.53
WA_2019_1,WA,2019,1,1,125,14,4,3,16.62,18.86,16.53
WA_2019_1,WA,2019,1,1,133,13,4,4,16.07,18.86,16.53
WA_2019_1,WA,2019,1,1,164,20,5,1,19.28,18.86,16.53
WA_2019_1,WA,2019,1,1,116,19,5,2,16.44,18.86,16.53
WA_2019_1,WA,2019,1,1,13,18,5,3,16.28,18.86,16.53
WA_2019_1,WA,2019,1,1,37,17,5,4,15.8,18.86,16.53
WA_2019_1,WA,2019,1,2,24,4,6,1,16.55,17.3,18.31
WA_2019_1,WA,2019,1,2,43,3,6,2,15.59,17.3,18.31
WA_2019_1,WA,2019,1,2,146,2,6,3,17.75,17.3,18.31
WA_2019_1,WA,2019,1,2,35,1,6,4,17.17,17.3,18.31
WA_2019_1,WA,2019,1,2,107,8,7,1,18.73,17.3,18.31
WA_2019_1,WA,2019,1,2,76,7,7,2,16.05,17.3,18.31
WA_2019_1,WA,2019,1,2,104,6,7,3,17.46,17.3,18.31
WA_2019_1,WA,2019,1,2,202,5,7,4,18.31,17.3,18.31
WA_2019_1,WA,2019,1,2,3,12,8,1,19.41,17.3,18.31
WA_2019_1,WA,2019,1,2,78,11,8,2,16.92,17.3,18.31
WA_2019_1,WA,2019,1,2,195,10,8,3,15.12,17.3,18.31
WA_2019_1,WA,2019,1,2,158,9,8,4,17.44,17.3,18.31
WA_2019_1,WA,2019,1,2,156,16,9,1,18.5,17.3,18.31
WA_2019_1,WA,2019,1,2,34,15,9,2,19.32,17.3,18.31
WA_2019_1,WA,2019,1,2,201,14,9,3,17.3,17.3,18.31
WA_2019_1,WA,2019,1,2,82,13,9,4,16.52,17.3,18.31
WA_2019_1,WA,2019,1,2,140,20,10,1,17.87,17.3,18.31
WA_2019_1,WA,2019,1,2,90,19,10,2,16.06,17.3,18.31
WA_2019_1,WA,2019,1,2,6,17,10,4,18.27,17.3,18.31
WA_2019_1,WA,2019,1,3,177,4,11,1,14.4,18.11,17.85
WA_2019_1,WA,2019,1,3,40,3,11,2,19.14,18.11,17.85
WA_2019_1,WA,2019,1,3,201,2,11,3,18.11,18.11,17.85
WA_2019_1,WA,2019,1,3,91,1,11,4,14.91,18.11,17.85
WA_2019_1,WA,2019,1,3,186,8,12,1,17.5,18.11,17.85
WA_2019_1,WA,2019,1,3,145,7,12,2,18.38,18.11,17.85
WA_2019_1,WA,2019,1,3,189,6,12,3,16.97,18.11,17.85
WA_2019_1,WA,2019,1,3,119,5,12,4,16.8,18.11,17.85
WA_2019_1,WA,2019,1,3,202,12,13,1,17.85,18.11,17.85
WA_2019_1,WA,2019,1,3,111,11,13,2,15.51,18.11,17.85
WA_2019_1,WA,2019,1,3,50,10,13,3,16.17,18.11,17.85
WA_2019_1,WA,2019,1,3,114,9,13,4,16.44,18.11,17.85
WA_2019_1,WA,2019,1,3,185,16,14,1,18.59,18.11,17.85
WA_2019_1,WA,2019,1,3,197,15,14,2,14.8,18.11,17.85
WA_2019_1,WA,2019,1,3,12,14,14,3,15.49,18.11,17.85
WA_2019_1,WA,2019,1,3,66,13,14,4,18.91,18.11,17.85
WA_2019_1,WA,2019,1,3,36,20,15,1,19.21,18.11,17.85
WA_2019_1,WA,2019,1,3,33,19,15,2,15.28,18.11,17.85
WA_2019_1,WA,2019,1,3,182,18,15,3,17.14,18.11,17.85
WA_2019_1,WA,2019,1,3,26,17,15,4,20.68,18.11,17.85
WA_2019_1,WA,2019,1,4,22,4,16,1,17.63,18.79,17.09
WA_2019_1,WA,2019,1,4,136,3,16,2,15.37,18.79,17.09
WA_2019_1,WA,2019,1,4,115,2,16,3,16.41,18.79,17.09
WA_2019_1,WA,2019,1,4,149,1,16,4,17.98,18.79,17.09
WA_2019_1,WA,2019,1,4,56,8,17,1,19.53,18.79,17.09
WA_2019_1,WA,2019,1,4,202,7,17,2,17.09,18.79,17.09
WA_2019_1,WA,2019,1,4,165,6,17,3,17.41,18.79,17.09
WA_2019_1,WA,2019,1,4,53,5,17,4,20.22,18.79,17.09
WA_2019_1,WA,2019,1,4,94,12,18,1,19.67,18.79,17.09
WA_2019_1,WA,2019,1,4,89,11,18,2,17.32,18.79,17.09
WA_2019_1,WA,2019,1,4,131,10,18,3,17.63,18.79,17.09
WA_2019_1,WA,2019,1,4,73,9,18,4,21.99,18.79,17.09
WA_2019_1,WA,2019,1,4,196,16,19,1,15.42,18.79,17.09
WA_2019_1,WA,2019,1,4,68,15,19,2,16.75,18.79,17.09
WA_2019_1,WA,2019,1,4,190,14,19,3,18.05,18.79,17.09
WA_2019_1,WA,2019,1,4,201,13,19,4,18.79,18.79,17.09
WA_2019_1,WA,2019,1,4,179,20,20,1,17.65,18.79,17.09
WA_2019_1,WA,2019,1,4,61,19,20,2,19.03,18.79,17.09
WA_2019_1,WA,2019,1,4,120,18,20,3,16.82,18.79,17.09
WA_2019_1,WA,2019,1,4,100,17,20,4,16.47,18.79,17.09
WA_2019_1,WA,2019,1,5,103,4,21,1,17.9,18.59,17.43
WA_2019_1,WA,2019,1,5,128,3,21,2,16.96,18.59,17.43
WA_2019_1,WA,2019,1,5,174,2,21,3,16.03,18.59,17.43
WA_2019_1,WA,2019,1,5,124,1,21,4,13.97,18.59,17.43
WA_2019_1,WA,2019,1,5,201,8,22,1,18.59,18.59,17.43
WA_2019_1,WA,2019,1,5,14,7,22,2,17.86,18.59,17.43
WA_2019_1,WA,2019,1,5,108,6,22,3,18.39,18.59,17.43
WA_2019_1,WA,2019,1,5,181,5,22,4,17.5,18.59,17.43
WA_2019_1,WA,2019,1,5,23,12,23,1,15.74,18.59,17.43
WA_2019_1,WA,2019,1,5,172,11,23,2,15.38,18.59,17.43
WA_2019_1,WA,2019,1,5,17,10,23,3,16.7,18.59,17.43
WA_2019_1,WA,2019,1,5,127,9,23,4,17.76,18.59,17.43
WA_2019_1,WA,2019,1,5,138,16,24,1,16.14,18.59,17.43
WA_2019_1,WA,2019,1,5,67,15,24,2,16.34,18.59,17.43
WA_2019_1,WA,2019,1,5,202,14,24,3,17.43,18.59,17.43
WA_2019_1,WA,2019,1,5,99,13,24,4,17.41,18.59,17.43
WA_2019_1,WA,2019,1,5,106,20,25,1,17.9,18.59,17.43
WA_2019_1,WA,2019,1,5,161,19,25,2,18.74,18.59,17.43
WA_2019_1,WA,2019,1,5,87,18,25,3,18.18,18.59,17.43
WA_2019_1,WA,2019,1,5,130,17,25,4,18.7,18.59,17.43
WA_2019_1,WA,2019,1,6,202,4,26,1,17.33,17.88,17.33
WA_2019_1,WA,2019,1,6,19,3,26,2,16.21,17.88,17.33
WA_2019_1,WA,2019,1,6,151,2,26,3,17.04,17.88,17.33
WA_2019_1,WA,2019,1,6,188,1,26,4,17.86,17.88,17.33
WA_2019_1,WA,2019,1,6,176,8,27,1,15.82,17.88,17.33
WA_2019_1,WA,2019,1,6,80,7,27,2,17.86,17.88,17.33
WA_2019_1,WA,2019,1,6,5,6,27,3,12.27,17.88,17.33
WA_2019_1,WA,2019,1,6,154,5,27,4,16.18,17.88,17.33
WA_2019_1,WA,2019,1,6,79,12,28,1,11.51,17.88,17.33
WA_2019_1,WA,2019,1,6,118,11,28,2,16.58,17.88,17.33
WA_2019_1,WA,2019,1,6,117,10,28,3,16.9,17.88,17.33
WA_2019_1,WA,2019,1,6,183,9,28,4,18.55,17.88,17.33
WA_2019_1,WA,2019,1,6,25,16,29,1,16.71,17.88,17.33
WA_2019_1,WA,2019,1,6,113,15,29,2,17.43,17.88,17.33
WA_2019_1,WA,2019,1,6,46,14,29,3,15.06,17.88,17.33
WA_2019_1,WA,2019,1,6,201,13,29,4,17.88,17.88,17.33
WA_2019_1,WA,2019,1,6,171,20,30,1,16.64,17.88,17.33
WA_2019_1,WA,2019,1,6,95,19,30,2,17.04,17.88,17.33
WA_2019_1,WA,2019,1,6,41,18,30,3,19.59,17.88,17.33
WA_2019_1,WA,2019,1,6,71,17,30,4,17.73,17.88,17.33
WA_2019_1,WA,2019,1,7,143,4,31,1,16.34,16.91,12.68
WA_2019_1,WA,2019,1,7,150,3,31,2,16.91,16.91,12.68
WA_2019_1,WA,2019,1,7,202,2,31,3,12.68,16.91,12.68
WA_2019_1,WA,2019,1,7,38,1,31,4,18.58,16.91,12.68
WA_2019_1,WA,2019,1,7,54,8,32,1,18.12,16.91,12.68
WA_2019_1,WA,2019,1,7,135,7,32,2,16.31,16.91,12.68
WA_2019_1,WA,2019,1,7,11,6,32,3,14.84,16.91,12.68
WA_2019_1,WA,2019,1,7,72,5,32,4,13.27,16.91,12.68
WA_2019_1,WA,2019,1,7,163,12,33,1,17.28,16.91,12.68
WA_2019_1,WA,2019,1,7,64,11,33,2,16.99,16.91,12.68
WA_2019_1,WA,2019,1,7,45,10,33,3,18.8,16.91,12.68
WA_2019_1,WA,2019,1,7,27,9,33,4,16.83,16.91,12.68
WA_2019_1,WA,2019,1,7,192,16,34,1,8.35,16.91,12.68
WA_2019_1,WA,2019,1,7,201,15,34,2,16.91,16.91,12.68
WA_2019_1,WA,2019,1,7,51,14,34,3,18.45,16.91,12.68
WA_2019_1,WA,2019,1,7,8,13,34,4,10.67,16.91,12.68
WA_2019_1,WA,2019,1,7,70,20,35,1,18.8,16.91,12.68
WA_2019_1,WA,2019,1,7,74,19,35,2,15.3,16.91,12.68
WA_2019_1,WA,2019,1,7,129,18,35,3,16.03,16.91,12.68
WA_2019_1,WA,2019,1,7,18,17,35,4,17.38,16.91,12.68
WA_2019_1,WA,2019,1,8,98,4,36,1,16.14,18.76,17.59
WA_2019_1,WA,2019,1,8,93,3,36,2,16.72,18.76,17.59
WA_2019_1,WA,2019,1,8,112,2,36,3,17.02,18.76,17.59
WA_2019_1,WA,2019,1,8,170,1,36,4,18.17,18.76,17.59
WA_2019_1,WA,2019,1,8,193,8,37,1,17.21,18.76,17.59
WA_2019_1,WA,2019,1,8,137,7,37,2,14.82,18.76,17.59
WA_2019_1,WA,2019,1,8,180,6,37,3,18.02,18.76,17.59
WA_2019_1,WA,2019,1,8,44,5,37,4,15.8,18.76,17.59
WA_2019_1,WA,2019,1,8,58,12,38,1,17.3,18.76,17.59
WA_2019_1,WA,2019,1,8,141,11,38,2,17.65,18.76,17.59
WA_2019_1,WA,2019,1,8,169,10,38,3,16.85,18.76,17.59
WA_2019_1,WA,2019,1,8,10,9,38,4,16.33,18.76,17.59
WA_2019_1,WA,2019,1,8,201,16,39,1,18.76,18.76,17.59
WA_2019_1,WA,2019,1,8,47,15,39,2,15.44,18.76,17.59
WA_2019_1,WA,2019,1,8,28,14,39,3,14.87,18.76,17.59
WA_2019_1,WA,2019,1,8,75,13,39,4,15.49,18.76,17.59
WA_2019_1,WA,2019,1,8,194,20,40,1,18.51,18.76,17.59
WA_2019_1,WA,2019,1,8,42,19,40,2,17.08,18.76,17.59
WA_2019_1,WA,2019,1,8,48,18,40,3,17.76,18.76,17.59
WA_2019_1,WA,2019,1,8,202,17,40,4,17.59,18.76,17.59
WA_2019_1,WA,2019,1,9,110,4,41,1,17.43,16.83,18.73
WA_2019_1,WA,2019,1,9,63,3,41,2,17.24,16.83,18.73
WA_2019_1,WA,2019,1,9,31,2,41,3,15.45,16.83,18.73
WA_2019_1,WA,2019,1,9,97,1,41,4,15.08,16.83,18.73
WA_2019_1,WA,2019,1,9,55,8,42,1,20.25,16.83,18.73
WA_2019_1,WA,2019,1,9,201,7,42,2,16.83,16.83,18.73
WA_2019_1,WA,2019,1,9,16,6,42,3,17.45,16.83,18.73
WA_2019_1,WA,2019,1,9,184,5,42,4,16.98,16.83,18.73
WA_2019_1,WA,2019,1,9,7,12,43,1,17.49,16.83,18.73
WA_2019_1,WA,2019,1,9,102,11,43,2,15.66,16.83,18.73
WA_2019_1,WA,2019,1,9,202,10,43,3,18.73,16.83,18.73
WA_2019_1,WA,2019,1,9,4,9,43,4,14.06,16.83,18.73
WA_2019_1,WA,2019,1,9,155,16,44,1,17.25,16.83,18.73
WA_2019_1,WA,2019,1,9,173,15,44,2,15.48,16.83,18.73
WA_2019_1,WA,2019,1,9,122,14,44,3,17.24,16.83,18.73
WA_2019_1,WA,2019,1,9,132,13,44,4,15.46,16.83,18.73
WA_2019_1,WA,2019,1,9,187,20,45,1,17.87,16.83,18.73
WA_2019_1,WA,2019,1,9,175,19,45,2,15.53,16.83,18.73
WA_2019_1,WA,2019,1,9,20,18,45,3,16.73,16.83,18.73
WA_2019_1,WA,2019,1,9,86,17,45,4,16.45,16.83,18.73
WA_2019_1,WA,2019,1,10,96,4,46,1,17.46,15.54,18.15
WA_2019_1,WA,2019,1,10,198,3,46,2,18.01,15.54,18.15
WA_2019_1,WA,2019,1,10,92,2,46,3,18.14,15.54,18.15
WA_2019_1,WA,2019,1,10,49,1,46,4,18.61,15.54,18.15
WA_2019_1,WA,2019,1,10,101,8,47,1,17.28,15.54,18.15
WA_2019_1,WA,2019,1,10,166,7,47,2,18.96,15.54,18.15
WA_2019_1,WA,2019,1,10,1,6,47,3,18.32,15.54,18.15
WA_2019_1,WA,2019,1,10,57,5,47,4,14.23,15.54,18.15
WA_2019_1,WA,2019,1,10,142,12,48,1,16.31,15.54,18.15
WA_2019_1,WA,2019,1,10,88,11,48,2,16.45,15.54,18.15
WA_2019_1,WA,2019,1,10,21,10,48,3,14.47,15.54,18.15
WA_2019_1,WA,2019,1,10,178,9,48,4,17.09,15.54,18.15
WA_2019_1,WA,2019,1,10,202,16,49,1,18.15,15.54,18.15
WA_2019_1,WA,2019,1,10,148,15,49,2,20.49,15.54,18.15
WA_2019_1,WA,2019,1,10,15,14,49,3,15.74,15.54,18.15
WA_2019_1,WA,2019,1,10,85,13,49,4,15.26,15.54,18.15
WA_2019_1,WA,2019,1,10,153,20,50,1,17.1,15.54,18.15
WA_2019_1,WA,2019,1,10,201,19,50,2,15.54,15.54,18.15
WA_2019_1,WA,2019,1,10,105,18,50,3,17.28,15.54,18.15
WA_2019_1,WA,2019,1,10,59,17,50,4,16.58,15.54,18.15
WA_2019_1,WA,2019,1,11,152,4,51,1,16.4,13.58,17.39
WA_2019_1,WA,2019,1,11,134,3,51,2,16.97,13.58,17.39
WA_2019_1,WA,2019,1,11,202,2,51,3,17.39,13.58,17.39
WA_2019_1,WA,2019,1,11,167,1,51,4,17.99,13.58,17.39
WA_2019_1,WA,2019,1,11,39,8,52,1,17.47,13.58,17.39
WA_2019_1,WA,2019,1,11,83,7,52,2,16.72,13.58,17.39
WA_2019_1,WA,2019,1,11,109,6,52,3,16.95,13.58,17.39
WA_2019_1,WA,2019,1,11,2,5,52,4,17.39,13.58,17.39
WA_2019_1,WA,2019,1,11,160,12,53,1,20.44,13.58,17.39
WA_2019_1,WA,2019,1,11,168,11,53,2,17.85,13.58,17.39
WA_2019_1,WA,2019,1,11,147,10,53,3,16.86,13.58,17.39
WA_2019_1,WA,2019,1,11,9,9,53,4,15.72,13.58,17.39
WA_2019_1,WA,2019,1,11,81,16,54,1,18.2,13.58,17.39
WA_2019_1,WA,2019,1,11,62,15,54,2,16.63,13.58,17.39
WA_2019_1,WA,2019,1,11,157,14,54,3,17.05,13.58,17.39
WA_2019_1,WA,2019,1,11,60,13,54,4,17.62,13.58,17.39
WA_2019_1,WA,2019,1,11,144,20,55,1,18.88,13.58,17.39
WA_2019_1,WA,2019,1,11,30,19,55,2,17.12,13.58,17.39
WA_2019_1,WA,2019,1,11,65,18,55,3,22.1,13.58,17.39
WA_2019_1,WA,2019,1,11,201,17,55,4,13.58,13.58,17.39
WA_2020_1,WA,2020,1,1,201,4,1,1,17.77197563,17.77197563,18.99813483
WA_2020_1,WA,2020,1,1,162,3,1,2,18.22526685,17.77197563,18.99813483
WA_2020_1,WA,2020,1,1,29,2,1,3,14.95253165,17.77197563,18.99813483
WA_2020_1,WA,2020,1,1,123,1,1,4,18.95833333,17.77197563,18.99813483
WA_2020_1,WA,2020,1,1,139,8,2,1,16.69306303,17.77197563,18.99813483
WA_2020_1,WA,2020,1,1,159,7,2,2,18.05803571,17.77197563,18.99813483
WA_2020_1,WA,2020,1,1,191,6,2,3,19.59331652,17.77197563,18.99813483
WA_2020_1,WA,2020,1,1,126,5,2,4,16.47117544,17.77197563,18.99813483
WA_2020_1,WA,2020,1,1,84,12,3,1,16.75569801,17.77197563,18.99813483
WA_2020_1,WA,2020,1,1,121,11,3,2,18.26884723,17.77197563,18.99813483
WA_2020_1,WA,2020,1,1,69,10,3,3,15.78185328,17.77197563,18.99813483
WA_2020_1,WA,2020,1,1,77,9,3,4,17.31123389,17.77197563,18.99813483
WA_2020_1,WA,2020,1,1,32,16,4,1,17.5330183,17.77197563,18.99813483
WA_2020_1,WA,2020,1,1,202,15,4,2,18.99813483,17.77197563,18.99813483
WA_2020_1,WA,2020,1,1,125,14,4,3,13.63224638,17.77197563,18.99813483
WA_2020_1,WA,2020,1,1,133,13,4,4,17.66061654,17.77197563,18.99813483
WA_2020_1,WA,2020,1,1,164,20,5,1,18.10051107,17.77197563,18.99813483
WA_2020_1,WA,2020,1,1,116,19,5,2,18.66965925,17.77197563,18.99813483
WA_2020_1,WA,2020,1,1,13,18,5,3,17.7278402,17.77197563,18.99813483
WA_2020_1,WA,2020,1,1,37,17,5,4,17.5024777,17.77197563,18.99813483
WA_2020_1,WA,2020,1,2,24,4,6,1,17.16757074,19.53535128,19.15881651
WA_2020_1,WA,2020,1,2,43,3,6,2,16.94194194,19.53535128,19.15881651
WA_2020_1,WA,2020,1,2,146,2,6,3,18.60947217,19.53535128,19.15881651
WA_2020_1,WA,2020,1,2,35,1,6,4,18.52021009,19.53535128,19.15881651
WA_2020_1,WA,2020,1,2,107,8,7,1,19.37869822,19.53535128,19.15881651
WA_2020_1,WA,2020,1,2,76,7,7,2,19.0702991,19.53535128,19.15881651
WA_2020_1,WA,2020,1,2,104,6,7,3,18.17437577,19.53535128,19.15881651
WA_2020_1,WA,2020,1,2,202,5,7,4,19.15881651,19.53535128,19.15881651
WA_2020_1,WA,2020,1,2,3,12,8,1,19.20410009,19.53535128,19.15881651
WA_2020_1,WA,2020,1,2,78,11,8,2,16.22244159,19.53535128,19.15881651
WA_2020_1,WA,2020,1,2,195,10,8,3,18.8338301,19.53535128,19.15881651
WA_2020_1,WA,2020,1,2,158,9,8,4,19.38904899,19.53535128,19.15881651
WA_2020_1,WA,2020,1,2,156,16,9,1,18.52281965,19.53535128,19.15881651
WA_2020_1,WA,2020,1,2,34,15,9,2,18.5493011,19.53535128,19.15881651
WA_2020_1,WA,2020,1,2,201,14,9,3,19.53535128,19.53535128,19.15881651
WA_2020_1,WA,2020,1,2,82,13,9,4,17.90520772,19.53535128,19.15881651
WA_2020_1,WA,2020,1,2,140,20,10,1,19.6323817,19.53535128,19.15881651
WA_2020_1,WA,2020,1,2,90,19,10,2,17.30903994,19.53535128,19.15881651
WA_2020_1,WA,2020,1,2,52,18,10,3,16.76933607,19.53535128,19.15881651
WA_2020_1,WA,2020,1,2,6,17,10,4,18.90537289,19.53535128,19.15881651
WA_2020_1,WA,2020,1,3,177,4,11,1,17.42173581,19.15976159,18.89723013
WA_2020_1,WA,2020,1,3,40,3,11,2,19.26163724,19.15976159,18.89723013
WA_2020_1,WA,2020,1,3,201,2,11,3,19.15976159,19.15976159,18.89723013
WA_2020_1,WA,2020,1,3,91,1,11,4,17.55259354,19.15976159,18.89723013
WA_2020_1,WA,2020,1,3,186,8,12,1,18.12734082,19.15976159,18.89723013
WA_2020_1,WA,2020,1,3,145,7,12,2,18.90112672,19.15976159,18.89723013
WA_2020_1,WA,2020,1,3,189,6,12,3,19.21712693,19.15976159,18.89723013
WA_2020_1,WA,2020,1,3,119,5,12,4,18.4976355,19.15976159,18.89723013
WA_2020_1,WA,2020,1,3,202,12,13,1,18.89723013,19.15976159,18.89723013
WA_2020_1,WA,2020,1,3,111,11,13,2,18.24175824,19.15976159,18.89723013
WA_2020_1,WA,2020,1,3,50,10,13,3,16.9917059,19.15976159,18.89723013
WA_2020_1,WA,2020,1,3,114,9,13,4,20.22088125,19.15976159,18.89723013
WA_2020_1,WA,2020,1,3,185,16,14,1,18.49808061,19.15976159,18.89723013
WA_2020_1,WA,2020,1,3,197,15,14,2,18.37788018,19.15976159,18.89723013
WA_2020_1,WA,2020,1,3,12,14,14,3,18.35539715,19.15976159,18.89723013
WA_2020_1,WA,2020,1,3,66,13,14,4,18.98795181,19.15976159,18.89723013
WA_2020_1,WA,2020,1,3,36,20,15,1,16.3168585,19.15976159,18.89723013
WA_2020_1,WA,2020,1,3,33,19,15,2,16.85682738,19.15976159,18.89723013
WA_2020_1,WA,2020,1,3,182,18,15,3,19.66662359,19.15976159,18.89723013
WA_2020_1,WA,2020,1,3,26,17,15,4,20.10730399,19.15976159,18.89723013
WA_2020_1,WA,2020,1,4,22,4,16,1,19.3462751,18.29189884,18.22529765
WA_2020_1,WA,2020,1,4,136,3,16,2,17.0718232,18.29189884,18.22529765
WA_2020_1,WA,2020,1,4,115,2,16,3,17.66348615,18.29189884,18.22529765
WA_2020_1,WA,2020,1,4,149,1,16,4,17.19686491,18.29189884,18.22529765
WA_2020_1,WA,2020,1,4,56,8,17,1,19.01019541,18.29189884,18.22529765
WA_2020_1,WA,2020,1,4,202,7,17,2,18.22529765,18.29189884,18.22529765
WA_2020_1,WA,2020,1,4,165,6,17,3,18.01216188,18.29189884,18.22529765
WA_2020_1,WA,2020,1,4,53,5,17,4,20.10074948,18.29189884,18.22529765
WA_2020_1,WA,2020,1,4,94,12,18,1,18.44547564,18.29189884,18.22529765
WA_2020_1,WA,2020,1,4,89,11,18,2,19.61973279,18.29189884,18.22529765
WA_2020_1,WA,2020,1,4,131,10,18,3,20.04110997,18.29189884,18.22529765
WA_2020_1,WA,2020,1,4,73,9,18,4,20.10043242,18.29189884,18.22529765
WA_2020_1,WA,2020,1,4,196,16,19,1,17.15195632,18.29189884,18.22529765
WA_2020_1,WA,2020,1,4,68,15,19,2,17.6078257,18.29189884,18.22529765
WA_2020_1,WA,2020,1,4,190,14,19,3,18.1680545,18.29189884,18.22529765
WA_2020_1,WA,2020,1,4,201,13,19,4,18.29189884,18.29189884,18.22529765
WA_2020_1,WA,2020,1,4,179,20,20,1,18.64514087,18.29189884,18.22529765
WA_2020_1,WA,2020,1,4,61,19,20,2,18.17180617,18.29189884,18.22529765
WA_2020_1,WA,2020,1,4,120,18,20,3,18.18502825,18.29189884,18.22529765
WA_2020_1,WA,2020,1,4,100,17,20,4,18.02337503,18.29189884,18.22529765
WA_2020_1,WA,2020,1,5,103,4,21,1,19.0996709,19.15730337,18.60367893
WA_2020_1,WA,2020,1,5,128,3,21,2,19.10093858,19.15730337,18.60367893
WA_2020_1,WA,2020,1,5,174,2,21,3,17.01359644,19.15730337,18.60367893
WA_2020_1,WA,2020,1,5,124,1,21,4,18.78845244,19.15730337,18.60367893
WA_2020_1,WA,2020,1,5,201,8,22,1,19.15730337,19.15730337,18.60367893
WA_2020_1,WA,2020,1,5,14,7,22,2,19.72685888,19.15730337,18.60367893
WA_2020_1,WA,2020,1,5,108,6,22,3,18.31010153,19.15730337,18.60367893
WA_2020_1,WA,2020,1,5,181,5,22,4,19.31304968,19.15730337,18.60367893
WA_2020_1,WA,2020,1,5,23,12,23,1,17.46778126,19.15730337,18.60367893
WA_2020_1,WA,2020,1,5,172,11,23,2,17.6593998,19.15730337,18.60367893
WA_2020_1,WA,2020,1,5,17,10,23,3,20.09882053,19.15730337,18.60367893
WA_2020_1,WA,2020,1,5,127,9,23,4,16.94552269,19.15730337,18.60367893
WA_2020_1,WA,2020,1,5,138,16,24,1,17.26365238,19.15730337,18.60367893
WA_2020_1,WA,2020,1,5,67,15,24,2,18.79795396,19.15730337,18.60367893
WA_2020_1,WA,2020,1,5,202,14,24,3,18.60367893,19.15730337,18.60367893
WA_2020_1,WA,2020,1,5,99,13,24,4,17.60964178,19.15730337,18.60367893
WA_2020_1,WA,2020,1,5,106,20,25,1,19.21017403,19.15730337,18.60367893
WA_2020_1,WA,2020,1,5,161,19,25,2,18.36712329,19.15730337,18.60367893
WA_2020_1,WA,2020,1,5,87,18,25,3,20.23408925,19.15730337,18.60367893
WA_2020_1,WA,2020,1,5,130,17,25,4,18.60047847,19.15730337,18.60367893
WA_2020_1,WA,2020,1,6,202,4,26,1,19.62003454,17.79873004,19.62003454
WA_2020_1,WA,2020,1,6,19,3,26,2,17.72626932,17.79873004,19.62003454
WA_2020_1,WA,2020,1,6,151,2,26,3,18.75696767,17.79873004,19.62003454
WA_2020_1,WA,2020,1,6,188,1,26,4,19.21341979,17.79873004,19.62003454
WA_2020_1,WA,2020,1,6,176,8,27,1,18.06864456,17.79873004,19.62003454
WA_2020_1,WA,2020,1,6,80,7,27,2,18.33785005,17.79873004,19.62003454
WA_2020_1,WA,2020,1,6,5,6,27,3,19.28559987,17.79873004,19.62003454
WA_2020_1,WA,2020,1,6,154,5,27,4,18.40320592,17.79873004,19.62003454
WA_2020_1,WA,2020,1,6,79,12,28,1,17.2458845,17.79873004,19.62003454
WA_2020_1,WA,2020,1,6,118,11,28,2,18.28422877,17.79873004,19.62003454
WA_2020_1,WA,2020,1,6,117,10,28,3,19.29796696,17.79873004,19.62003454
WA_2020_1,WA,2020,1,6,183,9,28,4,19.28609483,17.79873004,19.62003454
WA_2020_1,WA,2020,1,6,25,16,29,1,18.46838136,17.79873004,19.62003454
WA_2020_1,WA,2020,1,6,113,15,29,2,17.98672566,17.79873004,19.62003454
WA_2020_1,WA,2020,1,6,46,14,29,3,16.61129568,17.79873004,19.62003454
WA_2020_1,WA,2020,1,6,201,13,29,4,17.79873004,17.79873004,19.62003454
WA_2020_1,WA,2020,1,6,171,20,30,1,17.63215479,17.79873004,19.62003454
WA_2020_1,WA,2020,1,6,95,19,30,2,18.16797215,17.79873004,19.62003454
WA_2020_1,WA,2020,1,6,41,18,30,3,18.34458468,17.79873004,19.62003454
WA_2020_1,WA,2020,1,6,71,17,30,4,20.02379536,17.79873004,19.62003454
WA_2020_1,WA,2020,1,7,143,4,31,1,17.19910205,19.33309684,17.931236
WA_2020_1,WA,2020,1,7,150,3,31,2,16.61318193,19.33309684,17.931236
WA_2020_1,WA,2020,1,7,202,2,31,3,17.931236,19.33309684,17.931236
WA_2020_1,WA,2020,1,7,38,1,31,4,17.40224545,19.33309684,17.931236
WA_2020_1,WA,2020,1,7,54,8,32,1,20.2202362,19.33309684,17.931236
WA_2020_1,WA,2020,1,7,135,7,32,2,16.34615385,19.33309684,17.931236
WA_2020_1,WA,2020,1,7,11,6,32,3,18.69761444,19.33309684,17.931236
WA_2020_1,WA,2020,1,7,72,5,32,4,17.89608724,19.33309684,17.931236
WA_2020_1,WA,2020,1,7,163,12,33,1,18.63576024,19.33309684,17.931236
WA_2020_1,WA,2020,1,7,64,11,33,2,18.97983393,19.33309684,17.931236
WA_2020_1,WA,2020,1,7,45,10,33,3,18.87373515,19.33309684,17.931236
WA_2020_1,WA,2020,1,7,27,9,33,4,18.36448598,19.33309684,17.931236
WA_2020_1,WA,2020,1,7,192,16,34,1,18.38337768,19.33309684,17.931236
WA_2020_1,WA,2020,1,7,201,15,34,2,19.33309684,19.33309684,17.931236
WA_2020_1,WA,2020,1,7,51,14,34,3,19.74601594,19.33309684,17.931236
WA_2020_1,WA,2020,1,7,8,13,34,4,17.41323648,19.33309684,17.931236
WA_2020_1,WA,2020,1,7,70,20,35,1,20.11691447,19.33309684,17.931236
WA_2020_1,WA,2020,1,7,74,19,35,2,16.21359223,19.33309684,17.931236
WA_2020_1,WA,2020,1,7,129,18,35,3,19.79678794,19.33309684,17.931236
WA_2020_1,WA,2020,1,7,18,17,35,4,19.57618567,19.33309684,17.931236
WA_2020_1,WA,2020,1,8,98,4,36,1,18.77441908,19.34026209,19.3579235
WA_2020_1,WA,2020,1,8,93,3,36,2,17.9555704,19.34026209,19.3579235
WA_2020_1,WA,2020,1,8,112,2,36,3,17.51216122,19.34026209,19.3579235
WA_2020_1,WA,2020,1,8,170,1,36,4,18.22184589,19.34026209,19.3579235
WA_2020_1,WA,2020,1,8,193,8,37,1,18.51851852,19.34026209,19.3579235
WA_2020_1,WA,2020,1,8,137,7,37,2,17.8939034,19.34026209,19.3579235
WA_2020_1,WA,2020,1,8,180,6,37,3,20.54390564,19.34026209,19.3579235
WA_2020_1,WA,2020,1,8,44,5,37,4,17.72032902,19.34026209,19.3579235
WA_2020_1,WA,2020,1,8,58,12,38,1,20.06059295,19.34026209,19.3579235
WA_2020_1,WA,2020,1,8,141,11,38,2,17.69981535,19.34026209,19.3579235
WA_2020_1,WA,2020,1,8,169,10,38,3,18.01813998,19.34026209,19.3579235
WA_2020_1,WA,2020,1,8,10,9,38,4,18.25261159,19.34026209,19.3579235
WA_2020_1,WA,2020,1,8,201,16,39,1,19.34026209,19.34026209,19.3579235
WA_2020_1,WA,2020,1,8,47,15,39,2,20.26034713,19.34026209,19.3579235
WA_2020_1,WA,2020,1,8,28,14,39,3,17.88021652,19.34026209,19.3579235
WA_2020_1,WA,2020,1,8,75,13,39,4,14.98962656,19.34026209,19.3579235
WA_2020_1,WA,2020,1,8,194,20,40,1,18.31304348,19.34026209,19.3579235
WA_2020_1,WA,2020,1,8,42,19,40,2,17.83190777,19.34026209,19.3579235
WA_2020_1,WA,2020,1,8,48,18,40,3,21.16182573,19.34026209,19.3579235
WA_2020_1,WA,2020,1,8,202,17,40,4,19.3579235,19.34026209,19.3579235
WA_2020_1,WA,2020,1,9,110,4,41,1,20.58003346,19.76979312,18.87764163
WA_2020_1,WA,2020,1,9,63,3,41,2,19.77214259,19.76979312,18.87764163
WA_2020_1,WA,2020,1,9,31,2,41,3,20.55349903,19.76979312,18.87764163
WA_2020_1,WA,2020,1,9,97,1,41,4,17.43019789,19.76979312,18.87764163
WA_2020_1,WA,2020,1,9,55,8,42,1,21.31527151,19.76979312,18.87764163
WA_2020_1,WA,2020,1,9,201,7,42,2,19.76979312,19.76979312,18.87764163
WA_2020_1,WA,2020,1,9,16,6,42,3,19.06552095,19.76979312,18.87764163
WA_2020_1,WA,2020,1,9,184,5,42,4,19.47593384,19.76979312,18.87764163
WA_2020_1,WA,2020,1,9,7,12,43,1,19.28721174,19.76979312,18.87764163
WA_2020_1,WA,2020,1,9,102,11,43,2,19.39381734,19.76979312,18.87764163
WA_2020_1,WA,2020,1,9,202,10,43,3,18.87764163,19.76979312,18.87764163
WA_2020_1,WA,2020,1,9,4,9,43,4,19.40789474,19.76979312,18.87764163
WA_2020_1,WA,2020,1,9,155,16,44,1,20.26723786,19.76979312,18.87764163
WA_2020_1,WA,2020,1,9,173,15,44,2,17.40403383,19.76979312,18.87764163
WA_2020_1,WA,2020,1,9,122,14,44,3,19.94065282,19.76979312,18.87764163
WA_2020_1,WA,2020,1,9,132,13,44,4,16.93811075,19.76979312,18.87764163
WA_2020_1,WA,2020,1,9,187,20,45,1,20.47628343,19.76979312,18.87764163
WA_2020_1,WA,2020,1,9,175,19,45,2,18.25671007,19.76979312,18.87764163
WA_2020_1,WA,2020,1,9,20,18,45,3,21.12185687,19.76979312,18.87764163
WA_2020_1,WA,2020,1,9,86,17,45,4,19.3111569,19.76979312,18.87764163
WA_2020_1,WA,2020,1,10,96,4,46,1,18.56346343,18.816313,21.03845212
WA_2020_1,WA,2020,1,10,198,3,46,2,19.05106845,18.816313,21.03845212
WA_2020_1,WA,2020,1,10,92,2,46,3,21.04173304,18.816313,21.03845212
WA_2020_1,WA,2020,1,10,49,1,46,4,18.23686123,18.816313,21.03845212
WA_2020_1,WA,2020,1,10,101,8,47,1,19.85054608,18.816313,21.03845212
WA_2020_1,WA,2020,1,10,166,7,47,2,20.01748252,18.816313,21.03845212
WA_2020_1,WA,2020,1,10,1,6,47,3,20.23065834,18.816313,21.03845212
WA_2020_1,WA,2020,1,10,57,5,47,4,19.29993577,18.816313,21.03845212
WA_2020_1,WA,2020,1,10,142,12,48,1,18.8106582,18.816313,21.03845212
WA_2020_1,WA,2020,1,10,88,11,48,2,20.34369472,18.816313,21.03845212
WA_2020_1,WA,2020,1,10,21,10,48,3,19.22234392,18.816313,21.03845212
WA_2020_1,WA,2020,1,10,178,9,48,4,17.383821,18.816313,21.03845212
WA_2020_1,WA,2020,1,10,202,16,49,1,21.03845212,18.816313,21.03845212
WA_2020_1,WA,2020,1,10,148,15,49,2,19.16157782,18.816313,21.03845212
WA_2020_1,WA,2020,1,10,15,14,49,3,18.37431694,18.816313,21.03845212
WA_2020_1,WA,2020,1,10,85,13,49,4,18.02247191,18.816313,21.03845212
WA_2020_1,WA,2020,1,10,153,20,50,1,20.00769527,18.816313,21.03845212
WA_2020_1,WA,2020,1,10,201,19,50,2,18.816313,18.816313,21.03845212
WA_2020_1,WA,2020,1,10,105,18,50,3,19.62258797,18.816313,21.03845212
WA_2020_1,WA,2020,1,10,59,17,50,4,18.51662404,18.816313,21.03845212
WA_2020_1,WA,2020,1,11,152,4,51,1,18.36642599,18.95949003,20.21068104
WA_2020_1,WA,2020,1,11,134,3,51,2,19.2679558,18.95949003,20.21068104
WA_2020_1,WA,2020,1,11,202,2,51,3,20.21068104,18.95949003,20.21068104
WA_2020_1,WA,2020,1,11,167,1,51,4,19.42229774,18.95949003,20.21068104
WA_2020_1,WA,2020,1,11,39,8,52,1,19.62918178,18.95949003,20.21068104
WA_2020_1,WA,2020,1,11,83,7,52,2,21.6623168,18.95949003,20.21068104
WA_2020_1,WA,2020,1,11,109,6,52,3,20.23178808,18.95949003,20.21068104
WA_2020_1,WA,2020,1,11,2,5,52,4,19.93464052,18.95949003,20.21068104
WA_2020_1,WA,2020,1,11,160,12,53,1,21.13199055,18.95949003,20.21068104
WA_2020_1,WA,2020,1,11,168,11,53,2,19.12938696,18.95949003,20.21068104
WA_2020_1,WA,2020,1,11,147,10,53,3,18.97732135,18.95949003,20.21068104
WA_2020_1,WA,2020,1,11,9,9,53,4,18.18934128,18.95949003,20.21068104
WA_2020_1,WA,2020,1,11,81,16,54,1,19.20226678,18.95949003,20.21068104
WA_2020_1,WA,2020,1,11,62,15,54,2,21.05466486,18.95949003,20.21068104
WA_2020_1,WA,2020,1,11,157,14,54,3,19.61226929,18.95949003,20.21068104
WA_2020_1,WA,2020,1,11,60,13,54,4,19.91869919,18.95949003,20.21068104
WA_2020_1,WA,2020,1,11,144,20,55,1,18.67266592,18.95949003,20.21068104
WA_2020_1,WA,2020,1,11,30,19,55,2,17.47061208,18.95949003,20.21068104
WA_2020_1,WA,2020,1,11,65,18,55,3,20.26247476,18.95949003,20.21068104
WA_2020_1,WA,2020,1,11,201,17,55,4,18.95949003,18.95949003,20.21068104
